# This file uses centimeters as units for non-parametric coordinates.

mtllib bussula3.mtl
g default
v -0.077228 1.381756 1.284567
v -0.051492 1.381756 1.277193
v -0.029294 1.381756 1.262227
v -0.012808 1.381756 1.241134
v -0.003646 1.381756 1.215979
v -0.002706 1.381756 1.189224
v -0.010080 1.381756 1.163488
v -0.025045 1.381756 1.141290
v -0.046138 1.381756 1.124804
v -0.071293 1.381756 1.115642
v -0.098048 1.381756 1.114702
v -0.123784 1.381756 1.122075
v -0.145982 1.381756 1.137041
v -0.162469 1.381756 1.158134
v -0.171631 1.381756 1.183289
v -0.172571 1.381756 1.210044
v -0.165197 1.381756 1.235780
v -0.150231 1.381756 1.257978
v -0.129139 1.381756 1.274465
v -0.103983 1.381756 1.283627
v -0.077228 1.959682 1.284567
v -0.051492 1.959682 1.277193
v -0.029294 1.959682 1.262227
v -0.012808 1.959682 1.241134
v -0.003646 1.959682 1.215979
v -0.002706 1.959682 1.189224
v -0.010080 1.959682 1.163488
v -0.025045 1.959682 1.141290
v -0.046138 1.959682 1.124804
v -0.071293 1.959682 1.115642
v -0.098048 1.959682 1.114702
v -0.123784 1.959682 1.122075
v -0.145982 1.959682 1.137041
v -0.162469 1.959682 1.158134
v -0.171631 1.959682 1.183289
v -0.172571 1.959682 1.210044
v -0.165197 1.959682 1.235780
v -0.150231 1.959682 1.257978
v -0.129139 1.959682 1.274465
v -0.103983 1.959682 1.283627
v -0.087638 1.381756 1.199634
v -0.087638 1.959682 1.199634
v 0.815327 2.008369 8.566730
v 3.047690 2.008369 7.927127
v 4.973146 2.008369 6.628990
v 6.403216 2.008369 4.799390
v 7.197917 2.008369 2.617421
v 7.279456 2.008369 0.296669
v 6.639853 2.008369 -1.935694
v 5.341716 2.008369 -3.861149
v 3.512116 2.008369 -5.291219
v 1.330148 2.008369 -6.085919
v -0.990603 2.008369 -6.167459
v -3.222965 2.008369 -5.527856
v -5.148420 2.008369 -4.229719
v -6.578490 2.008369 -2.400120
v -7.373191 2.008369 -0.218152
v -7.454730 2.008369 2.102598
v -6.815127 2.008369 4.334960
v -5.516991 2.008369 6.260415
v -3.687392 2.008369 7.690486
v -1.505424 2.008369 8.485186
v 0.804210 2.083625 8.476029
v 3.009089 2.083625 7.844301
v 4.910839 2.083625 6.562146
v 6.323303 2.083625 4.755071
v 7.108219 2.083625 2.599966
v 7.188755 2.083625 0.307786
v 6.557026 2.083625 -1.897093
v 5.274872 2.083625 -3.798842
v 3.467797 2.083625 -5.211305
v 1.312693 2.083625 -5.996222
v -0.979486 2.083625 -6.076758
v -3.184365 2.083625 -5.445029
v -5.086113 2.083625 -4.162875
v -6.498577 2.083625 -2.355801
v -7.283493 2.083625 -0.200697
v -7.364029 2.083625 2.091481
v -6.732301 2.083625 4.296360
v -5.450147 2.083625 6.198108
v -3.643073 2.083625 7.610572
v -1.487969 2.083625 8.395488
v 0.771132 2.157028 8.206159
v 2.894236 2.157028 7.597860
v 4.725453 2.157028 6.363259
v 6.085531 2.157028 4.623205
v 6.841336 2.157028 2.548030
v 6.918885 2.157028 0.340864
v 6.310586 2.157028 -1.782240
v 5.075985 2.157028 -3.613456
v 3.335932 2.157028 -4.973534
v 1.260757 2.157028 -5.729339
v -0.946409 2.157028 -5.806888
v -3.069512 2.157028 -5.198589
v -4.900728 2.157028 -3.963988
v -6.260805 2.157028 -2.223936
v -7.016610 2.157028 -0.148761
v -7.094159 2.157028 2.058404
v -6.485861 2.157028 4.181507
v -5.251260 2.157028 6.012723
v -3.511208 2.157028 7.372800
v -1.436033 2.157028 8.128606
v 0.716909 2.226769 7.763765
v 2.705959 2.226769 7.193875
v 4.421554 2.226769 6.037225
v 5.695755 2.226769 4.407040
v 6.403839 2.226769 2.462891
v 6.476491 2.226769 0.395086
v 5.906600 2.226769 -1.593963
v 4.749952 2.226769 -3.309556
v 3.119767 2.226769 -4.583758
v 1.175619 2.226769 -5.291841
v -0.892186 2.226769 -5.364494
v -2.881236 2.226769 -4.794604
v -4.596828 2.226769 -3.637956
v -5.871030 2.226769 -2.007771
v -6.579113 2.226769 -0.063623
v -6.651765 2.226769 2.004181
v -6.081875 2.226769 3.993231
v -4.925228 2.226769 5.708823
v -3.295043 2.226769 6.983025
v -1.350895 2.226769 7.691108
v 0.642876 2.291137 7.159740
v 2.448896 2.291137 6.642290
v 4.006622 2.291137 5.592075
v 5.163573 2.291137 4.111898
v 5.806499 2.291137 2.346648
v 5.872466 2.291137 0.469120
v 5.355016 2.291137 -1.336899
v 4.304801 2.291137 -2.894625
v 2.824624 2.291137 -4.051576
v 1.059375 2.291137 -4.694502
v -0.818152 2.291137 -4.760469
v -2.624171 2.291137 -4.243019
v -4.181897 2.291137 -3.192805
v -5.338848 2.291137 -1.712628
v -5.981774 2.291137 0.052621
v -6.047741 2.291137 1.930148
v -5.530291 2.291137 3.736167
v -4.480077 2.291137 5.293892
v -2.999900 2.291137 6.450843
v -1.234651 2.291137 7.093769
v 0.550854 2.348538 6.408957
v 2.129374 2.348538 5.956690
v 3.490876 2.348538 5.038769
v 4.502089 2.348538 3.745046
v 5.064027 2.348538 2.202161
v 5.121684 2.348538 0.561142
v 4.669416 2.348538 -1.017377
v 3.751495 2.348538 -2.378879
v 2.457772 2.348538 -3.390092
v 0.914888 2.348538 -3.952030
v -0.726131 2.348538 -4.009687
v -2.304649 2.348538 -3.557420
v -3.666151 2.348538 -2.639499
v -4.677364 2.348538 -1.345776
v -5.239301 2.348538 0.197108
v -5.296959 2.348538 1.838126
v -4.844691 2.348538 3.416645
v -3.926771 2.348538 4.778147
v -2.633049 2.348538 5.789359
v -1.090164 2.348538 6.351297
v 0.443111 2.397562 5.529905
v 1.755261 2.397562 5.153955
v 2.887016 2.397562 4.390929
v 3.727590 2.397562 3.315518
v 4.194703 2.397562 2.032988
v 4.242631 2.397562 0.668885
v 3.866681 2.397562 -0.643265
v 3.103656 2.397562 -1.775019
v 2.028244 2.397562 -2.615593
v 0.745715 2.397562 -3.082706
v -0.618388 2.397562 -3.130634
v -1.930537 2.397562 -2.754685
v -3.062291 2.397562 -1.991660
v -3.902865 2.397562 -0.916248
v -4.369978 2.397562 0.366280
v -4.417906 2.397562 1.730383
v -4.041957 2.397562 3.042533
v -3.278932 2.397562 4.174287
v -2.203521 2.397562 5.014861
v -0.920992 2.397562 5.481974
v 0.322299 2.437006 4.544226
v 1.335771 2.437006 4.253852
v 2.209910 2.437006 3.664510
v 2.859148 2.437006 2.833889
v 3.219934 2.437006 1.843296
v 3.256953 2.437006 0.789697
v 2.966579 2.437006 -0.223775
v 2.377237 2.437006 -1.097913
v 1.546616 2.437006 -1.747152
v 0.556023 2.437006 -2.107938
v -0.497576 2.437006 -2.144956
v -1.511047 2.437006 -1.854582
v -2.385186 2.437006 -1.265241
v -3.034424 2.437006 -0.434620
v -3.395210 2.437006 0.555973
v -3.432228 2.437006 1.609571
v -3.141855 2.437006 2.623043
v -2.552513 2.437006 3.497181
v -1.721893 2.437006 4.146419
v -0.731300 2.437006 4.507205
v 0.191393 2.465893 3.476192
v 0.881231 2.465893 3.278544
v 1.476230 2.465893 2.877397
v 1.918146 2.465893 2.312020
v 2.163722 2.465893 1.637754
v 2.188919 2.465893 0.920603
v 1.991271 2.465893 0.230765
v 1.590124 2.465893 -0.364234
v 1.024747 2.465893 -0.806150
v 0.350482 2.465893 -1.051726
v -0.366670 2.465893 -1.076923
v -1.056508 2.465893 -0.879275
v -1.651506 2.465893 -0.478128
v -2.093422 2.465893 0.087249
v -2.338998 2.465893 0.761514
v -2.364195 2.465893 1.478665
v -2.166547 2.465893 2.168503
v -1.765401 2.465893 2.763502
v -1.200024 2.465893 3.205418
v -0.525758 2.465893 3.450993
v 0.053617 2.483516 2.352102
v 0.402835 2.483516 2.252046
v 0.704043 2.483516 2.048973
v 0.927755 2.483516 1.762760
v 1.052074 2.483516 1.421425
v 1.064829 2.483516 1.058379
v 0.964773 2.483516 0.709161
v 0.761700 2.483516 0.407953
v 0.475487 2.483516 0.184241
v 0.134152 2.483516 0.059922
v -0.228893 2.483516 0.047167
v -0.578112 2.483516 0.147223
v -0.879319 2.483516 0.350296
v -1.103031 2.483516 0.636508
v -1.227350 2.483516 0.977844
v -1.240105 2.483516 1.340889
v -1.140050 2.483516 1.690107
v -0.936976 2.483516 1.991315
v -0.650764 2.483516 2.215027
v -0.309429 2.483516 2.339346
v -0.087638 2.489439 1.199634
v 0.139828 1.748293 0.722843
v 0.531154 1.748293 -0.414619
v 0.650931 1.748293 -1.927718
v 0.777415 1.748293 -2.558548
v 1.023985 1.748293 -2.812431
v 0.139828 1.834026 0.722843
v 0.531154 1.834026 -0.414619
v 0.650931 1.834026 -1.927718
v 0.777415 1.834026 -2.558548
v 1.023985 1.834026 -2.812431
v 0.012644 1.902340 0.698638
v 0.235232 1.902340 -0.470937
v 0.517320 1.902340 -1.953146
v 0.637602 1.902340 -2.585156
v 0.832949 1.902340 -3.611593
v -0.114540 1.834026 0.674433
v -0.060689 1.834026 -0.527256
v 0.383709 1.834026 -1.978574
v 0.497789 1.834026 -2.611765
v 0.361713 1.834026 -2.938472
v -0.114540 1.748293 0.674433
v -0.060689 1.748293 -0.527256
v 0.383709 1.748293 -1.978574
v 0.497789 1.748293 -2.611765
v 0.361713 1.748293 -2.938472
v 0.012644 1.679980 0.698638
v 0.235232 1.679980 -0.470937
v 0.517320 1.679980 -1.953146
v 0.637602 1.679980 -2.585156
v 0.832949 1.679980 -3.611593
v 0.248501 1.748293 1.294464
v 0.248501 1.834026 1.294464
v -0.088544 1.902340 1.230319
v -0.425589 1.834026 1.166174
v -0.425589 1.748293 1.166174
v -0.088544 1.679980 1.230319
v -0.062547 1.748293 1.786205
v -0.116398 1.748293 2.987894
v -0.560797 1.748293 4.439212
v -0.674876 1.748293 5.072404
v -0.538801 1.748293 5.399110
v -0.062547 1.834026 1.786205
v -0.116398 1.834026 2.987894
v -0.560797 1.834026 4.439212
v -0.674876 1.834026 5.072404
v -0.538801 1.834026 5.399110
v -0.189731 1.902340 1.762000
v -0.412320 1.902340 2.931575
v -0.694407 1.902340 4.413784
v -0.814689 1.902340 5.045795
v -1.010036 1.902340 6.072232
v -0.316915 1.834026 1.737795
v -0.708241 1.834026 2.875257
v -0.828018 1.834026 4.388355
v -0.954502 1.834026 5.019186
v -1.201073 1.834026 5.273070
v -0.316915 1.748293 1.737795
v -0.708241 1.748293 2.875257
v -0.828018 1.748293 4.388355
v -0.954502 1.748293 5.019186
v -1.201073 1.748293 5.273070
v -0.189731 1.679980 1.762000
v -0.412320 1.679980 2.931575
v -0.694407 1.679980 4.413784
v -0.814689 1.679980 5.045795
v -1.010036 1.679980 6.072232
v 0.032353 0.303666 8.159364
v 1.476740 0.303666 7.982331
v 2.852756 0.303666 7.508860
v 4.100263 0.303666 6.759645
v 5.164739 0.303666 5.767432
v 5.999660 0.303666 4.575584
v 6.568537 0.303666 3.236191
v 6.846507 0.303666 1.807790
v 6.821422 0.303666 0.352810
v 6.494378 0.303666 -1.065159
v 5.879667 0.303666 -2.384145
v 5.004158 0.303666 -3.546504
v 3.906112 0.303666 -4.501433
v 2.633520 0.303666 -5.207199
v 1.242001 0.303666 -5.632954
v -0.207630 0.303666 -5.760093
v -1.652017 0.303666 -5.583058
v -3.028032 0.303666 -5.109588
v -4.275539 0.303666 -4.360373
v -5.340013 0.303666 -3.368160
v -6.174934 0.303666 -2.176312
v -6.743810 0.303666 -0.836920
v -7.021780 0.303666 0.591480
v -6.996695 0.303666 2.046458
v -6.669651 0.303666 3.464427
v -6.054940 0.303666 4.783413
v -5.179431 0.303666 5.945771
v -4.081386 0.303666 6.900699
v -2.808795 0.303666 7.606464
v -1.417276 0.303666 8.032221
v 0.062069 0.764451 9.882952
v 1.864161 0.764451 9.662075
v 3.580949 0.764451 9.071350
v 5.137403 0.764451 8.136591
v 6.465498 0.764451 6.898654
v 7.507188 0.764451 5.411643
v 8.216948 0.764451 3.740547
v 8.563758 0.764451 1.958401
v 8.532462 0.764451 0.143094
v 8.124425 0.764451 -1.626039
v 7.357480 0.764451 -3.271674
v 6.265149 0.764451 -4.721893
v 4.895170 0.764451 -5.913312
v 3.307418 0.764451 -6.793860
v 1.571288 0.764451 -7.325056
v -0.237347 0.764451 -7.483679
v -2.039438 0.764451 -7.262802
v -3.756226 0.764451 -6.672076
v -5.312679 0.764451 -5.737317
v -6.640773 0.764451 -4.499382
v -7.682462 0.764451 -3.012370
v -8.392223 0.764451 -1.341276
v -8.739032 0.764451 0.440869
v -8.707734 0.764451 2.256176
v -8.299698 0.764451 4.025307
v -7.532753 0.764451 5.670942
v -6.440422 0.764451 7.121160
v -5.070445 0.764451 8.312578
v -3.482694 0.764451 9.193125
v -1.746564 0.764451 9.724322
v 0.066955 1.266466 10.166347
v 1.927861 1.266466 9.938263
v 3.700680 1.266466 9.328257
v 5.307932 1.266466 8.362991
v 6.679371 1.266466 7.084652
v 7.755060 1.266466 5.549109
v 8.487984 1.266466 3.823474
v 8.846113 1.266466 1.983164
v 8.813794 1.266466 0.108611
v 8.392440 1.266466 -1.718259
v 7.600465 1.266466 -3.417603
v 6.472483 1.266466 -4.915152
v 5.057792 1.266466 -6.145455
v 3.418222 1.266466 -7.054742
v 1.625430 1.266466 -7.603274
v -0.242233 1.266466 -7.767075
v -2.103139 1.266466 -7.538989
v -3.875957 1.266466 -6.928983
v -5.483207 1.266466 -5.963717
v -6.854646 1.266466 -4.685379
v -7.930334 1.266466 -3.149837
v -8.663257 1.266466 -1.424203
v -9.021386 1.266466 0.416105
v -8.989066 1.266466 2.290658
v -8.567712 1.266466 4.117527
v -7.775738 1.266466 5.816871
v -6.647756 1.266466 7.314418
v -5.233067 1.266466 8.544721
v -3.593497 1.266466 9.454007
v -1.800706 1.266466 10.002540
v 0.060518 1.801067 9.793003
v 1.843942 1.801067 9.574415
v 3.542947 1.801067 8.989808
v 5.083278 1.801067 8.064732
v 6.397615 1.801067 6.839619
v 7.428515 1.801067 5.368011
v 8.130922 1.801067 3.714226
v 8.474140 1.801067 1.950541
v 8.443168 1.801067 0.154038
v 8.039357 1.801067 -1.596768
v 7.280357 1.801067 -3.225358
v 6.199341 1.801067 -4.660552
v 4.843554 1.801067 -5.839629
v 3.272250 1.801067 -6.711056
v 1.554103 1.801067 -7.236749
v -0.235796 1.801067 -7.393731
v -2.019219 1.801067 -7.175142
v -3.718223 1.801067 -6.590534
v -5.258553 1.801067 -5.665459
v -6.572889 1.801067 -4.440347
v -7.603789 1.801067 -2.968739
v -8.306196 1.801067 -1.314955
v -8.649414 1.801067 0.448729
v -8.618439 1.801067 2.245231
v -8.214629 1.801067 3.996036
v -7.455629 1.801067 5.624624
v -6.374614 1.801067 7.059819
v -5.018828 1.801067 8.238896
v -3.447525 1.801067 9.110323
v -1.729379 1.801067 9.636015
v 0.042552 2.228447 8.750886
v 1.609700 2.228447 8.558807
v 3.102667 2.228447 8.045095
v 4.456202 2.228447 7.232202
v 5.611150 2.228447 6.155659
v 6.517033 2.228447 4.862513
v 7.134261 2.228447 3.409282
v 7.435856 2.228447 1.859479
v 7.408639 2.228447 0.280837
v 7.053798 2.228447 -1.257649
v 6.386842 2.228447 -2.688739
v 5.436921 2.228447 -3.949889
v 4.245549 2.228447 -4.985980
v 2.864798 2.228447 -5.751730
v 1.355010 2.228447 -6.213671
v -0.217828 2.228447 -6.351615
v -1.784977 2.228447 -6.159534
v -3.277943 2.228447 -5.645823
v -4.631477 2.228447 -4.832931
v -5.786425 2.228447 -3.756387
v -6.692306 2.228447 -2.463242
v -7.309534 2.228447 -1.010012
v -7.611129 2.228447 0.539791
v -7.583911 2.228447 2.118432
v -7.229071 2.228447 3.656917
v -6.562115 2.228447 5.088006
v -5.612194 2.228447 6.349155
v -4.420823 2.228447 7.385246
v -3.040072 2.228447 8.150994
v -1.530285 2.228447 8.612937
v -0.087638 0.303648 1.199634
v 0.036807 2.223863 8.417720
v 1.534812 2.223863 8.234113
v 2.961908 2.223863 7.743067
v 4.255724 2.223863 6.966041
v 5.359714 2.223863 5.936994
v 6.225630 2.223863 4.700903
v 6.815624 2.223863 3.311790
v 7.103913 2.223863 1.830365
v 7.077897 2.223863 0.321375
v 6.738711 2.223863 -1.149231
v 6.101182 2.223863 -2.517180
v 5.193172 2.223863 -3.722688
v 4.054366 2.223863 -4.713065
v 2.734533 2.223863 -5.445029
v 1.291359 2.223863 -5.886589
v -0.212084 2.223863 -6.018447
v -1.710088 2.223863 -5.834841
v -3.137184 2.223863 -5.343795
v -4.430999 2.223863 -4.566768
v -5.534989 2.223863 -3.537723
v -6.400902 2.223863 -2.301633
v -6.990897 2.223863 -0.912520
v -7.279185 2.223863 0.568904
v -7.253168 2.223863 2.077894
v -6.913984 2.223863 3.548499
v -6.276455 2.223863 4.916448
v -5.368445 2.223863 6.121953
v -4.229639 2.223863 7.112331
v -2.909808 2.223863 7.844294
v -1.466634 2.223863 8.285855
v 0.023779 1.480134 7.662012
v 1.364948 1.480134 7.497628
v -0.087639 1.478022 1.199634
v 2.642632 1.480134 7.057993
v 3.800989 1.480134 6.362319
v 4.789396 1.480134 5.441010
v 5.564653 1.480134 4.334333
v 6.092877 1.480134 3.090655
v 6.350983 1.480134 1.764330
v 6.327689 1.480134 0.413325
v 6.024014 1.480134 -0.903314
v 5.453236 1.480134 -2.128043
v 4.640293 1.480134 -3.207337
v 3.620713 1.480134 -4.094026
v 2.439062 1.480134 -4.749356
v 1.146983 1.480134 -5.144687
v -0.199055 1.480134 -5.262740
v -1.540224 1.480134 -5.098357
v -2.817910 1.480134 -4.658722
v -3.976268 1.480134 -3.963048
v -4.964669 1.480134 -3.041739
v -5.739925 1.480134 -1.935062
v -6.268150 1.480134 -0.691385
v -6.526256 1.480134 0.634939
v -6.502963 1.480134 1.985943
v -6.199290 1.480134 3.302582
v -5.628509 1.480134 4.527311
v -4.815567 1.480134 5.606604
v -3.795990 1.480134 6.493292
v -2.614337 1.480134 7.148622
v -1.322258 1.480134 7.543953
v -0.230446 0.567268 -7.083461
v 1.494827 0.567268 -6.932147
v 3.150938 0.567268 -6.425436
v 4.665510 0.567268 -5.585471
v 5.972345 0.567268 -4.448966
v 7.014330 0.567268 -3.065590
v 7.745926 0.567268 -1.495802
v 8.135157 0.567268 0.191791
v 8.165012 0.567268 1.923429
v 7.834186 0.567268 3.623435
v 7.157138 0.567268 5.217509
v 6.163460 0.567268 6.635983
v 4.896578 0.567268 7.816863
v 3.411862 0.567268 8.708538
v 1.774201 0.567268 9.272038
v 0.055169 0.567268 9.482733
v -1.670102 0.567268 9.331412
v -3.326213 0.567268 8.824701
v -4.840784 0.567268 7.984738
v -6.147618 0.567268 6.848232
v -7.189603 0.567268 5.464855
v -7.921199 0.567268 3.895070
v -8.310428 0.567268 2.207479
v -8.340285 0.567268 0.475841
v -8.009459 0.567268 -1.224164
v -7.332412 0.567268 -2.818237
v -6.338734 0.567268 -4.236711
v -5.071854 0.567268 -5.417590
v -3.587138 0.567268 -6.309265
v -1.949478 0.567268 -6.872763
v -0.224777 0.371635 -6.754606
v 1.432000 0.371635 -6.609299
v 3.022361 0.371635 -6.122705
v 4.476800 0.371635 -5.316089
v 5.731751 0.371635 -4.224706
v 6.732368 0.371635 -2.896251
v 7.434917 0.371635 -1.388787
v 7.808696 0.371635 0.231804
v 7.837365 0.371635 1.894693
v 7.519674 0.371635 3.527205
v 6.869507 0.371635 5.057991
v 5.915278 0.371635 6.420149
v 4.698695 0.371635 7.554145
v 3.272924 0.371635 8.410418
v 1.700282 0.371635 8.951546
v 0.049500 0.371635 9.153877
v -1.607275 0.371635 9.008565
v -3.197635 0.371635 8.521970
v -4.652074 0.371635 7.715355
v -5.907024 0.371635 6.623972
v -6.907640 0.371635 5.295519
v -7.610190 0.371635 3.788055
v -7.983967 0.371635 2.167466
v -8.012637 0.371635 0.504577
v -7.694947 0.371635 -1.127934
v -7.044780 0.371635 -2.658719
v -6.090553 0.371635 -4.020877
v -4.873970 0.371635 -5.154872
v -3.448201 0.371635 -6.011146
v -1.875559 0.371635 -6.552273
v -4.792216 0.390428 -5.046333
v -3.390799 0.390428 -5.887980
v -1.845020 0.390428 -6.419863
v -0.222434 0.390428 -6.618741
v 1.406043 0.390428 -6.475915
v 2.969239 0.390428 -5.997632
v 4.398836 0.390428 -5.204795
v 5.632351 0.390428 -4.132053
v 6.615876 0.390428 -2.826290
v 7.306426 0.390428 -1.344575
v 7.673819 0.390428 0.248335
v 7.702000 0.390428 1.882821
v 7.389735 0.390428 3.487448
v 6.750673 0.390428 4.992087
v 5.812745 0.390428 6.330978
v 4.616941 0.390428 7.445605
v 3.215524 0.390428 8.287252
v 1.669743 0.390428 8.819138
v 0.047157 0.390428 9.018012
v -1.581319 0.390428 8.875183
v -3.144514 0.390428 8.396898
v -4.574110 0.390428 7.604061
v -5.807625 0.390428 6.531320
v -6.791149 0.390428 5.225557
v -7.481699 0.390428 3.743843
v -7.849091 0.390428 2.150934
v -7.877273 0.390428 0.516449
v -7.565008 0.390428 -1.088178
v -6.925947 0.390428 -2.592816
v -5.988018 0.390428 -3.931706
v 1.290719 2.189498 -5.883304
v 2.733225 2.189498 -5.441948
v 4.052445 2.189498 -4.710324
v 5.190723 2.189498 -3.720404
v 6.098313 2.189498 -2.515457
v 6.735546 2.189498 -1.148142
v 7.074574 2.189498 0.321782
v 7.100578 2.189498 1.830073
v 6.812423 2.189498 3.310811
v 6.222702 2.189498 4.699280
v 5.357188 2.189498 5.934798
v 4.253710 2.189498 6.963367
v 2.960494 2.189498 7.740034
v 1.534060 2.189498 8.230852
v 0.036750 2.189498 8.414373
v -1.465995 2.189498 8.282570
v -2.908499 2.189498 7.841214
v -4.227719 2.189498 7.109590
v -5.365997 2.189498 6.119671
v -6.273585 2.189498 4.914725
v -6.910819 2.189498 3.547410
v -7.249845 2.189498 2.077486
v -7.275851 2.189498 0.569196
v -6.987695 2.189498 -0.911541
v -6.397975 2.189498 -2.300009
v -5.532463 2.189498 -3.535527
v -4.428985 2.189498 -4.564095
v -3.135770 2.189498 -5.340760
v -1.709336 2.189498 -5.831580
v -0.212027 2.189498 -6.015100
v -1.721976 2.229229 -5.886383
v -0.212996 2.229229 -6.071335
v 1.301463 2.229229 -5.938511
v 2.755211 2.229229 -5.493715
v 4.084714 2.229229 -4.756387
v 5.231865 2.229229 -3.758754
v 6.146528 2.229229 -2.544413
v 6.788728 2.229229 -1.166441
v 7.130399 2.229229 0.314940
v 7.156606 2.229229 1.834987
v 6.866204 2.229229 3.327266
v 6.271887 2.229229 4.726558
v 5.399627 2.229229 5.971705
v 4.287548 2.229229 7.008291
v 2.984252 2.229229 7.791010
v 1.546700 2.229229 8.285655
v 0.037720 2.229229 8.470606
v -1.476738 2.229229 8.337777
v -2.930486 2.229229 7.892979
v -4.259988 2.229229 7.155654
v -5.407138 2.229229 6.158020
v -6.321801 2.229229 4.943681
v -6.964002 2.229229 3.565709
v -7.305671 2.229229 2.084328
v -7.331878 2.229229 0.564282
v -7.041477 2.229229 -0.927996
v -6.447160 2.229229 -2.327286
v -5.574902 2.229229 -3.572434
v -4.462822 2.229229 -4.609019
v -3.159528 2.229229 -5.391738
v -1.768421 2.229229 -6.087754
v -0.216558 2.229229 -6.277962
v 1.340938 2.229229 -6.141363
v 2.836000 2.229229 -5.683927
v 4.203284 2.229229 -4.925646
v 5.383035 2.229229 -3.899661
v 6.323690 2.229229 -2.650812
v 6.984141 2.229229 -1.233681
v 7.335522 2.229229 0.289799
v 7.362473 2.229229 1.853043
v 7.063820 2.229229 3.387729
v 6.452612 2.229229 4.826786
v 5.555565 2.229229 6.107319
v 4.411882 2.229229 7.173362
v 3.071550 2.229229 7.978325
v 1.593145 2.229229 8.487026
v 0.041282 2.229229 8.677233
v -1.516214 2.229229 8.540629
v -3.011274 2.229229 8.083193
v -4.378558 2.229229 7.324912
v -5.558308 2.229229 6.298927
v -6.498964 2.229229 5.050080
v -7.159415 2.229229 3.632949
v -7.510793 2.229229 2.109470
v -7.537746 2.229229 0.546227
v -7.239093 2.229229 -0.988459
v -6.627886 2.229229 -2.427515
v -5.730840 2.229229 -3.708047
v -4.587158 2.229229 -4.774090
v -3.246825 2.229229 -5.579053
v -7.623660 0.421134 -1.106123
v -6.979587 0.421134 -2.622564
v -6.034302 0.421134 -3.971957
v -4.829119 0.421134 -5.095326
v -3.416710 0.421134 -5.943576
v -1.858805 0.421134 -6.479633
v -0.223492 0.421134 -6.680068
v 1.417760 0.421134 -6.536124
v 2.993218 0.421134 -6.054089
v 4.434028 0.421134 -5.255032
v 5.677220 0.421134 -4.173876
v 6.668460 0.421134 -2.857870
v 7.364426 0.421134 -1.364532
v 7.734701 0.421134 0.240873
v 7.763103 0.421134 1.888180
v 7.448387 0.421134 3.505394
v 6.804313 0.421134 5.021836
v 5.859027 0.421134 6.371229
v 4.653843 0.421134 7.494599
v 3.241435 0.421134 8.342848
v 1.683529 0.421134 8.878906
v 0.048214 0.421134 9.079340
v -1.593035 0.421134 8.935391
v -3.168493 0.421134 8.453355
v -4.609303 0.421134 7.654299
v -5.852493 0.421134 6.573142
v -6.843733 0.421134 5.257138
v -7.539699 0.421134 3.763800
v -7.909973 0.421134 2.158397
v -7.938376 0.421134 0.511090
v -7.655777 0.355571 -1.115949
v -7.008958 0.355571 -2.638853
v -6.059644 0.355571 -3.993997
v -4.849325 0.355571 -5.122153
v -3.430898 0.355571 -5.974017
v -1.866353 0.355571 -6.512358
v -0.224070 0.355571 -6.713650
v 1.424175 0.355571 -6.569091
v 3.006347 0.355571 -6.085002
v 4.453297 0.355571 -5.282539
v 5.701787 0.355571 -4.196775
v 6.697250 0.355571 -2.875162
v 7.396183 0.355571 -1.375459
v 7.768036 0.355571 0.236787
v 7.796559 0.355571 1.891114
v 7.480504 0.355571 3.515220
v 6.833684 0.355571 5.038124
v 5.884370 0.355571 6.393268
v 4.674050 0.355571 7.521425
v 3.255622 0.355571 8.373290
v 1.691077 0.355571 8.911631
v 0.048793 0.355571 9.112922
v -1.599451 0.355571 8.968356
v -3.181622 0.355571 8.484267
v -4.628572 0.355571 7.681806
v -5.877061 0.355571 6.596042
v -6.872524 0.355571 5.274429
v -7.571456 0.355571 3.774728
v -7.943308 0.355571 2.162482
v -7.971832 0.355571 0.508156
v -7.983576 0.376925 0.507126
v -7.667050 0.376925 -1.119399
v -7.019268 0.376925 -2.644571
v -6.068540 0.376925 -4.001733
v -4.856418 0.376925 -5.131571
v -3.435878 0.376925 -5.984704
v -1.869003 0.376925 -6.523847
v -0.224274 0.376925 -6.725437
v 1.426427 0.376925 -6.580664
v 3.010956 0.376925 -6.095852
v 4.460062 0.376925 -5.292196
v 5.710411 0.376925 -4.204813
v 6.707359 0.376925 -2.881232
v 7.407332 0.376925 -1.379295
v 7.779738 0.376925 0.235353
v 7.808305 0.376925 1.892144
v 7.491777 0.376925 3.518670
v 6.843995 0.376925 5.043842
v 5.893266 0.376925 6.401005
v 4.681142 0.376925 7.530843
v 3.260602 0.376925 8.383976
v 1.693726 0.376925 8.923120
v 0.048997 0.376925 9.124709
v -1.601703 0.376925 8.979931
v -3.186231 0.376925 8.495118
v -4.635336 0.376925 7.691461
v -5.885685 0.376925 6.604081
v -6.882632 0.376925 5.280499
v -7.582604 0.376925 3.778564
v -7.955010 0.376925 2.163917
v -7.859886 0.314865 0.517974
v -7.548319 0.314865 -1.083071
v -6.910684 0.314865 -2.584351
v -5.974850 0.314865 -3.920253
v -4.781715 0.314865 -5.032392
v -3.383427 0.314865 -5.872160
v -1.841098 0.314865 -6.402858
v -0.222133 0.314865 -6.601290
v 1.402709 0.314865 -6.458784
v 2.962417 0.314865 -5.981570
v 4.388822 0.314865 -5.190501
v 5.619585 0.314865 -4.120153
v 6.600915 0.314865 -2.817304
v 7.289922 0.314865 -1.338896
v 7.656496 0.314865 0.250458
v 7.684613 0.314865 1.881296
v 7.373046 0.314865 3.482342
v 6.735411 0.314865 4.983623
v 5.799575 0.314865 6.319525
v 4.606440 0.314865 7.431664
v 3.208152 0.314865 8.271433
v 1.665821 0.314865 8.802131
v 0.046856 0.314865 9.000562
v -1.577985 0.314865 8.858050
v -3.137691 0.314865 8.380835
v -4.564096 0.314865 7.589766
v -5.794858 0.314865 6.519419
v -6.776188 0.314865 5.216572
v -7.465195 0.314865 3.738164
v -7.831768 0.314865 2.148811
v -6.698015 2.173365 5.169624
v -7.378971 2.173365 3.708496
v -7.741259 2.173365 2.137717
v -7.769049 2.173365 0.525941
v -7.461122 2.173365 -1.056392
v -6.830940 2.173365 -2.540127
v -5.906043 2.173365 -3.860415
v -4.726853 2.173365 -4.959555
v -3.344909 2.173365 -5.789510
v -1.820604 2.173365 -6.314005
v -0.220561 2.173365 -6.510118
v 1.385291 2.173365 -6.369278
v 2.926769 2.173365 -5.897640
v 4.336504 2.173365 -5.115817
v 5.552883 2.173365 -4.057979
v 6.522743 2.173365 -2.770357
v 7.203698 2.173365 -1.309228
v 7.565987 2.173365 0.261551
v 7.593775 2.173365 1.873329
v 7.285849 2.173365 3.455663
v 6.655667 2.173365 4.939398
v 5.730768 2.173365 6.259687
v 4.551578 2.173365 7.358828
v 3.169632 2.173365 8.188783
v 1.645328 2.173365 8.713277
v 0.045284 2.173365 8.909390
v -1.560567 2.173365 8.768544
v -3.102044 2.173365 8.296904
v -4.511778 2.173365 7.515083
v -5.728155 2.173365 6.457245
v 0.036750 1.577051 8.414372
v -1.465995 1.577051 8.282570
v -2.908500 1.577051 7.841213
v -4.227722 1.577051 7.109589
v -5.366000 1.577051 6.119671
v -6.273586 1.577051 4.914725
v -6.910819 1.577051 3.547410
v -7.249845 1.577051 2.077486
v -7.275850 1.577051 0.569196
v -6.987695 1.577051 -0.911540
v -6.397973 1.577051 -2.300009
v -5.532461 1.577051 -3.535526
v -4.428988 1.577051 -4.564095
v -3.135773 1.577051 -5.340761
v -1.709337 1.577051 -5.831580
v -0.212027 1.577051 -6.015100
v 1.290719 1.577051 -5.883304
v 2.733225 1.577051 -5.441948
v 4.052446 1.577051 -4.710324
v 5.190726 1.577051 -3.720404
v 6.098314 1.577051 -2.515457
v 6.735543 1.577051 -1.148142
v 7.074572 1.577051 0.321782
v 7.100578 1.577051 1.830073
v 6.812423 1.577051 3.310811
v 6.222702 1.577051 4.699280
v 5.357189 1.577051 5.934797
v 4.253710 1.577051 6.963367
v 2.960494 1.577051 7.740033
v 1.534060 1.577051 8.230852
v 1.534060 2.086871 8.230852
v 0.036750 2.086871 8.414373
v -1.465995 2.086871 8.282570
v -2.908499 2.086871 7.841214
v -4.227720 2.086871 7.109590
v -5.365998 2.086871 6.119672
v -6.273585 2.086871 4.914725
v -6.910818 2.086871 3.547410
v -7.249845 2.086871 2.077486
v -7.275850 2.086871 0.569196
v -6.987696 2.086871 -0.911541
v -6.397974 2.086871 -2.300009
v -5.532463 2.086871 -3.535526
v -4.428986 2.086871 -4.564095
v -3.135770 2.086871 -5.340760
v -1.709336 2.086871 -5.831580
v -0.212027 2.086871 -6.015100
v 1.290719 2.086871 -5.883304
v 2.733225 2.086871 -5.441948
v 4.052445 2.086871 -4.710323
v 5.190724 2.086871 -3.720405
v 6.098313 2.086871 -2.515458
v 6.735545 2.086871 -1.148142
v 7.074574 2.086871 0.321782
v 7.100578 2.086871 1.830073
v 6.812423 2.086871 3.310811
v 6.222702 2.086871 4.699280
v 5.357188 2.086871 5.934798
v 4.253710 2.086871 6.963367
v 2.960494 2.086871 7.740033
v 0.058719 0.641860 9.688650
v -0.811421 0.567268 9.452157
v -1.709442 0.641860 9.533568
v -2.511399 0.567268 9.121333
v -3.406724 0.641860 9.014259
v -4.105448 0.567268 8.444298
v -4.958946 0.641860 8.153415
v -5.523900 0.567268 7.450635
v -6.298269 0.641860 6.988656
v -6.704761 0.567268 6.183773
v -7.366157 0.641860 5.570889
v -7.596422 0.567268 4.699081
v -8.115939 0.641860 3.962078
v -8.159913 0.567268 3.061446
v -8.514846 0.641860 2.232534
v -8.370607 0.567268 1.342440
v -8.545444 0.641860 0.457847
v -8.219296 0.567268 -0.382807
v -8.206394 0.641860 -1.284419
v -7.712592 0.567268 -2.038893
v -7.512516 0.641860 -2.918121
v -6.872641 0.567268 -3.553440
v -6.494135 0.641860 -4.371858
v -5.736153 0.567268 -4.860256
v -5.195761 0.641860 -5.582092
v -4.352797 0.567268 -5.902225
v -3.674135 0.641860 -6.495935
v -2.783033 0.567268 -6.633809
v -1.995763 0.641860 -7.073442
v -1.095468 0.567268 -7.023034
v 0.607409 0.371635 -6.725247
v -0.224717 0.374063 -6.751146
v 0.604860 0.376925 -6.696186
v 1.431339 0.374063 -6.605903
v 2.239896 0.371635 -6.407561
v 2.231361 0.376925 -6.379665
v 3.021008 0.374063 -6.119520
v 3.770659 0.371635 -5.757404
v 3.756510 0.376925 -5.731892
v 4.474814 0.374063 -5.313255
v 5.132795 0.371635 -4.803191
v 5.113652 0.376925 -4.781179
v 5.729220 0.374063 -4.222345
v 6.266774 0.371635 -3.586626
v 6.243473 0.376925 -3.569076
v 6.729401 0.374063 -2.894470
v 7.123035 0.371635 -2.160878
v 7.096594 0.376925 -2.148555
v 7.431645 0.374063 -1.387661
v 7.664155 0.371635 -0.588259
v 7.635730 0.376925 -0.581703
v 7.805260 0.374063 0.232224
v 7.866484 0.371635 1.062499
v 7.837316 0.376925 1.063002
v 7.833917 0.374063 1.894391
v 7.721180 0.371635 2.719251
v 7.692544 0.376925 2.713678
v 7.516364 0.374063 3.526193
v 7.234592 0.371635 4.309588
v 7.207741 0.376925 4.298184
v 6.866480 0.374063 5.056313
v 6.427988 0.371635 5.764005
v 6.404095 0.376925 5.747268
v 5.912668 0.374063 6.417878
v 5.336620 0.371635 7.018938
v 5.316730 0.376925 6.997599
v 4.696613 0.374063 7.551380
v 4.008186 0.371635 8.019539
v 3.993167 0.376925 7.994530
v 3.271463 0.374063 8.407281
v 2.500744 0.371635 8.722078
v 2.491252 0.376925 8.694492
v 1.699504 0.374063 8.948174
v 0.880178 0.371635 9.095850
v 0.876629 0.376925 9.066894
v 0.049440 0.374063 9.150417
v -0.782685 0.371635 9.124516
v -0.780136 0.376925 9.095454
v -1.606614 0.374063 9.005168
v -2.415171 0.371635 8.806827
v -2.406636 0.376925 8.778930
v -3.196283 0.374063 8.518785
v -3.945933 0.371635 8.156670
v -3.931785 0.376925 8.131158
v -4.650089 0.374063 7.712521
v -5.308069 0.371635 7.202458
v -5.288925 0.376925 7.180444
v -5.904493 0.374063 6.621612
v -6.442047 0.371635 5.985893
v -6.418745 0.376925 5.968342
v -6.904674 0.374063 5.293737
v -7.298308 0.371635 4.560145
v -7.271866 0.376925 4.547823
v -7.606918 0.374063 3.786929
v -7.839427 0.371635 2.987528
v -7.811001 0.376925 2.980972
v -7.980532 0.374063 2.167044
v -8.041756 0.371635 1.336771
v -8.012588 0.376925 1.336268
v -8.009190 0.374063 0.504879
v -7.896452 0.371635 -0.319980
v -7.867817 0.376925 -0.314408
v -7.691637 0.374063 -1.126922
v -7.409865 0.371635 -1.910317
v -7.383014 0.376925 -1.898913
v -7.041753 0.374063 -2.657041
v -6.603262 0.371635 -3.364734
v -6.579368 0.376925 -3.347996
v -6.087941 0.374063 -4.018606
v -5.511895 0.371635 -4.619666
v -5.492003 0.376925 -4.598326
v -4.871888 0.374063 -5.152109
v -4.183462 0.371635 -5.620267
v -4.168441 0.376925 -5.595258
v -3.446738 0.374063 -6.008009
v -2.676021 0.371635 -6.322805
v -2.666529 0.376925 -6.295220
v -1.874782 0.374063 -6.548901
v -1.055455 0.371635 -6.696577
v -1.051906 0.376925 -6.667621
v -4.113502 0.390428 -5.503778
v -4.787683 0.396189 -5.040316
v -4.145081 0.421134 -5.556360
v -3.387618 0.396189 -5.881152
v -2.631809 0.390428 -6.194316
v -2.651766 0.421134 -6.252315
v -1.843327 0.396189 -6.412525
v -1.038924 0.390428 -6.561703
v -1.046386 0.421134 -6.622583
v -0.222304 0.396189 -6.611209
v 0.595537 0.390428 -6.589883
v 0.600895 0.421134 -6.650984
v 1.404604 0.396189 -6.468522
v 2.200140 0.390428 -6.277624
v 2.218085 0.421134 -6.336276
v 2.966294 0.396189 -5.990700
v 3.704756 0.390428 -5.638572
v 3.734503 0.421134 -5.692211
v 4.394514 0.396189 -5.198626
v 5.043626 0.390428 -4.700658
v 5.083877 0.421134 -4.746941
v 5.626842 0.396189 -4.126917
v 6.158235 0.390428 -3.504873
v 6.207230 0.421134 -3.541776
v 6.609419 0.396189 -2.822412
v 6.999871 0.390428 -2.103478
v 7.055467 0.421134 -2.129387
v 7.299303 0.396189 -1.342124
v 7.531747 0.390428 -0.557721
v 7.591515 0.421134 -0.571506
v 7.666343 0.396189 0.249251
v 7.730621 0.390428 1.064841
v 7.791948 0.421134 1.063784
v 7.694496 0.396189 1.882163
v 7.587799 0.390428 2.693295
v 7.648006 0.421134 2.705011
v 7.382532 0.396189 3.485244
v 7.109522 0.390428 4.256467
v 7.165978 0.421134 4.280446
v 6.744086 0.396189 4.988434
v 6.316696 0.390428 5.686042
v 6.366933 0.421134 5.721235
v 5.807061 0.396189 6.326036
v 5.243970 0.390428 6.919539
v 5.285792 0.421134 6.964408
v 4.612408 0.396189 7.439588
v 3.938226 0.390428 7.903050
v 3.969805 0.421134 7.955632
v 3.212342 0.396189 8.280425
v 2.456533 0.390428 8.593589
v 2.476490 0.421134 8.651588
v 1.668051 0.396189 8.811798
v 0.863647 0.390428 8.960976
v 0.871109 0.421134 9.021857
v 0.047027 0.396189 9.010481
v -0.770813 0.390428 8.989152
v -0.776172 0.421134 9.050254
v -1.579880 0.396189 8.867789
v -2.375415 0.390428 8.676889
v -2.393360 0.421134 8.735542
v -3.141570 0.396189 8.389966
v -3.880031 0.390428 8.037838
v -3.909778 0.421134 8.091478
v -4.569788 0.396189 7.597892
v -5.218900 0.390428 7.099924
v -5.259150 0.421134 7.146207
v -5.802115 0.396189 6.526184
v -6.333509 0.390428 5.904140
v -6.382502 0.421134 5.941043
v -6.784692 0.396189 5.221679
v -7.175144 0.390428 4.502745
v -7.230739 0.421134 4.528656
v -7.474576 0.396189 3.741392
v -7.707021 0.390428 2.956989
v -7.766788 0.421134 2.970774
v -7.841615 0.396189 2.150018
v -7.905894 0.390428 1.334428
v -7.967221 0.421134 1.335485
v -7.869769 0.396189 0.517107
v -7.763071 0.390428 -0.294024
v -7.823278 0.421134 -0.305741
v -7.557805 0.396189 -1.085974
v -7.284796 0.390428 -1.857196
v -7.341251 0.421134 -1.881174
v -6.919359 0.396189 -2.589163
v -6.491970 0.390428 -3.286771
v -6.542206 0.421134 -3.321963
v -5.982334 0.396189 -3.926763
v -5.419244 0.390428 -4.520268
v -5.461065 0.421134 -4.565135
v 1.290719 2.177633 -5.883303
v 2.023505 2.086871 -5.700321
v 2.733225 2.177633 -5.441948
v 3.411953 2.086871 -5.110610
v 4.052444 2.177633 -4.710324
v 4.647453 2.086871 -4.245109
v 5.190724 2.177633 -3.720405
v 5.676007 2.086871 -3.141648
v 6.098313 2.177633 -2.515457
v 6.452660 2.086871 -1.848452
v 6.735546 2.177633 -1.148142
v 6.943471 2.086871 -0.422039
v 7.074574 2.177633 0.321782
v 7.126990 2.086871 1.075248
v 7.100578 2.177633 1.830073
v 6.995195 2.086871 2.577972
v 6.812423 2.177633 3.310811
v 6.553845 2.086871 4.020456
v 6.222702 2.177633 4.699280
v 5.822231 2.086871 5.339657
v 5.357188 2.177633 5.934798
v 4.832327 2.086871 6.477918
v 4.253710 2.177633 6.963367
v 3.627397 2.086871 7.385494
v 2.960494 2.177633 7.740033
v 2.260103 2.086871 8.022717
v 1.534060 2.177633 8.230852
v 0.790200 2.086871 8.361739
v 0.036750 2.177633 8.414372
v -0.718066 2.086871 8.387739
v -1.465995 2.177633 8.282569
v -2.198780 2.086871 8.099586
v -2.908499 2.177633 7.841213
v -3.587228 2.086871 7.509875
v -4.227719 2.177633 7.109589
v -4.822727 2.086871 6.644375
v -5.365997 2.177633 6.119671
v -5.851279 2.086871 5.540915
v -6.273586 2.177633 4.914724
v -6.627933 2.086871 4.247719
v -6.910818 2.177633 3.547410
v -7.118744 2.086871 2.821307
v -7.249847 2.177633 2.077486
v -7.302263 2.086871 1.324021
v -7.275851 2.177633 0.569196
v -7.170468 2.086871 -0.178702
v -6.987696 2.177633 -0.911541
v -6.729118 2.086871 -1.621186
v -6.397975 2.177633 -2.300010
v -5.997505 2.086871 -2.940385
v -5.532463 2.177633 -3.535526
v -5.007602 2.086871 -4.078647
v -4.428986 2.177633 -4.564095
v -3.802674 2.086871 -4.986222
v -3.135770 2.177633 -5.340761
v -2.435379 2.086871 -5.623446
v -1.709337 2.177633 -5.831579
v -0.965477 2.086871 -5.962467
v -0.212027 2.177633 -6.015101
v 0.542790 2.086871 -5.988471
v -0.972319 2.229229 -6.018291
v -1.712345 2.229229 -5.844626
v -0.212258 2.229229 -6.028489
v 0.547704 2.229229 -6.044498
v 1.293277 2.229229 -5.896447
v 2.039960 2.229229 -5.754101
v 2.738459 2.229229 -5.454272
v 3.439230 2.229229 -5.159793
v 4.060127 2.229229 -4.721290
v 4.684359 2.229229 -4.287547
v 5.200518 2.229229 -3.729535
v 5.720929 2.229229 -3.175485
v 6.109791 2.229229 -2.522350
v 6.503637 2.229229 -1.872209
v 6.748207 2.229229 -1.152499
v 6.998274 2.229229 -0.434679
v 7.087864 2.229229 0.320153
v 7.183224 2.229229 1.074278
v 7.113916 2.229229 1.831243
v 7.050401 2.229229 2.588715
v 6.825226 2.229229 3.314728
v 6.605611 2.229229 4.042442
v 6.234411 2.229229 4.705774
v 5.868294 2.229229 5.371925
v 5.367291 2.229229 5.943585
v 4.870674 2.229229 6.519059
v 4.261765 2.229229 6.974062
v 3.656354 2.229229 7.433709
v 2.966150 2.229229 7.752169
v 2.278402 2.229229 8.075899
v 1.537069 2.229229 8.243899
v 0.797043 2.229229 8.417563
v 0.036981 2.229229 8.427759
v -0.722980 2.229229 8.443766
v -1.468552 2.229229 8.295713
v -2.215235 2.229229 8.153366
v -2.913734 2.229229 7.853537
v -3.614504 2.229229 7.559059
v -4.235401 2.229229 7.120555
v -4.859633 2.229229 6.686813
v -5.375791 2.229229 6.128801
v -5.896203 2.229229 5.574751
v -6.285065 2.229229 4.921618
v -6.678910 2.229229 4.271477
v -6.923479 2.229229 3.551767
v -7.173547 2.229229 2.833947
v -7.263137 2.229229 2.079115
v -7.358496 2.229229 1.324990
v -7.289189 2.229229 0.568026
v -7.225674 2.229229 -0.189445
v -7.000500 2.229229 -0.915458
v -6.780885 2.229229 -1.643172
v -6.409685 2.229229 -2.306503
v -6.043569 2.229229 -2.972654
v -5.542567 2.229229 -3.544313
v -5.045950 2.229229 -4.119787
v -4.437041 2.229229 -4.574790
v -3.831630 2.229229 -5.034436
v -3.141426 2.229229 -5.352897
v -2.453678 2.229229 -5.676626
v -1.744850 2.229229 -5.985557
v -0.214751 2.229229 -6.173098
v 1.320904 2.229229 -6.038414
v 2.794999 2.229229 -5.587393
v 4.143110 2.229229 -4.839746
v 5.306316 2.229229 -3.828150
v 6.233780 2.229229 -2.596815
v 6.884968 2.229229 -1.199557
v 7.231421 2.229229 0.302558
v 7.257994 2.229229 1.843879
v 6.963529 2.229229 3.357044
v 6.360894 2.229229 4.775920
v 5.476425 2.229229 6.038495
v 4.348782 2.229229 7.089588
v 3.027246 2.229229 7.883262
v 1.569574 2.229229 8.384830
v 0.039474 2.229229 8.572369
v -1.496180 2.229229 8.437680
v -2.970274 2.229229 7.986659
v -4.318383 2.229229 7.239012
v -5.481588 2.229229 6.227417
v -6.409053 2.229229 4.996081
v -7.060241 2.229229 3.598824
v -7.406693 2.229229 2.096710
v -7.433267 2.229229 0.555390
v -7.138802 2.229229 -0.957774
v -6.536167 2.229229 -2.376649
v -5.651701 2.229229 -3.639223
v -4.524058 2.229229 -4.690316
v -3.202521 2.229229 -5.483990
v -7.794713 0.485926 -1.158459
v -7.136020 0.485926 -2.709320
v -6.169279 0.485926 -4.089342
v -4.936741 0.485926 -5.238209
v -3.492273 0.485926 -6.105712
v -1.899007 0.485926 -6.653937
v -0.226575 0.485926 -6.858922
v 1.451929 0.485926 -6.711710
v 3.063147 0.485926 -6.218734
v 4.536661 0.485926 -5.401540
v 5.808071 0.485926 -4.295844
v 6.821810 0.485926 -2.949967
v 7.533572 0.485926 -1.422734
v 7.912253 0.485926 0.219111
v 7.941298 0.485926 1.903809
v 7.619441 0.485926 3.557730
v 6.960747 0.485926 5.108592
v 5.994005 0.485926 6.488614
v 4.761466 0.485926 7.637482
v 3.316997 0.485926 8.504985
v 1.723730 0.485926 9.053209
v 0.051298 0.485926 9.258194
v -1.627205 0.485926 9.110976
v -3.238422 0.485926 8.618000
v -4.711935 0.485926 7.800807
v -5.983344 0.485926 6.695110
v -6.997083 0.485926 5.349234
v -7.708845 0.485926 3.822001
v -8.087525 0.485926 2.180158
v -8.116570 0.485926 0.495461
v -7.372163 0.355571 -1.894304
v -7.685032 0.366650 -1.124901
v -7.035713 0.366650 -2.653691
v -6.569713 0.355571 -3.341232
v -6.082730 0.366650 -4.014073
v -5.483965 0.355571 -4.589703
v -4.867731 0.366650 -5.146591
v -4.162371 0.355571 -5.585151
v -3.443821 0.366650 -6.001748
v -2.662693 0.355571 -6.284073
v -1.873229 0.366650 -6.542170
v -1.050472 0.355571 -6.655919
v -0.224598 0.366650 -6.744239
v 0.603830 0.355571 -6.684442
v 1.430019 0.366650 -6.599122
v 2.227911 0.355571 -6.368392
v 3.018307 0.366650 -6.113161
v 3.750792 0.355571 -5.721583
v 4.470851 0.366650 -5.307597
v 5.105915 0.355571 -4.772283
v 5.724167 0.366650 -4.217636
v 6.234055 0.355571 -3.561982
v 6.723479 0.366650 -2.890913
v 7.085907 0.355571 -2.143574
v 7.425113 0.366650 -1.385413
v 7.624241 0.355571 -0.579053
v 7.798403 0.366650 0.233065
v 7.825529 0.355571 1.063205
v 7.827036 0.366650 1.893787
v 7.680971 0.355571 2.711426
v 7.509760 0.366650 3.524172
v 7.196891 0.355571 4.293575
v 6.860439 0.366650 5.052963
v 6.394440 0.355571 5.740504
v 5.907455 0.366650 6.413345
v 5.308691 0.355571 6.988975
v 4.692457 0.366650 7.545863
v 3.987096 0.355571 7.984423
v 3.268546 0.366650 8.401020
v 2.487417 0.355571 8.683345
v 1.697952 0.366650 8.941444
v 0.875195 0.355571 9.055191
v 0.049321 0.366650 9.143511
v -0.779106 0.355571 9.083710
v -1.605295 0.366650 8.998388
v -2.403186 0.355571 8.767657
v -3.193582 0.366650 8.512427
v -3.926067 0.355571 8.120847
v -4.646125 0.366650 7.706863
v -5.281189 0.355571 7.171549
v -5.899440 0.366650 6.616902
v -6.409328 0.355571 5.961249
v -6.898752 0.366650 5.290180
v -7.261180 0.355571 4.542843
v -7.600385 0.366650 3.784682
v -7.799512 0.355571 2.978322
v -7.973675 0.366650 2.166204
v -8.000801 0.355571 1.336064
v -8.002309 0.366650 0.505483
v -7.856245 0.355571 -0.312156
v -7.927406 0.383193 0.512052
v -7.613132 0.383193 -1.102902
v -6.969957 0.383193 -2.617224
v -6.025993 0.383193 -3.964732
v -4.822494 0.383193 -5.086532
v -3.412058 0.383193 -5.933595
v -1.856331 0.383193 -6.468903
v -0.223302 0.383193 -6.669059
v 1.415656 0.383193 -6.525315
v 2.988913 0.383193 -6.043954
v 4.427710 0.383193 -5.246014
v 5.669165 0.383193 -4.166367
v 6.659020 0.383193 -2.852201
v 7.354014 0.383193 -1.360949
v 7.723772 0.383193 0.242212
v 7.752133 0.383193 1.887218
v 7.437858 0.383193 3.502172
v 6.794684 0.383193 5.016495
v 5.850719 0.383193 6.364003
v 4.647219 0.383193 7.485804
v 3.236783 0.383193 8.332867
v 1.681054 0.383193 8.868176
v 0.048025 0.383193 9.068330
v -1.590932 0.383193 8.924582
v -3.164188 0.383193 8.443220
v -4.602985 0.383193 7.645280
v -5.844438 0.383193 6.565634
v -6.834293 0.383193 5.251468
v -7.529286 0.383193 3.760218
v -7.899043 0.383193 2.157057
v -7.914833 0.334846 0.513155
v -7.601063 0.334846 -1.099209
v -6.958921 0.334846 -2.611103
v -6.016470 0.334846 -3.956449
v -4.814900 0.334846 -5.076450
v -3.406728 0.334846 -5.922156
v -1.853494 0.334846 -6.456605
v -0.223084 0.334846 -6.656440
v 1.413246 0.334846 -6.512927
v 2.983980 0.334846 -6.032338
v 4.420469 0.334846 -5.235677
v 5.659933 0.334846 -4.157762
v 6.648201 0.334846 -2.845703
v 7.342079 0.334846 -1.356843
v 7.711244 0.334846 0.243748
v 7.739560 0.334846 1.886115
v 7.425790 0.334846 3.498480
v 6.783647 0.334846 5.010374
v 5.841195 0.334846 6.355721
v 4.639625 0.334846 7.475722
v 3.231452 0.334846 8.321428
v 1.678218 0.334846 8.855878
v 0.047807 0.334846 9.055711
v -1.588521 0.334846 8.912193
v -3.159254 0.334846 8.431603
v -4.595744 0.334846 7.634943
v -5.835206 0.334846 6.557029
v -6.823473 0.334846 5.244970
v -7.517352 0.334846 3.756111
v -7.886516 0.334846 2.155522
v -6.573196 2.226106 5.094662
v -7.241294 2.226106 3.661123
v -7.596742 2.226106 2.120004
v -7.624006 2.226106 0.538662
v -7.321895 2.226106 -1.013794
v -6.703611 2.226106 -2.469512
v -5.796178 2.226106 -3.764870
v -4.639255 2.226106 -4.843256
v -3.283403 2.226106 -5.657539
v -1.787882 2.226106 -6.172130
v -0.218051 2.226106 -6.364540
v 1.357479 2.226106 -6.226360
v 2.869850 2.226106 -5.763627
v 4.252966 2.226106 -4.996567
v 5.446376 2.226106 -3.958703
v 6.397923 2.226106 -2.695394
v 7.066021 2.226106 -1.261855
v 7.421469 2.226106 0.279264
v 7.448733 2.226106 1.860608
v 7.146621 2.226106 3.413064
v 6.528337 2.226106 4.868782
v 5.620904 2.226106 6.164141
v 4.463980 2.226106 7.242529
v 3.108127 2.226106 8.056811
v 1.612606 2.226106 8.571403
v 0.042774 2.226106 8.763812
v -1.532754 2.226106 8.625625
v -3.045125 2.226106 8.162893
v -4.428240 2.226106 7.395833
v -5.621650 2.226106 6.357969
v -0.718066 1.577051 8.387739
v 0.036750 1.486460 8.414371
v -1.465995 1.486460 8.282569
v -2.198780 1.577051 8.099585
v -2.908500 1.486460 7.841213
v -3.587229 1.577051 7.509874
v -4.227722 1.486460 7.109588
v -4.822729 1.577051 6.644374
v -5.366000 1.486460 6.119670
v -5.851280 1.577051 5.540914
v -6.273586 1.486460 4.914724
v -6.627933 1.577051 4.247719
v -6.910818 1.486460 3.547410
v -7.118744 1.577051 2.821307
v -7.249847 1.486460 2.077486
v -7.302263 1.577051 1.324021
v -7.275852 1.486460 0.569196
v -7.170468 1.577051 -0.178702
v -6.987696 1.486460 -0.911541
v -6.729118 1.577051 -1.621185
v -6.397973 1.486460 -2.300009
v -5.997503 1.577051 -2.940385
v -5.532461 1.486460 -3.535526
v -5.007603 1.577051 -4.078647
v -4.428988 1.486460 -4.564095
v -3.802676 1.577051 -4.986223
v -3.135773 1.486460 -5.340761
v -2.435380 1.577051 -5.623446
v -1.709337 1.486460 -5.831579
v -0.965477 1.577051 -5.962467
v -0.212027 1.486460 -6.015101
v 0.542790 1.577051 -5.988471
v 1.290719 1.486460 -5.883303
v 2.023505 1.577051 -5.700321
v 2.733225 1.486460 -5.441948
v 3.411953 1.577051 -5.110610
v 4.052445 1.486460 -4.710324
v 4.647454 1.577051 -4.245109
v 5.190727 1.486460 -3.720404
v 5.676008 1.577051 -3.141647
v 6.098314 1.486460 -2.515457
v 6.452659 1.577051 -1.848452
v 6.735544 1.486460 -1.148143
v 6.943469 1.577051 -0.422040
v 7.074572 1.486460 0.321782
v 7.126989 1.577051 1.075248
v 7.100578 1.486460 1.830073
v 6.995195 1.577051 2.577972
v 6.812423 1.486460 3.310811
v 6.553845 1.577051 4.020456
v 6.222702 1.486460 4.699280
v 5.822231 1.577051 5.339657
v 5.357188 1.486460 5.934798
v 4.832327 1.577051 6.477918
v 4.253710 1.486460 6.963367
v 3.627397 1.577051 7.385494
v 2.960494 1.486460 7.740033
v 2.260103 1.577051 8.022717
v 1.534060 1.486460 8.230852
v 0.790200 1.577051 8.361739
v 1.534060 1.831932 8.230852
v 0.036750 1.831932 8.414371
v -1.465995 1.831932 8.282569
v -2.908499 1.831932 7.841213
v -4.227720 1.831932 7.109588
v -5.365998 1.831932 6.119671
v -6.273586 1.831932 4.914724
v -6.910818 1.831932 3.547410
v -7.249847 1.831932 2.077486
v -7.275851 1.831932 0.569196
v -6.987696 1.831932 -0.911541
v -6.397974 1.831932 -2.300009
v -5.532462 1.831932 -3.535526
v -4.428987 1.831932 -4.564095
v -3.135772 1.831932 -5.340761
v -1.709337 1.831932 -5.831579
v -0.212027 1.831932 -6.015101
v 1.290719 1.831932 -5.883303
v 2.733225 1.831932 -5.441948
v 4.052445 1.831932 -4.710324
v 5.190725 1.831932 -3.720405
v 6.098314 1.831932 -2.515457
v 6.735545 1.831932 -1.148142
v 7.074573 1.831932 0.321782
v 7.100578 1.831932 1.830073
v 6.812423 1.831932 3.310811
v 6.222702 1.831932 4.699280
v 5.357188 1.831932 5.934798
v 4.253710 1.831932 6.963367
v 2.960494 1.831932 7.740033
v 0.778970 0.303644 8.270116
v 1.660334 0.306021 8.778338
v 0.861524 0.314865 8.943653
v 0.046435 0.306021 8.976148
v 2.230069 0.303644 7.935431
v 3.197837 0.306021 8.249301
v 2.450854 0.314865 8.577086
v 3.579872 0.303644 7.306359
v 4.591749 0.306021 7.412160
v 3.929240 0.314865 7.888087
v 4.769387 0.303644 6.410394
v 5.781150 0.306021 6.303502
v 5.232069 0.314865 6.906773
v 5.746628 0.303644 5.286694
v 6.714057 0.306021 4.971780
v 6.302402 0.314865 5.676029
v 6.468882 0.303644 3.984370
v 7.349697 0.306021 3.475198
v 7.093459 0.314865 4.249645
v 6.904585 0.303644 2.560339
v 7.660288 0.306021 1.879162
v 7.570667 0.314865 2.689961
v 7.034694 0.303644 1.076839
v 7.632260 0.306021 0.253428
v 7.713171 0.314865 1.065142
v 6.853524 0.303644 -0.401294
v 7.266834 0.306021 -1.330952
v 7.514742 0.314865 -0.553798
v 6.368991 0.303644 -1.809458
v 6.579982 0.306021 -2.804733
v 6.984052 0.314865 -2.096105
v 5.602272 0.303644 -3.086111
v 5.601723 0.306021 -4.103504
v 6.144296 0.314865 -3.494373
v 4.586877 0.303644 -4.175456
v 4.374813 0.306021 -5.170502
v 5.032174 0.314865 -4.687489
v 3.367184 0.303644 -5.029884
v 2.952871 0.306021 -5.959096
v 3.696292 0.314865 -5.623310
v 1.996498 0.303644 -5.612051
v 1.398045 0.306021 -6.434818
v 2.195034 0.314865 -6.260935
v 0.534725 0.303644 -5.896515
v -0.221712 0.306021 -6.576876
v 0.594012 0.314865 -6.572497
v -0.954248 0.303644 -5.870844
v -1.835610 0.306021 -6.379066
v -1.036801 0.314865 -6.544380
v -2.405345 0.303644 -5.536158
v -3.373113 0.306021 -5.850029
v -2.626131 0.314865 -6.177813
v -3.755147 0.303644 -4.907087
v -4.767024 0.306021 -5.012888
v -4.104516 0.314865 -5.488816
v -4.944662 0.303644 -4.011122
v -5.956425 0.306021 -3.904230
v -5.407344 0.314865 -4.507501
v -5.921901 0.303644 -2.887423
v -6.889331 0.306021 -2.572509
v -6.477676 0.314865 -3.276757
v -6.644156 0.303644 -1.585099
v -7.524970 0.306021 -1.075927
v -7.268731 0.314865 -1.850373
v -7.079858 0.303644 -0.161069
v -7.835561 0.306021 0.520108
v -7.745940 0.314865 -0.290690
v -7.209967 0.303644 1.322430
v -7.807532 0.306021 2.145841
v -7.888443 0.314865 1.334128
v -7.028796 0.303644 2.800562
v -7.442106 0.306021 3.730220
v -7.690014 0.314865 2.953067
v -6.544264 0.303644 4.208726
v -6.755255 0.306021 5.204001
v -7.159324 0.314865 4.495373
v -5.777545 0.303644 5.485378
v -5.776996 0.306021 6.502771
v -6.319568 0.314865 5.893640
v -4.762151 0.303644 6.574722
v -4.550087 0.306021 7.569768
v -5.207446 0.314865 7.086755
v -3.542458 0.303644 7.429148
v -3.128146 0.306021 8.358360
v -3.871566 0.314865 8.022575
v -2.171773 0.303644 8.011316
v -1.573321 0.306021 8.834083
v -2.370308 0.314865 8.660200
v -0.710002 0.303644 8.295784
v -0.769288 0.314865 8.971767
v 0.968887 0.764451 9.819606
v 1.906801 0.989774 9.846949
v 1.003368 1.266466 10.100934
v 0.065340 0.989774 10.072650
v 2.737992 0.764451 9.411575
v 3.661094 0.989774 9.243316
v 2.830212 1.266466 9.679586
v 4.383603 0.764451 8.644642
v 5.251551 0.989774 8.288137
v 4.529530 1.266466 8.887623
v 5.833801 0.764451 7.552328
v 6.608660 0.989774 7.023156
v 6.027057 1.266466 7.759659
v 7.025201 0.764451 6.182370
v 7.673106 0.989774 5.503660
v 7.257341 1.266466 6.344990
v 7.905737 0.764451 4.594643
v 8.398374 0.989774 3.796056
v 8.166615 1.266466 4.705444
v 8.436924 0.764451 2.858537
v 8.752760 0.989774 1.974977
v 8.715138 1.266466 2.912678
v 8.595548 0.764451 1.049930
v 8.720779 0.989774 0.120012
v 8.878939 1.266466 1.045043
v 8.374673 0.764451 -0.752135
v 8.303827 0.989774 -1.687769
v 8.650856 1.266466 -0.815835
v 7.783956 0.764451 -2.468898
v 7.520127 0.989774 -3.369357
v 8.040859 1.266466 -2.588627
v 6.849212 0.764451 -4.025328
v 6.403933 0.989774 -4.851256
v 7.075607 1.266466 -4.195854
v 5.611293 0.764451 -5.353402
v 5.004025 0.989774 -6.068702
v 5.797287 1.266466 -5.567271
v 4.124304 0.764451 -6.395077
v 3.381588 0.989774 -6.968489
v 4.261768 1.266466 -6.642943
v 2.453234 0.764451 -7.104826
v 1.607529 0.989774 -7.511287
v 2.536160 1.266466 -7.375857
v 0.671115 0.764451 -7.451629
v -0.240618 0.989774 -7.673378
v 0.695878 1.266466 -7.733979
v -1.144164 0.764451 -7.420334
v -2.082078 0.989774 -7.447674
v -1.178646 1.266466 -7.701660
v -2.913268 0.764451 -7.012302
v -3.836370 0.989774 -6.844044
v -3.005488 1.266466 -7.280312
v -4.558879 0.764451 -6.245370
v -5.426827 0.989774 -5.888864
v -4.704806 1.266466 -6.488350
v -6.009075 0.764451 -5.153055
v -6.783933 0.989774 -4.623884
v -6.202331 1.266466 -5.360386
v -7.200476 0.764451 -3.783098
v -7.848381 0.989774 -3.104387
v -7.432615 1.266466 -3.945717
v -8.081011 0.764451 -2.195371
v -8.573646 0.989774 -1.396785
v -8.341889 1.266466 -2.306173
v -8.612198 0.764451 -0.459267
v -8.928032 0.989774 0.424293
v -8.890412 1.266466 -0.513407
v -8.770820 0.764451 1.349340
v -8.896050 0.989774 2.279257
v -9.054211 1.266466 1.354226
v -8.549946 0.764451 3.151404
v -8.479100 0.989774 4.087037
v -8.826128 1.266466 3.215103
v -7.959229 0.764451 4.868166
v -7.695401 0.989774 5.768623
v -8.216131 1.266466 4.987896
v -7.024484 0.764451 6.424595
v -6.579207 0.989774 7.250522
v -7.250880 1.266466 6.595121
v -5.786567 0.764451 7.752669
v -5.179300 0.989774 8.467969
v -5.972562 1.266466 7.966537
v -4.299579 0.764451 8.794343
v -3.556863 0.989774 9.367754
v -4.437043 1.266466 9.042209
v -2.628509 0.764451 9.504091
v -1.782805 0.989774 9.910554
v -2.711436 1.266466 9.775123
v -0.846392 0.764451 9.850900
v -0.871156 1.266466 10.133248
v 1.906801 1.543161 9.846949
v 0.957942 1.801067 9.730314
v 0.065340 1.543161 10.072651
v 3.661095 1.543161 9.243316
v 2.708722 1.801067 9.326509
v 5.251551 1.543161 8.288137
v 4.337287 1.801067 8.567521
v 6.608660 1.543161 7.023156
v 5.772461 1.801067 7.486521
v 7.673107 1.543161 5.503660
v 6.951520 1.801067 6.130754
v 8.398373 1.543161 3.796056
v 7.822936 1.801067 4.559474
v 8.752760 1.543161 1.974977
v 8.348619 1.801067 2.841352
v 8.720779 1.543161 0.120012
v 8.505600 1.801067 1.051480
v 8.303827 1.543161 -1.687769
v 8.287014 1.801067 -0.731917
v 7.520127 1.543161 -3.369356
v 7.702415 1.801067 -2.430896
v 6.403933 1.543161 -4.851256
v 6.777353 1.801067 -3.971203
v 5.004025 1.543161 -6.068702
v 5.552259 1.801067 -5.285519
v 3.381588 1.543161 -6.968489
v 4.080674 1.801067 -6.316404
v 1.607529 1.543161 -7.511287
v 2.426914 1.801067 -7.018802
v -0.240618 1.543161 -7.673378
v 0.663256 1.801067 -7.362013
v -2.082078 1.543161 -7.447674
v -1.133219 1.801067 -7.331041
v -3.836370 1.543161 -6.844043
v -2.883998 1.801067 -6.927236
v -5.426827 1.543161 -5.888864
v -4.512562 1.801067 -6.168248
v -6.783934 1.543161 -4.623884
v -5.947736 1.801067 -5.087248
v -7.848381 1.543161 -3.104388
v -7.126795 1.801067 -3.731482
v -8.573647 1.543161 -1.396785
v -7.998208 1.801067 -2.160202
v -8.928032 1.543161 0.424293
v -8.523893 1.801067 -0.442082
v -8.896050 1.543161 2.279257
v -8.680872 1.801067 1.347790
v -8.479100 1.543161 4.087037
v -8.462286 1.801067 3.131186
v -7.695401 1.543161 5.768623
v -7.877687 1.801067 4.830164
v -6.579206 1.543161 7.250522
v -6.952626 1.801067 6.370470
v -5.179300 1.543161 8.467968
v -5.727532 1.801067 7.684786
v -3.556863 1.543161 9.367754
v -4.255948 1.801067 8.715669
v -1.782805 1.543161 9.910554
v -2.602189 1.801067 9.418066
v -0.838532 1.801067 9.761281
v 1.739613 2.021412 9.122069
v 0.850431 2.173365 8.853146
v 0.052516 2.021412 9.328851
v 3.346850 2.021412 8.569039
v 2.421186 2.173365 8.490863
v 4.803983 2.021412 7.693928
v 3.882293 2.173365 7.809917
v 6.047328 2.021412 6.534988
v 5.169896 2.173365 6.840071
v 7.022546 2.021412 5.142865
v 6.227719 2.173365 5.623711
v 7.687016 2.021412 3.578406
v 7.009531 2.173365 4.213998
v 8.011695 2.021412 1.909982
v 7.481161 2.173365 2.672542
v 7.982394 2.021412 0.210513
v 7.621999 2.173365 1.066714
v 7.600395 2.021412 -1.445726
v 7.425889 2.173365 -0.533305
v 6.882391 2.021412 -2.986350
v 6.901402 2.173365 -2.057587
v 5.859764 2.021412 -4.344027
v 6.071460 2.173365 -3.439511
v 4.577207 2.021412 -5.459419
v 4.972336 2.173365 -4.618683
v 3.090773 2.021412 -6.283779
v 3.652067 2.173365 -5.543567
v 1.465428 2.021412 -6.781077
v 2.168355 2.173365 -6.173740
v -0.227794 2.021412 -6.929578
v 0.586045 2.173365 -6.481661
v -1.914889 2.021412 -6.722795
v -1.025707 2.173365 -6.453873
v -3.522125 2.021412 -6.169765
v -2.596462 2.173365 -6.091589
v -4.979258 2.021412 -5.294656
v -4.057569 2.173365 -5.410645
v -6.222603 2.021412 -4.135715
v -5.345171 2.173365 -4.440800
v -7.197821 2.021412 -2.743594
v -6.402993 2.173365 -3.224440
v -7.862289 2.021412 -1.179135
v -7.184803 2.173365 -1.814727
v -8.186968 2.021412 0.489287
v -7.656434 2.173365 -0.273272
v -8.157667 2.021412 2.188756
v -7.797272 2.173365 1.332555
v -7.775668 2.021412 3.844994
v -7.601162 2.173365 2.932574
v -7.057664 2.021412 5.385618
v -7.076675 2.173365 4.456854
v -6.035037 2.021412 6.743294
v -6.246733 2.173365 5.838778
v -4.752481 2.021412 7.858685
v -5.147610 2.173365 7.017950
v -3.266048 2.021412 8.683044
v -3.827341 2.173365 7.942833
v -1.640704 2.021412 9.180343
v -2.343630 2.173365 8.573005
v -0.761322 2.173365 8.880930
v -0.009581 0.303144 5.727102
v 0.930027 0.303144 5.611937
v 1.825158 0.303144 5.303934
v 2.636690 0.303144 4.816552
v 3.329156 0.303144 4.171094
v 3.872292 0.303144 3.395769
v 4.242360 0.303144 2.524462
v 4.423186 0.303144 1.595254
v 4.406868 0.303144 0.648755
v 4.194118 0.303144 -0.273667
v 3.794235 0.303144 -1.131699
v 3.224695 0.303144 -1.887840
v 2.510390 0.303144 -2.509044
v 1.682539 0.303144 -2.968161
v 0.777323 0.303144 -3.245125
v -0.165696 0.303144 -3.327832
v -1.105303 0.303144 -3.212666
v -2.000434 0.303144 -2.904663
v -2.811966 0.303144 -2.417281
v -3.504432 0.303144 -1.771823
v -4.047567 0.303144 -0.996498
v -4.417634 0.303144 -0.125192
v -4.598460 0.303144 0.804015
v -4.582142 0.303144 1.750513
v -4.369392 0.303144 2.672935
v -3.969509 0.303144 3.530967
v -3.399969 0.303144 4.287108
v -2.685665 0.303144 4.908311
v -1.857815 0.303144 5.367427
v -0.952599 0.303144 5.644392
v 0.717047 1.480134 7.764897
v 0.857610 1.478022 5.297959
v -0.015136 1.478022 5.404929
v 2.064458 1.480134 7.454127
v 1.689043 1.478022 5.011873
v 3.317811 1.480134 6.870006
v 2.442827 1.478022 4.559173
v 4.422330 1.480134 6.038061
v 3.086018 1.478022 3.959646
v 5.329742 1.480134 4.994655
v 3.590505 1.478022 3.239492
v 6.000388 1.480134 3.785387
v 3.934239 1.478022 2.430187
v 6.404959 1.480134 2.463110
v 4.102197 1.478022 1.567102
v 6.525771 1.480134 1.085613
v 4.087039 1.478022 0.687955
v 6.357543 1.480134 -0.286901
v 3.889427 1.478022 -0.168828
v 5.907634 1.480134 -1.594445
v 3.518002 1.478022 -0.965802
v 5.195705 1.480134 -2.779874
v 2.988991 1.478022 -1.668136
v 4.252863 1.480134 -3.791380
v 2.325515 1.478022 -2.245136
v 3.120320 1.480134 -4.584755
v 1.556574 1.478022 -2.671582
v 1.847577 1.480134 -5.125325
v 0.715773 1.478022 -2.928838
v 0.490255 1.480134 -5.389463
v -0.160141 1.478022 -3.005659
v -0.892324 1.480134 -5.365625
v -1.032887 1.478022 -2.898689
v -2.239736 1.480134 -5.054856
v -1.864322 1.478022 -2.612603
v -3.493090 1.480134 -4.470735
v -2.618105 1.478022 -2.159903
v -4.597606 1.480134 -3.638790
v -3.261293 1.478022 -1.560375
v -5.505014 1.480134 -2.595383
v -3.765779 1.478022 -0.840222
v -6.175661 1.480134 -1.386117
v -4.109514 1.478022 -0.030918
v -6.580232 1.480134 -0.063841
v -4.277472 1.478022 0.832167
v -6.701044 1.480134 1.313655
v -4.262315 1.478022 1.711313
v -6.532819 1.480134 2.686168
v -4.064704 1.478022 2.568095
v -6.082908 1.480134 3.993712
v -3.693277 1.478022 3.365069
v -5.370977 1.480134 5.179141
v -3.164267 1.478022 4.067403
v -4.428139 1.480134 6.190646
v -2.500792 1.478022 4.644402
v -3.295597 1.480134 6.984021
v -1.731850 1.478022 5.070848
v -2.022852 1.480134 7.524590
v -0.891049 1.478022 5.328104
v -0.665531 1.480134 7.788731
v 0.831145 2.228447 8.695800
v 1.604867 2.229229 8.537850
v 0.822184 2.229229 8.622684
v 0.042181 2.229229 8.729384
v 2.369608 2.228447 8.340965
v 3.093582 2.229229 8.025601
v 2.345641 2.229229 8.271309
v 3.800677 2.228447 7.674019
v 4.443262 2.229229 7.215024
v 3.762751 2.229229 7.610869
v 5.061808 2.228447 6.724112
v 5.594922 2.229229 6.141546
v 5.011581 2.229229 6.670227
v 6.097883 2.228447 5.532758
v 6.498226 2.229229 4.852082
v 6.037551 2.229229 5.490494
v 6.863622 2.228447 4.152027
v 7.113695 2.229229 3.402990
v 6.795821 2.229229 4.123230
v 7.325557 2.228447 2.642261
v 7.414432 2.229229 1.857600
v 7.253251 2.229229 2.628190
v 7.463500 2.228447 1.069446
v 7.387292 2.229229 0.283453
v 7.389848 2.229229 1.070716
v 7.271421 2.228447 -0.497678
v 7.033461 2.229229 -1.250651
v 7.199643 2.229229 -0.481124
v 6.757717 2.228447 -1.990623
v 6.368405 2.229229 -2.677666
v 6.690948 2.229229 -1.959506
v 5.944837 2.228447 -3.344137
v 5.421189 2.229229 -3.935225
v 5.885998 2.229229 -3.299818
v 4.868310 2.228447 -4.499067
v 4.233210 2.229229 -4.968365
v 4.819971 2.229229 -4.443483
v 3.575184 2.228447 -5.404936
v 2.856390 2.229229 -5.731934
v 3.539457 2.229229 -5.340516
v 2.121975 2.228447 -6.022153
v 1.350901 2.229229 -6.192561
v 2.100423 2.229229 -5.951713
v 0.572195 2.228447 -6.323744
v -0.217458 2.229229 -6.330111
v 0.565759 2.229229 -6.250363
v -1.006422 2.228447 -6.296527
v -1.780143 2.229229 -6.138578
v -0.997460 2.229229 -6.223411
v -2.544884 2.228447 -5.941691
v -3.268858 2.229229 -5.626329
v -2.520916 2.229229 -5.872036
v -3.975952 2.228447 -5.274746
v -4.618539 2.229229 -4.815752
v -3.938026 2.229229 -5.211598
v -5.237083 2.228447 -4.324840
v -5.770196 2.229229 -3.742274
v -5.186856 2.229229 -4.270955
v -6.273158 2.228447 -3.133487
v -6.673499 2.229229 -2.452811
v -6.212826 2.229229 -3.091223
v -7.038896 2.228447 -1.752756
v -7.288968 2.229229 -1.003719
v -6.971095 2.229229 -1.723959
v -7.500830 2.228447 -0.242992
v -7.589705 2.229229 0.541670
v -7.428523 2.229229 -0.228920
v -7.638772 2.228447 1.329823
v -7.562564 2.229229 2.115815
v -7.565120 2.229229 1.328553
v -7.446694 2.228447 2.896947
v -7.208735 2.229229 3.649919
v -7.374916 2.229229 2.880391
v -6.932990 2.228447 4.389890
v -6.543679 2.229229 5.076933
v -6.866222 2.229229 4.358773
v -6.120110 2.228447 5.743404
v -5.596461 2.229229 6.334491
v -6.061271 2.229229 5.699085
v -5.043583 2.228447 6.898333
v -4.408484 2.229229 7.367631
v -4.995244 2.229229 6.842749
v -3.750458 2.228447 7.804202
v -3.031664 2.229229 8.131200
v -3.714731 2.229229 7.739782
v -2.297250 2.228447 8.421419
v -1.526177 2.229229 8.591826
v -2.275698 2.229229 8.350979
v -0.747471 2.228447 8.723013
v -0.741036 2.229229 8.649631
v 0.790608 2.223863 8.365062
v 1.534060 2.207766 8.230852
v 0.790200 2.189498 8.361739
v 0.036750 2.207766 8.414371
v 2.261192 2.223863 8.025882
v 2.960494 2.207766 7.740033
v 2.260103 2.189498 8.022717
v 3.629121 2.223863 7.388363
v 4.253710 2.207766 6.963367
v 3.627397 2.189498 7.385494
v 4.834609 2.223863 6.480367
v 5.357188 2.207766 5.934798
v 4.832327 2.189498 6.477918
v 5.824973 2.223863 5.341577
v 6.222702 2.207766 4.699280
v 5.822231 2.189498 5.339657
v 6.556926 2.223863 4.021764
v 6.812423 2.207766 3.310811
v 6.553846 2.189498 4.020456
v 6.998481 2.223863 2.578611
v 7.100578 2.207766 1.830073
v 6.995195 2.189498 2.577972
v 7.130337 2.223863 1.075190
v 7.074574 2.207766 0.321782
v 7.126990 2.189498 1.075248
v 6.946733 2.223863 -0.422792
v 6.735545 2.207766 -1.148142
v 6.943471 2.189498 -0.422040
v 6.455694 2.223863 -1.849866
v 6.098313 2.207766 -2.515457
v 6.452660 2.189498 -1.848452
v 5.678679 2.223863 -3.143662
v 5.190724 2.207766 -3.720405
v 5.676005 2.189498 -3.141648
v 4.649649 2.223863 -4.247635
v 4.052444 2.207766 -4.710324
v 4.647452 2.189498 -4.245109
v 3.413577 2.223863 -5.113537
v 2.733225 2.207766 -5.441948
v 3.411953 2.189498 -5.110610
v 2.024485 2.223863 -5.703522
v 1.290719 2.207766 -5.883303
v 2.023506 2.189498 -5.700322
v 0.543083 2.223863 -5.991806
v -0.212027 2.207766 -6.015101
v 0.542790 2.189498 -5.988471
v -0.965884 2.223863 -5.965790
v -1.709336 2.207766 -5.831579
v -0.965477 2.189498 -5.962467
v -2.436468 2.223863 -5.626610
v -3.135769 2.207766 -5.340761
v -2.435379 2.189498 -5.623446
v -3.804397 2.223863 -4.989092
v -4.428986 2.207766 -4.564095
v -3.802673 2.189498 -4.986222
v -5.009885 2.223863 -4.081095
v -5.532463 2.207766 -3.535527
v -5.007603 2.189498 -4.078647
v -6.000247 2.223863 -2.942306
v -6.397976 2.207766 -2.300009
v -5.997506 2.189498 -2.940386
v -6.732200 2.223863 -1.622494
v -6.987696 2.207766 -0.911541
v -6.729119 2.189498 -1.621186
v -7.173753 2.223863 -0.179342
v -7.275851 2.207766 0.569196
v -7.170468 2.189498 -0.178702
v -7.305610 2.223863 1.324078
v -7.249847 2.207766 2.077486
v -7.302263 2.189498 1.324021
v -7.122006 2.223863 2.822060
v -6.910818 2.207766 3.547410
v -7.118744 2.189498 2.821307
v -6.630967 2.223863 4.249133
v -6.273586 2.207766 4.914724
v -6.627933 2.189498 4.247719
v -5.853952 2.223863 5.542929
v -5.365997 2.207766 6.119671
v -5.851279 2.189498 5.540915
v -4.824922 2.223863 6.646901
v -4.227719 2.207766 7.109589
v -4.822726 2.189498 6.644375
v -3.588851 2.223863 7.512802
v -2.908499 2.207766 7.841213
v -3.587228 2.189498 7.509875
v -2.199760 2.223863 8.102786
v -1.465995 2.207766 8.282569
v -2.198780 2.189498 8.099586
v -0.718359 2.223863 8.391074
v -0.718066 2.189498 8.387739
v 0.636144 0.567268 -7.052889
v -0.233997 0.641860 -7.289378
v 1.534167 0.641860 -7.134302
v 2.336124 0.567268 -6.722068
v 3.231449 0.641860 -6.614994
v 3.930173 0.567268 -6.045032
v 4.783672 0.641860 -5.754148
v 5.348626 0.567268 -5.051369
v 6.122996 0.641860 -4.589389
v 6.529488 0.567268 -3.784506
v 7.190884 0.641860 -3.171622
v 7.421149 0.567268 -2.299814
v 7.940667 0.641860 -1.562809
v 7.984641 0.567268 -0.662177
v 8.339575 0.641860 0.166736
v 8.195336 0.567268 1.056830
v 8.370170 0.641860 1.941423
v 8.044023 0.567268 2.782077
v 8.031121 0.641860 3.683690
v 7.537318 0.567268 4.438164
v 7.337243 0.641860 5.317393
v 6.697366 0.567268 5.952713
v 6.318862 0.641860 6.771130
v 5.560877 0.567268 7.259528
v 5.020485 0.641860 7.981365
v 4.177521 0.567268 8.301498
v 3.498860 0.641860 8.895207
v 2.607757 0.567268 9.033082
v 1.820486 0.641860 9.472715
v 0.920191 0.567268 9.422306
v 0.858553 0.306021 8.919418
v 2.442910 0.306021 8.553998
v 3.916669 0.306021 7.867156
v 5.215421 0.306021 6.888912
v 6.282404 0.306021 5.662020
v 7.070985 0.306021 4.240099
v 7.546700 0.306021 2.685296
v 7.688757 0.306021 1.065563
v 7.490949 0.306021 -0.548311
v 6.961921 0.306021 -2.085791
v 6.124792 0.306021 -3.479683
v 5.016151 0.306021 -4.669065
v 3.684449 0.306021 -5.601956
v 2.187890 0.306021 -6.237586
v 0.591879 0.306021 -6.548174
v -1.033830 0.306021 -6.520145
v -2.618186 0.306021 -6.154724
v -4.091944 0.306021 -5.467884
v -5.390696 0.306021 -4.489641
v -6.457678 0.306021 -3.262748
v -7.246258 0.306021 -1.840828
v -7.721972 0.306021 -0.286026
v -7.864031 0.306021 1.333706
v -7.666222 0.306021 2.947579
v -7.137193 0.306021 4.485059
v -6.300064 0.306021 5.878949
v -5.191424 0.306021 7.068330
v -3.859724 0.306021 8.001222
v -2.363165 0.306021 8.636851
v -0.767155 0.306021 8.947442
v 0.991968 0.989774 10.007920
v 2.799721 0.989774 9.590976
v 4.481283 0.989774 8.807289
v 5.963162 0.989774 7.691111
v 7.180590 0.989774 6.291224
v 8.080363 0.989774 4.668810
v 8.623155 0.989774 2.894778
v 8.785243 0.989774 1.046659
v 8.559544 0.989774 -0.794774
v 7.955921 0.989774 -2.549041
v 7.000755 0.989774 -4.139474
v 5.735793 0.989774 -5.496561
v 4.216319 0.989774 -6.560993
v 2.508743 0.989774 -7.286247
v 0.687691 0.989774 -7.640628
v -1.167246 0.989774 -7.608647
v -2.974998 0.989774 -7.191702
v -4.656559 0.989774 -6.408015
v -6.138437 0.989774 -5.291837
v -7.355864 0.989774 -3.891951
v -8.255636 0.989774 -2.269539
v -8.798428 0.989774 -0.495507
v -8.960515 0.989774 1.352611
v -8.734815 0.989774 3.194043
v -8.131193 0.989774 4.948309
v -7.176028 0.989774 6.538740
v -5.911068 0.989774 7.895828
v -4.391594 0.989774 8.960259
v -2.684018 0.989774 9.685512
v -0.862968 0.989774 10.039897
v 0.991968 1.543161 10.007920
v 2.799721 1.543161 9.590975
v 4.481283 1.543161 8.807288
v 5.963161 1.543161 7.691110
v 7.180591 1.543161 6.291224
v 8.080363 1.543161 4.668810
v 8.623155 1.543161 2.894777
v 8.785243 1.543161 1.046659
v 8.559544 1.543161 -0.794774
v 7.955921 1.543161 -2.549041
v 7.000755 1.543161 -4.139474
v 5.735793 1.543161 -5.496560
v 4.216319 1.543161 -6.560992
v 2.508743 1.543161 -7.286247
v 0.687691 1.543161 -7.640628
v -1.167246 1.543161 -7.608647
v -2.974998 1.543161 -7.191702
v -4.656559 1.543161 -6.408015
v -6.138436 1.543161 -5.291837
v -7.355865 1.543161 -3.891952
v -8.255636 1.543161 -2.269539
v -8.798428 1.543161 -0.495507
v -8.960514 1.543161 1.352611
v -8.734815 1.543161 3.194043
v -8.131193 1.543161 4.948309
v -7.176028 1.543161 6.538740
v -5.911067 1.543161 7.895827
v -4.391594 1.543161 8.960259
v -2.684018 1.543161 9.685512
v -0.862968 1.543161 10.039897
v 0.901468 2.021412 9.269547
v 2.557682 2.021412 8.887554
v 4.098284 2.021412 8.169561
v 5.455941 2.021412 7.146949
v 6.571316 2.021412 5.864411
v 7.395664 2.021412 4.377999
v 7.892955 2.021412 2.752678
v 8.041455 2.021412 1.059482
v 7.834676 2.021412 -0.627589
v 7.281653 2.021412 -2.234801
v 6.406556 2.021412 -3.691912
v 5.247632 2.021412 -4.935239
v 3.855532 2.021412 -5.910442
v 2.291096 2.021412 -6.574901
v 0.622698 2.021412 -6.899575
v -1.076745 2.021412 -6.870274
v -2.732959 2.021412 -6.488281
v -4.273559 2.021412 -5.770288
v -5.631215 2.021412 -4.747677
v -6.746590 2.021412 -3.465139
v -7.570937 2.021412 -1.978729
v -8.068228 2.021412 -0.353408
v -8.216728 2.021412 1.339787
v -8.009948 2.021412 3.026857
v -7.456925 2.021412 4.634068
v -6.581829 2.021412 6.091179
v -5.422906 2.021412 7.334505
v -4.030806 2.021412 8.309707
v -2.466371 2.021412 8.974166
v -0.797974 2.021412 9.298843
v 0.542422 0.303065 6.340170
v 1.597431 0.303065 6.096840
v 2.578795 0.303065 5.639478
v 3.443622 0.303065 4.988075
v 4.154117 0.303065 4.171098
v 4.679226 0.303065 3.224253
v 4.996000 0.303065 2.188924
v 5.090596 0.303065 1.110357
v 4.958877 0.303065 0.035693
v 4.606601 0.303065 -0.988102
v 4.049165 0.303065 -1.916282
v 3.310930 0.303065 -2.708281
v 2.424162 0.303065 -3.329486
v 1.427616 0.303065 -3.752746
v 0.364846 0.303065 -3.959563
v -0.717699 0.303065 -3.940899
v -1.772708 0.303065 -3.697569
v -2.754071 0.303065 -3.240208
v -3.618898 0.303065 -2.588804
v -4.329392 0.303065 -1.771827
v -4.854501 0.303065 -0.824983
v -5.171274 0.303065 0.210346
v -5.265869 0.303065 1.288912
v -5.134150 0.303065 2.363575
v -4.781875 0.303065 3.387369
v -4.224439 0.303065 4.315549
v -3.486204 0.303065 5.107548
v -2.599437 0.303065 5.728752
v -1.602891 0.303065 6.152012
v -0.540123 0.303065 6.358832
v 0.497587 1.478022 5.974371
v 1.477522 1.478022 5.748356
v 2.389052 1.478022 5.323541
v 3.192339 1.478022 4.718490
v 3.852275 1.478022 3.959649
v 4.340018 1.478022 3.080182
v 4.634251 1.478022 2.118526
v 4.722114 1.478022 1.116710
v 4.599766 1.478022 0.118518
v 4.272560 1.478022 -0.832423
v 3.754793 1.478022 -1.694554
v 3.069090 1.478022 -2.430194
v 2.245423 1.478022 -3.007194
v 1.319791 1.478022 -3.400336
v 0.332647 1.478022 -3.592436
v -0.672864 1.478022 -3.575100
v -1.652800 1.478022 -3.349085
v -2.564331 1.478022 -2.924270
v -3.367615 1.478022 -2.319220
v -4.027548 1.478022 -1.560379
v -4.515291 1.478022 -0.680912
v -4.809525 1.478022 0.280743
v -4.897388 1.478022 1.282559
v -4.775042 1.478022 2.280750
v -4.447834 1.478022 3.231691
v -3.930067 1.478022 4.093821
v -3.244366 1.478022 4.829461
v -2.420699 1.478022 5.406461
v -1.495066 1.478022 5.799602
v -0.507924 1.478022 5.991705
v 0.828529 2.229229 8.674453
v 2.362611 2.229229 8.320628
v 3.789604 2.229229 7.655582
v 5.047144 2.229229 6.708380
v 6.080269 2.229229 5.520419
v 6.843827 2.229229 4.143619
v 7.304447 2.229229 2.638153
v 7.441997 2.229229 1.069817
v 7.250465 2.229229 -0.492845
v 6.738224 2.229229 -1.981538
v 5.927659 2.229229 -3.331198
v 4.854197 2.229229 -4.482839
v 3.564753 2.229229 -5.386128
v 2.115683 2.229229 -6.001588
v 0.570316 2.229229 -6.302320
v -1.003806 2.229229 -6.275180
v -2.537887 2.229229 -5.921356
v -3.964879 2.229229 -5.256310
v -5.222419 2.229229 -4.309108
v -6.255543 2.229229 -3.121148
v -7.019100 2.229229 -1.744348
v -7.479720 2.229229 -0.238883
v -7.617270 2.229229 1.329452
v -7.425738 2.229229 2.892113
v -6.913496 2.229229 4.380806
v -6.102932 2.229229 5.730465
v -5.029470 2.229229 6.882105
v -3.740028 2.229229 7.785394
v -2.290958 2.229229 8.400853
v -0.745593 2.229229 8.701589
v 0.790200 2.207766 8.361739
v 2.260103 2.207766 8.022717
v 3.627398 2.207766 7.385493
v 4.832327 2.207766 6.477918
v 5.822231 2.207766 5.339656
v 6.553846 2.207766 4.020456
v 6.995195 2.207766 2.577972
v 7.126990 2.207766 1.075248
v 6.943472 2.207766 -0.422040
v 6.452660 2.207766 -1.848452
v 5.676006 2.207766 -3.141647
v 4.647452 2.207766 -4.245109
v 3.411953 2.207766 -5.110609
v 2.023505 2.207766 -5.700321
v 0.542790 2.207766 -5.988472
v -0.965477 2.207766 -5.962467
v -2.435379 2.207766 -5.623445
v -3.802673 2.207766 -4.986222
v -5.007602 2.207766 -4.078646
v -5.997505 2.207766 -2.940385
v -6.729118 2.207766 -1.621185
v -7.170467 2.207766 -0.178702
v -7.302263 2.207766 1.324021
v -7.118744 2.207766 2.821307
v -6.627932 2.207766 4.247719
v -5.851278 2.207766 5.540914
v -4.822726 2.207766 6.644375
v -3.587228 2.207766 7.509875
v -2.198780 2.207766 8.099586
v -0.718067 2.207766 8.387740
v 0.654137 0.641860 -7.258045
v 2.396378 0.641860 -6.919001
v 4.030056 0.641860 -6.225133
v 5.483771 0.641860 -5.206768
v 6.693988 0.641860 -3.908412
v 7.607817 0.641860 -2.386809
v 8.185316 0.641860 -0.708461
v 8.401248 0.641860 1.053280
v 8.246174 0.641860 2.821417
v 7.726873 0.641860 4.518674
v 6.866040 0.641860 6.070874
v 5.701299 0.641860 7.410177
v 4.283552 0.641860 8.478049
v 2.674764 0.641860 9.227821
v 0.945246 0.641860 9.626721
v -0.829414 0.641860 9.657314
v -2.571653 0.641860 9.318266
v -4.205330 0.641860 8.624399
v -5.659045 0.641860 7.606034
v -6.869262 0.641860 6.307678
v -7.783090 0.641860 4.786077
v -8.360589 0.641860 3.107730
v -8.576521 0.641860 1.345990
v -8.421448 0.641860 -0.422146
v -7.902147 0.641860 -2.119402
v -7.041315 0.641860 -3.671601
v -5.876574 0.641860 -5.010904
v -4.458828 0.641860 -6.078776
v -2.850040 0.641860 -6.828548
v -1.120523 0.641860 -7.227448
v 0.607106 0.374063 -6.721800
v 2.238883 0.374063 -6.404251
v 3.768980 0.374063 -5.754378
v 5.130524 0.374063 -4.800580
v 6.264010 0.374063 -3.584544
v 7.119898 0.374063 -2.159416
v 7.660783 0.374063 -0.587482
v 7.863025 0.374063 1.062559
v 7.717783 0.374063 2.718590
v 7.231407 0.374063 4.308235
v 6.425153 0.374063 5.762020
v 5.334260 0.374063 7.016407
v 4.006404 0.374063 8.016572
v 2.499618 0.374063 8.718806
v 0.879757 0.374063 9.092415
v -0.782383 0.374063 9.121068
v -2.414158 0.374063 8.803517
v -3.944255 0.374063 8.153643
v -5.305798 0.374063 7.199846
v -6.439283 0.374063 5.983811
v -7.295172 0.374063 4.558684
v -7.836055 0.374063 2.986750
v -8.038296 0.374063 1.336711
v -7.893055 0.374063 -0.319319
v -7.406680 0.374063 -1.908964
v -6.600428 0.374063 -3.362748
v -5.509535 0.374063 -4.617135
v -4.181679 0.374063 -5.617300
v -2.674895 0.374063 -6.319533
v -1.055034 0.374063 -6.693142
v -4.109623 0.396189 -5.497320
v -2.629358 0.396189 -6.187194
v -1.038008 0.396189 -6.554227
v 0.594879 0.396189 -6.582379
v 2.197936 0.396189 -6.270420
v 3.701103 0.396189 -5.631985
v 5.038683 0.396189 -4.694974
v 6.152220 0.396189 -3.500341
v 6.993044 0.396189 -2.100296
v 7.524409 0.396189 -0.556028
v 7.723090 0.396189 1.064971
v 7.580405 0.396189 2.691856
v 7.102590 0.396189 4.253523
v 6.310527 0.396189 5.681721
v 5.238833 0.396189 6.914030
v 3.934348 0.396189 7.896593
v 2.454082 0.396189 8.586466
v 0.862731 0.396189 8.953500
v -0.770155 0.396189 8.981649
v -2.373211 0.396189 8.669686
v -3.876377 0.396189 8.031251
v -5.213957 0.396189 7.094241
v -6.327492 0.396189 5.899608
v -7.168316 0.396189 4.499564
v -7.699681 0.396189 2.955296
v -7.898362 0.396189 1.334298
v -7.755678 0.396189 -0.292585
v -7.277863 0.396189 -1.854252
v -6.485801 0.396189 -3.282449
v -5.414108 0.396189 -4.514758
v 2.023505 2.177633 -5.700321
v 3.411953 2.177633 -5.110609
v 4.647452 2.177633 -4.245109
v 5.676006 2.177633 -3.141647
v 6.452660 2.177633 -1.848452
v 6.943471 2.177633 -0.422040
v 7.126990 2.177633 1.075248
v 6.995195 2.177633 2.577972
v 6.553845 2.177633 4.020456
v 5.822231 2.177633 5.339656
v 4.832327 2.177633 6.477918
v 3.627397 2.177633 7.385493
v 2.260103 2.177633 8.022717
v 0.790200 2.177633 8.361740
v -0.718067 2.177633 8.387740
v -2.198780 2.177633 8.099586
v -3.587228 2.177633 7.509875
v -4.822726 2.177633 6.644376
v -5.851279 2.177633 5.540915
v -6.627932 2.177633 4.247719
v -7.118744 2.177633 2.821307
v -7.302263 2.177633 1.324021
v -7.170467 2.177633 -0.178702
v -6.729118 2.177633 -1.621185
v -5.997505 2.177633 -2.940386
v -5.007602 2.177633 -4.078647
v -3.802673 2.177633 -4.986222
v -2.435379 2.177633 -5.623445
v -0.965477 2.177633 -5.962467
v 0.542790 2.177633 -5.988472
v -0.967106 2.229229 -5.975758
v 0.543960 2.229229 -6.001810
v 2.027423 2.229229 -5.713124
v 3.418447 2.229229 -5.122319
v 4.656239 2.229229 -4.255213
v 5.686700 2.229229 -3.149704
v 6.464796 2.229229 -1.854108
v 6.956519 2.229229 -0.425048
v 7.140377 2.229229 1.075017
v 7.008338 2.229229 2.580530
v 6.566169 2.229229 4.025690
v 5.833197 2.229229 5.347339
v 4.841457 2.229229 6.487712
v 3.634291 2.229229 7.396972
v 2.264459 2.229229 8.035378
v 0.791829 2.229229 8.375030
v -0.719236 2.229229 8.401078
v -2.202698 2.229229 8.112389
v -3.593721 2.229229 7.521584
v -4.831512 2.229229 6.654479
v -5.861974 2.229229 5.548970
v -6.640069 2.229229 4.253375
v -7.131791 2.229229 2.824317
v -7.315650 2.229229 1.324252
v -7.183610 2.229229 -0.181260
v -6.741442 2.229229 -1.626420
v -6.008471 2.229229 -2.948068
v -5.016732 2.229229 -4.088441
v -3.809566 2.229229 -4.997700
v -2.439736 2.229229 -5.636106
v -0.984701 2.229229 -6.119312
v 0.556596 2.229229 -6.145886
v 2.069738 2.229229 -5.851425
v 3.488592 2.229229 -5.248799
v 4.751147 2.229229 -4.364345
v 5.802225 2.229229 -3.236718
v 6.595887 2.229229 -1.915203
v 7.097447 2.229229 -0.457553
v 7.284985 2.229229 1.072524
v 7.150303 2.229229 2.608156
v 6.699289 2.229229 4.082230
v 5.951653 2.229229 5.430320
v 4.940071 2.229229 6.593509
v 3.708754 2.229229 7.520959
v 2.311516 2.229229 8.172137
v 0.809425 2.229229 8.518584
v -0.731873 2.229229 8.545154
v -2.245013 2.229229 8.250689
v -3.663866 2.229229 7.648064
v -4.926421 2.229229 6.763611
v -5.977498 2.229229 5.635985
v -6.771160 2.229229 4.314470
v -7.272720 2.229229 2.856821
v -7.460258 2.229229 1.326745
v -7.325576 2.229229 -0.208887
v -6.874562 2.229229 -1.682959
v -6.126927 2.229229 -3.031048
v -5.115346 2.229229 -4.194237
v -3.884029 2.229229 -5.121687
v -2.486793 2.229229 -5.772865
v -7.505894 0.485926 -1.951103
v -6.688712 0.485926 -3.424594
v -5.583032 0.485926 -4.695984
v -4.237177 0.485926 -5.709707
v -2.709966 0.485926 -6.421459
v -1.068148 0.485926 -6.800132
v 0.616524 0.485926 -6.829178
v 2.270420 0.485926 -6.507326
v 3.821259 0.485926 -5.848643
v 5.201260 0.485926 -4.881916
v 6.350110 0.485926 -3.649396
v 7.217600 0.485926 -2.204950
v 7.765817 0.485926 -0.611707
v 7.970799 0.485926 1.060701
v 7.823589 0.485926 2.739180
v 7.330620 0.485926 4.350374
v 6.513438 0.485926 5.823866
v 5.407757 0.485926 7.095256
v 4.061901 0.485926 8.108980
v 2.534690 0.485926 8.820732
v 0.892871 0.485926 9.199405
v -0.791800 0.485926 9.228447
v -2.445696 0.485926 8.906591
v -3.996533 0.485926 8.247909
v -5.376533 0.485926 7.281182
v -6.525383 0.485926 6.048663
v -7.392873 0.485926 4.604218
v -7.941089 0.485926 3.010975
v -8.146071 0.485926 1.338569
v -7.998863 0.485926 -0.339910
v -7.400323 0.366650 -1.906264
v -6.594770 0.366650 -3.358785
v -5.504826 0.366650 -4.612082
v -4.178123 0.366650 -5.611379
v -2.672647 0.366650 -6.313001
v -1.054194 0.366650 -6.686286
v 0.606503 0.366650 -6.714918
v 2.236862 0.366650 -6.397646
v 3.765630 0.366650 -5.748337
v 5.125992 0.366650 -4.795368
v 6.258493 0.366650 -3.580388
v 7.113637 0.366650 -2.156499
v 7.654052 0.366650 -0.585929
v 7.856118 0.366650 1.062678
v 7.711003 0.366650 2.717270
v 7.225050 0.366650 4.305535
v 6.419496 0.366650 5.758057
v 5.329550 0.366650 7.011354
v 4.002847 0.366650 8.010651
v 2.497370 0.366650 8.712274
v 0.878917 0.366650 9.085558
v -0.781779 0.366650 9.114188
v -2.412137 0.366650 8.796911
v -3.940904 0.366650 8.147602
v -5.301265 0.366650 7.194634
v -6.433766 0.366650 5.979655
v -7.288910 0.366650 4.555766
v -7.829324 0.366650 2.985198
v -8.031390 0.366650 1.336592
v -7.886276 0.366650 -0.318000
v -7.812470 0.383193 -0.303637
v -7.331116 0.383193 -1.876870
v -6.533188 0.383193 -3.315645
v -5.453558 0.383193 -4.557081
v -4.139412 0.383193 -5.546920
v -2.648183 0.383193 -6.241903
v -1.045047 0.383193 -6.611655
v 0.599934 0.383193 -6.640016
v 2.214864 0.383193 -6.325747
v 3.729163 0.383193 -5.682582
v 5.076651 0.383193 -4.738633
v 6.198434 0.383193 -3.535151
v 7.045486 0.383193 -2.124737
v 7.580786 0.383193 -0.569031
v 7.780939 0.383193 1.063974
v 7.637198 0.383193 2.702908
v 7.155843 0.383193 4.276141
v 6.357914 0.383193 5.714917
v 5.278283 0.383193 6.956352
v 3.964136 0.383193 7.946193
v 2.472907 0.383193 8.641176
v 0.869770 0.383193 9.010928
v -0.775210 0.383193 9.039284
v -2.390139 0.383193 8.725012
v -3.904438 0.383193 8.081848
v -5.251924 0.383193 7.137898
v -6.373707 0.383193 5.934417
v -7.220759 0.383193 4.524004
v -7.756058 0.383193 2.968300
v -7.956211 0.383193 1.335296
v -7.800082 0.334846 -0.301226
v -7.319500 0.334846 -1.871936
v -6.522852 0.334846 -3.308404
v -5.444953 0.334846 -4.547849
v -4.132913 0.334846 -5.536101
v -2.644077 0.334846 -6.229969
v -1.043511 0.334846 -6.599128
v 0.598831 0.334846 -6.627444
v 2.211171 0.334846 -6.313679
v 3.723043 0.334846 -5.671546
v 5.068369 0.334846 -4.729109
v 6.188353 0.334846 -3.527558
v 7.034047 0.334846 -2.119405
v 7.568488 0.334846 -0.566195
v 7.768320 0.334846 1.064191
v 7.624809 0.334846 2.700497
v 7.144227 0.334846 4.271207
v 6.347577 0.334846 5.707676
v 5.269678 0.334846 6.947121
v 3.957638 0.334846 7.935373
v 2.468801 0.334846 8.629242
v 0.868234 0.334846 8.998401
v -0.774107 0.334846 9.026713
v -2.386446 0.334846 8.712943
v -3.898317 0.334846 8.070811
v -5.243642 0.334846 7.128375
v -6.363626 0.334846 5.926824
v -7.209319 0.334846 4.518673
v -7.743760 0.334846 2.965463
v -7.943592 0.334846 1.335078
v -6.944706 2.226106 4.395351
v -7.459290 2.226106 2.899852
v -7.651697 2.226106 1.330045
v -7.513518 2.226106 -0.245461
v -7.050793 2.226106 -1.757809
v -6.283745 2.226106 -3.140904
v -5.245896 2.226106 -4.334295
v -3.982607 2.226106 -5.285828
v -2.549090 2.226106 -5.953915
v -1.007995 2.226106 -6.309357
v 0.573325 2.226106 -6.336621
v 2.125757 2.226106 -6.034514
v 3.581453 2.226106 -5.416240
v 4.876792 2.226106 -4.508821
v 5.955163 2.226106 -3.351914
v 6.769433 2.226106 -1.996083
v 7.284017 2.226106 -0.500584
v 7.476424 2.226106 1.069224
v 7.338245 2.226106 2.644731
v 6.875520 2.226106 4.157080
v 6.108470 2.226106 5.540175
v 5.070622 2.226106 6.733567
v 3.807332 2.226106 7.685100
v 2.373814 2.226106 8.353187
v 0.832718 2.226106 8.708630
v -0.748601 2.226106 8.735890
v -2.301032 2.226106 8.433779
v -3.756727 2.226106 7.815506
v -5.052066 2.226106 6.908087
v -6.130435 2.226106 5.751181
v -0.718067 1.486460 8.387740
v -2.198780 1.486460 8.099586
v -3.587230 1.486460 7.509874
v -4.822730 1.486460 6.644374
v -5.851281 1.486460 5.540914
v -6.627932 1.486460 4.247719
v -7.118744 1.486460 2.821307
v -7.302263 1.486460 1.324021
v -7.170468 1.486460 -0.178702
v -6.729117 1.486460 -1.621185
v -5.997503 1.486460 -2.940385
v -5.007603 1.486460 -4.078647
v -3.802677 1.486460 -4.986223
v -2.435381 1.486460 -5.623446
v -0.965477 1.486460 -5.962467
v 0.542790 1.486460 -5.988472
v 2.023505 1.486460 -5.700321
v 3.411953 1.486460 -5.110609
v 4.647454 1.486460 -4.245108
v 5.676008 1.486460 -3.141647
v 6.452658 1.486460 -1.848452
v 6.943469 1.486460 -0.422040
v 7.126989 1.486460 1.075248
v 6.995195 1.486460 2.577972
v 6.553845 1.486460 4.020456
v 5.822231 1.486460 5.339656
v 4.832327 1.486460 6.477918
v 3.627398 1.486460 7.385493
v 2.260103 1.486460 8.022717
v 0.790200 1.486460 8.361739
v 0.790200 1.831932 8.361739
v -0.718067 1.831932 8.387740
v -2.198780 1.831932 8.099586
v -3.587229 1.831932 7.509875
v -4.822728 1.831932 6.644375
v -5.851280 1.831932 5.540914
v -6.627932 1.831932 4.247719
v -7.118744 1.831932 2.821307
v -7.302263 1.831932 1.324021
v -7.170467 1.831932 -0.178702
v -6.729118 1.831932 -1.621185
v -5.997504 1.831932 -2.940385
v -5.007603 1.831932 -4.078647
v -3.802675 1.831932 -4.986222
v -2.435380 1.831932 -5.623445
v -0.965477 1.831932 -5.962467
v 0.542790 1.831932 -5.988472
v 2.023505 1.831932 -5.700321
v 3.411953 1.831932 -5.110609
v 4.647453 1.831932 -4.245108
v 5.676007 1.831932 -3.141647
v 6.452659 1.831932 -1.848452
v 6.943470 1.831932 -0.422040
v 7.126989 1.831932 1.075248
v 6.995195 1.831932 2.577972
v 6.553845 1.831932 4.020456
v 5.822231 1.831932 5.339656
v 4.832327 1.831932 6.477918
v 3.627397 1.831932 7.385493
v 2.260103 1.831932 8.022717
vt 0.648603 0.107966
vt 0.626409 0.064408
vt 0.591842 0.029841
vt 0.548284 0.007647
vt 0.500000 -0.000000
vt 0.451716 0.007647
vt 0.408159 0.029841
vt 0.373591 0.064409
vt 0.351397 0.107966
vt 0.343750 0.156250
vt 0.351397 0.204534
vt 0.373591 0.248091
vt 0.408159 0.282659
vt 0.451716 0.304853
vt 0.500000 0.312500
vt 0.548284 0.304853
vt 0.591841 0.282659
vt 0.626409 0.248091
vt 0.648603 0.204534
vt 0.656250 0.156250
vt 0.375000 0.312500
vt 0.387500 0.312500
vt 0.400000 0.312500
vt 0.412500 0.312500
vt 0.425000 0.312500
vt 0.437500 0.312500
vt 0.450000 0.312500
vt 0.462500 0.312500
vt 0.475000 0.312500
vt 0.487500 0.312500
vt 0.500000 0.312500
vt 0.512500 0.312500
vt 0.525000 0.312500
vt 0.537500 0.312500
vt 0.550000 0.312500
vt 0.562500 0.312500
vt 0.575000 0.312500
vt 0.587500 0.312500
vt 0.600000 0.312500
vt 0.612500 0.312500
vt 0.625000 0.312500
vt 0.375000 0.688440
vt 0.387500 0.688440
vt 0.400000 0.688440
vt 0.412500 0.688440
vt 0.425000 0.688440
vt 0.437500 0.688440
vt 0.450000 0.688440
vt 0.462500 0.688440
vt 0.475000 0.688440
vt 0.487500 0.688440
vt 0.500000 0.688440
vt 0.512500 0.688440
vt 0.525000 0.688440
vt 0.537500 0.688440
vt 0.550000 0.688440
vt 0.562500 0.688440
vt 0.575000 0.688440
vt 0.587500 0.688440
vt 0.600000 0.688440
vt 0.612500 0.688440
vt 0.625000 0.688440
vt 0.648603 0.795466
vt 0.626409 0.751908
vt 0.591842 0.717341
vt 0.548284 0.695147
vt 0.500000 0.687500
vt 0.451716 0.695147
vt 0.408159 0.717341
vt 0.373591 0.751909
vt 0.351397 0.795466
vt 0.343750 0.843750
vt 0.351397 0.892034
vt 0.373591 0.935591
vt 0.408159 0.970159
vt 0.451716 0.992353
vt 0.500000 1.000000
vt 0.548284 0.992353
vt 0.591841 0.970159
vt 0.626409 0.935591
vt 0.648603 0.892034
vt 0.656250 0.843750
vt 0.500000 0.150000
vt 0.500000 0.837500
vt 0.000000 0.500000
vt 0.050000 0.500000
vt 0.050000 0.550000
vt 0.000000 0.550000
vt 0.100000 0.500000
vt 0.100000 0.550000
vt 0.150000 0.500000
vt 0.150000 0.550000
vt 0.200000 0.500000
vt 0.200000 0.550000
vt 0.250000 0.500000
vt 0.250000 0.550000
vt 0.300000 0.500000
vt 0.300000 0.550000
vt 0.350000 0.500000
vt 0.350000 0.550000
vt 0.400000 0.500000
vt 0.400000 0.550000
vt 0.450000 0.500000
vt 0.450000 0.550000
vt 0.500000 0.500000
vt 0.500000 0.550000
vt 0.550000 0.500000
vt 0.550000 0.550000
vt 0.600000 0.500000
vt 0.600000 0.550000
vt 0.650000 0.500000
vt 0.650000 0.550000
vt 0.700000 0.500000
vt 0.700000 0.550000
vt 0.750000 0.500000
vt 0.750000 0.550000
vt 0.800000 0.500000
vt 0.800000 0.550000
vt 0.850000 0.500000
vt 0.850000 0.550000
vt 0.900000 0.500000
vt 0.900000 0.550000
vt 0.950000 0.500000
vt 0.950000 0.550000
vt 1.000000 0.500000
vt 1.000000 0.550000
vt 0.050000 0.600000
vt 0.000000 0.600000
vt 0.100000 0.600000
vt 0.150000 0.600000
vt 0.200000 0.600000
vt 0.250000 0.600000
vt 0.300000 0.600000
vt 0.350000 0.600000
vt 0.400000 0.600000
vt 0.450000 0.600000
vt 0.500000 0.600000
vt 0.550000 0.600000
vt 0.600000 0.600000
vt 0.650000 0.600000
vt 0.700000 0.600000
vt 0.750000 0.600000
vt 0.800000 0.600000
vt 0.850000 0.600000
vt 0.900000 0.600000
vt 0.950000 0.600000
vt 1.000000 0.600000
vt 0.050000 0.650000
vt 0.000000 0.650000
vt 0.100000 0.650000
vt 0.150000 0.650000
vt 0.200000 0.650000
vt 0.250000 0.650000
vt 0.300000 0.650000
vt 0.350000 0.650000
vt 0.400000 0.650000
vt 0.450000 0.650000
vt 0.500000 0.650000
vt 0.550000 0.650000
vt 0.600000 0.650000
vt 0.650000 0.650000
vt 0.700000 0.650000
vt 0.750000 0.650000
vt 0.800000 0.650000
vt 0.850000 0.650000
vt 0.900000 0.650000
vt 0.950000 0.650000
vt 1.000000 0.650000
vt 0.050000 0.700000
vt 0.000000 0.700000
vt 0.100000 0.700000
vt 0.150000 0.700000
vt 0.200000 0.700000
vt 0.250000 0.700000
vt 0.300000 0.700000
vt 0.350000 0.700000
vt 0.400000 0.700000
vt 0.450000 0.700000
vt 0.500000 0.700000
vt 0.550000 0.700000
vt 0.600000 0.700000
vt 0.650000 0.700000
vt 0.700000 0.700000
vt 0.750000 0.700000
vt 0.800000 0.700000
vt 0.850000 0.700000
vt 0.900000 0.700000
vt 0.950000 0.700000
vt 1.000000 0.700000
vt 0.050000 0.750000
vt 0.000000 0.750000
vt 0.100000 0.750000
vt 0.150000 0.750000
vt 0.200000 0.750000
vt 0.250000 0.750000
vt 0.300000 0.750000
vt 0.350000 0.750000
vt 0.400000 0.750000
vt 0.450000 0.750000
vt 0.500000 0.750000
vt 0.550000 0.750000
vt 0.600000 0.750000
vt 0.650000 0.750000
vt 0.700000 0.750000
vt 0.750000 0.750000
vt 0.800000 0.750000
vt 0.850000 0.750000
vt 0.900000 0.750000
vt 0.950000 0.750000
vt 1.000000 0.750000
vt 0.050000 0.800000
vt 0.000000 0.800000
vt 0.100000 0.800000
vt 0.150000 0.800000
vt 0.200000 0.800000
vt 0.250000 0.800000
vt 0.300000 0.800000
vt 0.350000 0.800000
vt 0.400000 0.800000
vt 0.450000 0.800000
vt 0.500000 0.800000
vt 0.550000 0.800000
vt 0.600000 0.800000
vt 0.650000 0.800000
vt 0.700000 0.800000
vt 0.750000 0.800000
vt 0.800000 0.800000
vt 0.850000 0.800000
vt 0.900000 0.800000
vt 0.950000 0.800000
vt 1.000000 0.800000
vt 0.050000 0.850000
vt 0.000000 0.850000
vt 0.100000 0.850000
vt 0.150000 0.850000
vt 0.200000 0.850000
vt 0.250000 0.850000
vt 0.300000 0.850000
vt 0.350000 0.850000
vt 0.400000 0.850000
vt 0.450000 0.850000
vt 0.500000 0.850000
vt 0.550000 0.850000
vt 0.600000 0.850000
vt 0.650000 0.850000
vt 0.700000 0.850000
vt 0.750000 0.850000
vt 0.800000 0.850000
vt 0.850000 0.850000
vt 0.900000 0.850000
vt 0.950000 0.850000
vt 1.000000 0.850000
vt 0.050000 0.900000
vt 0.000000 0.900000
vt 0.100000 0.900000
vt 0.150000 0.900000
vt 0.200000 0.900000
vt 0.250000 0.900000
vt 0.300000 0.900000
vt 0.350000 0.900000
vt 0.400000 0.900000
vt 0.450000 0.900000
vt 0.500000 0.900000
vt 0.550000 0.900000
vt 0.600000 0.900000
vt 0.650000 0.900000
vt 0.700000 0.900000
vt 0.750000 0.900000
vt 0.800000 0.900000
vt 0.850000 0.900000
vt 0.900000 0.900000
vt 0.950000 0.900000
vt 1.000000 0.900000
vt 0.050000 0.950000
vt 0.000000 0.950000
vt 0.100000 0.950000
vt 0.150000 0.950000
vt 0.200000 0.950000
vt 0.250000 0.950000
vt 0.300000 0.950000
vt 0.350000 0.950000
vt 0.400000 0.950000
vt 0.450000 0.950000
vt 0.500000 0.950000
vt 0.550000 0.950000
vt 0.600000 0.950000
vt 0.650000 0.950000
vt 0.700000 0.950000
vt 0.750000 0.950000
vt 0.800000 0.950000
vt 0.850000 0.950000
vt 0.900000 0.950000
vt 0.950000 0.950000
vt 1.000000 0.950000
vt 0.025000 1.000000
vt 0.075000 1.000000
vt 0.125000 1.000000
vt 0.175000 1.000000
vt 0.225000 1.000000
vt 0.275000 1.000000
vt 0.325000 1.000000
vt 0.375000 1.000000
vt 0.425000 1.000000
vt 0.475000 1.000000
vt 0.525000 1.000000
vt 0.575000 1.000000
vt 0.625000 1.000000
vt 0.675000 1.000000
vt 0.725000 1.000000
vt 0.775000 1.000000
vt 0.825000 1.000000
vt 0.875000 1.000000
vt 0.925000 1.000000
vt 0.975000 1.000000
vt 0.425000 0.000000
vt 0.475000 0.000000
vt 0.475000 0.250000
vt 0.425000 0.250000
vt 0.525000 0.000000
vt 0.525000 0.250000
vt 0.575000 0.000000
vt 0.575000 0.250000
vt 0.625000 0.000000
vt 0.625000 0.250000
vt 0.475000 0.375000
vt 0.425000 0.375000
vt 0.525000 0.375000
vt 0.575000 0.375000
vt 0.625000 0.375000
vt 0.475000 0.500000
vt 0.425000 0.500000
vt 0.525000 0.500000
vt 0.575000 0.500000
vt 0.625000 0.500000
vt 0.475000 0.750000
vt 0.425000 0.750000
vt 0.525000 0.750000
vt 0.575000 0.750000
vt 0.625000 0.750000
vt 0.475000 0.875000
vt 0.425000 0.875000
vt 0.525000 0.875000
vt 0.575000 0.875000
vt 0.625000 0.875000
vt 0.475000 1.000000
vt 0.425000 1.000000
vt 0.525000 1.000000
vt 0.575000 1.000000
vt 0.625000 1.000000
vt 0.750000 0.000000
vt 0.875000 0.000000
vt 0.875000 0.250000
vt 0.750000 0.250000
vt 0.380152 0.250000
vt 0.380152 0.000000
vt 0.380152 0.375000
vt 0.380152 0.500000
vt 0.380152 0.750000
vt 0.380152 0.875000
vt 0.380152 1.000000
vt 0.425000 0.000000
vt 0.425000 0.250000
vt 0.475000 0.250000
vt 0.475000 0.000000
vt 0.525000 0.250000
vt 0.525000 0.000000
vt 0.575000 0.250000
vt 0.575000 0.000000
vt 0.625000 0.250000
vt 0.625000 0.000000
vt 0.425000 0.375000
vt 0.475000 0.375000
vt 0.525000 0.375000
vt 0.575000 0.375000
vt 0.625000 0.375000
vt 0.425000 0.500000
vt 0.475000 0.500000
vt 0.525000 0.500000
vt 0.575000 0.500000
vt 0.625000 0.500000
vt 0.425000 0.750000
vt 0.475000 0.750000
vt 0.525000 0.750000
vt 0.575000 0.750000
vt 0.625000 0.750000
vt 0.425000 0.875000
vt 0.475000 0.875000
vt 0.525000 0.875000
vt 0.575000 0.875000
vt 0.625000 0.875000
vt 0.425000 1.000000
vt 0.475000 1.000000
vt 0.525000 1.000000
vt 0.575000 1.000000
vt 0.625000 1.000000
vt 0.750000 0.000000
vt 0.750000 0.250000
vt 0.875000 0.250000
vt 0.875000 0.000000
vt 0.380152 0.250000
vt 0.380152 0.000000
vt 0.380152 0.375000
vt 0.380152 0.500000
vt 0.380152 0.750000
vt 0.380152 0.875000
vt 0.380152 1.000000
vt 0.139529 0.455866
vt 0.145465 0.455866
vt 0.145465 0.456909
vt 0.139529 0.456909
vt 0.145465 0.455866
vt 0.151400 0.455866
vt 0.151400 0.456909
vt 0.145465 0.456909
vt 0.145465 0.456909
vt 0.151400 0.456909
vt 0.151400 0.459722
vt 0.145465 0.459722
vt 0.139529 0.456909
vt 0.145465 0.456909
vt 0.145465 0.459722
vt 0.139529 0.457951
vt 0.151400 0.455866
vt 0.157336 0.455866
vt 0.157336 0.456909
vt 0.151400 0.456909
vt 0.157336 0.455866
vt 0.163271 0.455866
vt 0.163271 0.456909
vt 0.157336 0.456909
vt 0.157336 0.456909
vt 0.163271 0.456909
vt 0.163271 0.459722
vt 0.157336 0.459722
vt 0.151400 0.456909
vt 0.157336 0.456909
vt 0.157336 0.459722
vt 0.151400 0.459722
vt 0.163271 0.455866
vt 0.169206 0.455866
vt 0.169206 0.456909
vt 0.163271 0.456909
vt 0.169206 0.455866
vt 0.175142 0.455866
vt 0.175142 0.456909
vt 0.169206 0.456909
vt 0.169206 0.456909
vt 0.175142 0.456909
vt 0.175142 0.459722
vt 0.169206 0.459722
vt 0.163271 0.456909
vt 0.169206 0.456909
vt 0.169206 0.459722
vt 0.163271 0.459722
vt 0.175142 0.455866
vt 0.181077 0.455866
vt 0.181077 0.456909
vt 0.175142 0.456909
vt 0.181077 0.455866
vt 0.187013 0.455866
vt 0.187013 0.456909
vt 0.181077 0.456909
vt 0.181077 0.456909
vt 0.187013 0.456909
vt 0.187013 0.459722
vt 0.181077 0.459722
vt 0.175142 0.456909
vt 0.181077 0.456909
vt 0.181077 0.459722
vt 0.175142 0.459722
vt 0.187013 0.455866
vt 0.192948 0.455866
vt 0.192948 0.456909
vt 0.187013 0.456909
vt 0.192948 0.455866
vt 0.198884 0.455866
vt 0.198884 0.456909
vt 0.192948 0.456909
vt 0.192948 0.456909
vt 0.198884 0.456909
vt 0.198884 0.459722
vt 0.192948 0.459722
vt 0.187013 0.456909
vt 0.192948 0.456909
vt 0.192948 0.459722
vt 0.187013 0.459722
vt 0.198884 0.455866
vt 0.204819 0.455866
vt 0.204819 0.456909
vt 0.198884 0.456909
vt 0.204819 0.455866
vt 0.210755 0.455866
vt 0.210755 0.456909
vt 0.204819 0.456909
vt 0.204819 0.456909
vt 0.210755 0.456909
vt 0.210755 0.459722
vt 0.204819 0.459722
vt 0.198884 0.456909
vt 0.204819 0.456909
vt 0.204819 0.459722
vt 0.198884 0.459722
vt 0.210755 0.455866
vt 0.216690 0.455866
vt 0.216690 0.456909
vt 0.210755 0.456909
vt 0.216690 0.455866
vt 0.222625 0.455866
vt 0.222625 0.456909
vt 0.216690 0.456909
vt 0.216690 0.456909
vt 0.222625 0.456909
vt 0.222625 0.459722
vt 0.216690 0.459722
vt 0.210755 0.456909
vt 0.216690 0.456909
vt 0.216690 0.459722
vt 0.210755 0.459722
vt 0.222625 0.455866
vt 0.228561 0.455866
vt 0.228561 0.456909
vt 0.222625 0.456909
vt 0.228561 0.455866
vt 0.234496 0.455866
vt 0.234496 0.456909
vt 0.228561 0.456909
vt 0.228561 0.456909
vt 0.234496 0.456909
vt 0.234496 0.459722
vt 0.228561 0.459722
vt 0.222625 0.456909
vt 0.228561 0.456909
vt 0.228561 0.459722
vt 0.222625 0.459722
vt 0.234496 0.455866
vt 0.240432 0.455866
vt 0.240432 0.456909
vt 0.234496 0.456909
vt 0.240432 0.455866
vt 0.246367 0.455866
vt 0.246367 0.456909
vt 0.240432 0.456909
vt 0.240432 0.456909
vt 0.246367 0.456909
vt 0.246367 0.459722
vt 0.240432 0.459722
vt 0.234496 0.456909
vt 0.240432 0.456909
vt 0.240432 0.459722
vt 0.234496 0.459722
vt 0.246367 0.455866
vt 0.252303 0.455866
vt 0.252303 0.456909
vt 0.246367 0.456909
vt 0.252303 0.455866
vt 0.258238 0.455866
vt 0.258238 0.456909
vt 0.252303 0.456909
vt 0.252303 0.456909
vt 0.258238 0.456909
vt 0.258238 0.459722
vt 0.252303 0.459722
vt 0.246367 0.456909
vt 0.252303 0.456909
vt 0.252303 0.459722
vt 0.246367 0.459722
vt 0.258238 0.455866
vt 0.264174 0.455866
vt 0.264174 0.456909
vt 0.258238 0.456909
vt 0.264174 0.455866
vt 0.270109 0.455866
vt 0.270109 0.456909
vt 0.264174 0.456909
vt 0.264174 0.456909
vt 0.270109 0.456909
vt 0.270109 0.459722
vt 0.264174 0.459722
vt 0.258238 0.456909
vt 0.264174 0.456909
vt 0.264174 0.459722
vt 0.258238 0.459722
vt 0.270109 0.455866
vt 0.276045 0.455866
vt 0.276045 0.456909
vt 0.270109 0.456909
vt 0.276045 0.455866
vt 0.281980 0.455866
vt 0.281980 0.456909
vt 0.276045 0.456909
vt 0.276045 0.456909
vt 0.281980 0.456909
vt 0.281980 0.459722
vt 0.276045 0.459722
vt 0.270109 0.456909
vt 0.276045 0.456909
vt 0.276045 0.459722
vt 0.270109 0.459722
vt 0.281980 0.455866
vt 0.287915 0.455866
vt 0.287915 0.456909
vt 0.281980 0.456909
vt 0.287915 0.455866
vt 0.293851 0.455866
vt 0.293851 0.456909
vt 0.287915 0.456909
vt 0.287915 0.456909
vt 0.293851 0.456909
vt 0.293851 0.459722
vt 0.287915 0.459722
vt 0.281980 0.456909
vt 0.287915 0.456909
vt 0.287915 0.459722
vt 0.281980 0.459722
vt 0.293851 0.455866
vt 0.299786 0.455866
vt 0.299786 0.456909
vt 0.293851 0.456909
vt 0.299786 0.455866
vt 0.305722 0.455866
vt 0.305722 0.456909
vt 0.299786 0.456909
vt 0.299786 0.456909
vt 0.305722 0.456909
vt 0.305722 0.459722
vt 0.299786 0.459722
vt 0.293851 0.456909
vt 0.299786 0.456909
vt 0.299786 0.459722
vt 0.293851 0.459722
vt 0.305722 0.455866
vt 0.311657 0.455866
vt 0.311657 0.456909
vt 0.305722 0.456909
vt 0.311657 0.455866
vt 0.317593 0.455866
vt 0.317593 0.456909
vt 0.311657 0.456909
vt 0.311657 0.456909
vt 0.317593 0.456909
vt 0.317593 0.459722
vt 0.311657 0.459722
vt 0.305722 0.456909
vt 0.311657 0.456909
vt 0.311657 0.459722
vt 0.305722 0.459722
vt 0.317593 0.455866
vt 0.323528 0.455866
vt 0.323528 0.456909
vt 0.317593 0.456909
vt 0.323528 0.455866
vt 0.329464 0.455866
vt 0.329464 0.456909
vt 0.323528 0.456909
vt 0.323528 0.456909
vt 0.329464 0.456909
vt 0.329464 0.459722
vt 0.323528 0.459722
vt 0.317593 0.456909
vt 0.323528 0.456909
vt 0.323528 0.459722
vt 0.317593 0.459722
vt 0.329464 0.455866
vt 0.335399 0.455866
vt 0.335399 0.456909
vt 0.329464 0.456909
vt 0.335399 0.455866
vt 0.341335 0.455866
vt 0.341335 0.456909
vt 0.335399 0.456909
vt 0.335399 0.456909
vt 0.341335 0.456909
vt 0.341335 0.459722
vt 0.335399 0.459722
vt 0.329464 0.456909
vt 0.335399 0.456909
vt 0.335399 0.459722
vt 0.329464 0.459722
vt 0.341335 0.455866
vt 0.347270 0.455866
vt 0.347270 0.456909
vt 0.341335 0.456909
vt 0.347270 0.455866
vt 0.353206 0.455866
vt 0.353206 0.456909
vt 0.347270 0.456909
vt 0.347270 0.456909
vt 0.353206 0.456909
vt 0.353206 0.459722
vt 0.347270 0.459722
vt 0.341335 0.456909
vt 0.347270 0.456909
vt 0.347270 0.459722
vt 0.341335 0.459722
vt 0.353206 0.455866
vt 0.359141 0.455866
vt 0.359141 0.456909
vt 0.353206 0.456909
vt 0.359141 0.455866
vt 0.365076 0.455866
vt 0.365076 0.456909
vt 0.359141 0.456909
vt 0.359141 0.456909
vt 0.365076 0.456909
vt 0.365076 0.459722
vt 0.359141 0.459722
vt 0.353206 0.456909
vt 0.359141 0.456909
vt 0.359141 0.459722
vt 0.353206 0.459722
vt 0.365076 0.455866
vt 0.371012 0.455866
vt 0.371012 0.456909
vt 0.365076 0.456909
vt 0.371012 0.455866
vt 0.376947 0.455866
vt 0.376947 0.456909
vt 0.371012 0.456909
vt 0.371012 0.456909
vt 0.376947 0.456909
vt 0.376947 0.459722
vt 0.371012 0.459722
vt 0.365076 0.456909
vt 0.371012 0.456909
vt 0.371012 0.459722
vt 0.365076 0.459722
vt 0.376947 0.455866
vt 0.382883 0.455866
vt 0.382883 0.456909
vt 0.376947 0.456909
vt 0.382883 0.455866
vt 0.388818 0.455866
vt 0.388818 0.456909
vt 0.382883 0.456909
vt 0.382883 0.456909
vt 0.388818 0.456909
vt 0.388818 0.459722
vt 0.382883 0.459722
vt 0.376947 0.456909
vt 0.382883 0.456909
vt 0.382883 0.459722
vt 0.376947 0.459722
vt 0.388818 0.455866
vt 0.394754 0.455866
vt 0.394754 0.456909
vt 0.388818 0.456909
vt 0.394754 0.455866
vt 0.400689 0.455866
vt 0.400689 0.456909
vt 0.394754 0.456909
vt 0.394754 0.456909
vt 0.400689 0.456909
vt 0.400689 0.459722
vt 0.394754 0.459722
vt 0.388818 0.456909
vt 0.394754 0.456909
vt 0.394754 0.459722
vt 0.388818 0.459722
vt 0.400689 0.455866
vt 0.406625 0.455866
vt 0.406625 0.456909
vt 0.400689 0.456909
vt 0.406625 0.455866
vt 0.412560 0.455866
vt 0.412560 0.456909
vt 0.406625 0.456909
vt 0.406625 0.456909
vt 0.412560 0.456909
vt 0.412560 0.459722
vt 0.406625 0.459722
vt 0.400689 0.456909
vt 0.406625 0.456909
vt 0.406625 0.459722
vt 0.400689 0.459722
vt 0.412560 0.455866
vt 0.418496 0.455866
vt 0.418496 0.456909
vt 0.412560 0.456909
vt 0.418496 0.455866
vt 0.424431 0.455866
vt 0.424431 0.456909
vt 0.418496 0.456909
vt 0.418496 0.456909
vt 0.424431 0.456909
vt 0.424431 0.459722
vt 0.418496 0.459722
vt 0.412560 0.456909
vt 0.418496 0.456909
vt 0.418496 0.459722
vt 0.412560 0.459722
vt 0.424431 0.455866
vt 0.430366 0.455866
vt 0.430366 0.456909
vt 0.424431 0.456909
vt 0.430366 0.455866
vt 0.436302 0.455866
vt 0.436302 0.456909
vt 0.430366 0.456909
vt 0.430366 0.456909
vt 0.436302 0.456909
vt 0.436302 0.459722
vt 0.430366 0.459722
vt 0.424431 0.456909
vt 0.430366 0.456909
vt 0.430366 0.459722
vt 0.424431 0.459722
vt 0.436302 0.455866
vt 0.442237 0.455866
vt 0.442237 0.456909
vt 0.436302 0.456909
vt 0.442237 0.455866
vt 0.448173 0.455866
vt 0.448173 0.456909
vt 0.442237 0.456909
vt 0.442237 0.456909
vt 0.448173 0.456909
vt 0.448173 0.459722
vt 0.442237 0.459722
vt 0.436302 0.456909
vt 0.442237 0.456909
vt 0.442237 0.459722
vt 0.436302 0.459722
vt 0.448173 0.455866
vt 0.454108 0.455866
vt 0.454108 0.456909
vt 0.448173 0.456909
vt 0.454108 0.455866
vt 0.460044 0.455866
vt 0.460044 0.456909
vt 0.454108 0.456909
vt 0.454108 0.456909
vt 0.460044 0.456909
vt 0.460044 0.459722
vt 0.454108 0.459722
vt 0.448173 0.456909
vt 0.454108 0.456909
vt 0.454108 0.459722
vt 0.448173 0.459722
vt 0.460044 0.455866
vt 0.465979 0.455866
vt 0.465979 0.456909
vt 0.460044 0.456909
vt 0.465979 0.455866
vt 0.471915 0.455866
vt 0.471915 0.456909
vt 0.465979 0.456909
vt 0.465979 0.456909
vt 0.471915 0.456909
vt 0.471915 0.459722
vt 0.465979 0.459722
vt 0.460044 0.456909
vt 0.465979 0.456909
vt 0.465979 0.459722
vt 0.460044 0.459722
vt 0.471915 0.455866
vt 0.477850 0.455866
vt 0.477850 0.456909
vt 0.471915 0.456909
vt 0.477850 0.455866
vt 0.483786 0.455866
vt 0.483786 0.456909
vt 0.477850 0.456909
vt 0.477850 0.456909
vt 0.483786 0.456909
vt 0.483786 0.459722
vt 0.477850 0.459722
vt 0.471915 0.456909
vt 0.477850 0.456909
vt 0.477850 0.459722
vt 0.471915 0.459722
vt 0.483786 0.455866
vt 0.489721 0.455866
vt 0.489721 0.456909
vt 0.483786 0.456909
vt 0.489721 0.455866
vt 0.495656 0.455866
vt 0.495656 0.456909
vt 0.489721 0.456909
vt 0.489721 0.456909
vt 0.495656 0.456909
vt 0.495656 0.457951
vt 0.489721 0.459722
vt 0.483786 0.456909
vt 0.489721 0.456909
vt 0.489721 0.459722
vt 0.483786 0.459722
vt 0.139529 0.589749
vt 0.145465 0.600661
vt 0.145465 0.656690
vt 0.139529 0.656690
vt 0.145465 0.600661
vt 0.151400 0.600661
vt 0.151400 0.656690
vt 0.145465 0.656690
vt 0.145465 0.656690
vt 0.151400 0.656690
vt 0.151400 0.723632
vt 0.145465 0.723632
vt 0.139529 0.656690
vt 0.145465 0.656690
vt 0.145465 0.723632
vt 0.139529 0.723632
vt 0.151400 0.600661
vt 0.157336 0.600661
vt 0.157336 0.656690
vt 0.151400 0.656690
vt 0.157336 0.600661
vt 0.163271 0.600661
vt 0.163271 0.656690
vt 0.157336 0.656690
vt 0.157336 0.656690
vt 0.163271 0.656690
vt 0.163271 0.723632
vt 0.157336 0.723632
vt 0.151400 0.656690
vt 0.157336 0.656690
vt 0.157336 0.723632
vt 0.151400 0.723632
vt 0.163271 0.600661
vt 0.169206 0.600661
vt 0.169206 0.656690
vt 0.163271 0.656690
vt 0.169206 0.600661
vt 0.175142 0.600661
vt 0.175142 0.656690
vt 0.169206 0.656690
vt 0.169206 0.656690
vt 0.175142 0.656690
vt 0.175142 0.723632
vt 0.169206 0.723632
vt 0.163271 0.656690
vt 0.169206 0.656690
vt 0.169206 0.723632
vt 0.163271 0.723632
vt 0.175142 0.600661
vt 0.181077 0.600661
vt 0.181077 0.656690
vt 0.175142 0.656690
vt 0.181077 0.600661
vt 0.187013 0.600661
vt 0.187013 0.656690
vt 0.181077 0.656690
vt 0.181077 0.656690
vt 0.187013 0.656690
vt 0.187013 0.723632
vt 0.181077 0.723632
vt 0.175142 0.656690
vt 0.181077 0.656690
vt 0.181077 0.723632
vt 0.175142 0.723632
vt 0.187013 0.600661
vt 0.192948 0.600661
vt 0.192948 0.656690
vt 0.187013 0.656690
vt 0.192948 0.600661
vt 0.198884 0.600661
vt 0.198884 0.656690
vt 0.192948 0.656690
vt 0.192948 0.656690
vt 0.198884 0.656690
vt 0.198884 0.723632
vt 0.192948 0.723632
vt 0.187013 0.656690
vt 0.192948 0.656690
vt 0.192948 0.723632
vt 0.187013 0.723632
vt 0.198884 0.600661
vt 0.204819 0.600661
vt 0.204819 0.656690
vt 0.198884 0.656690
vt 0.204819 0.600661
vt 0.210755 0.600661
vt 0.210755 0.656690
vt 0.204819 0.656690
vt 0.204819 0.656690
vt 0.210755 0.656690
vt 0.210755 0.723632
vt 0.204819 0.723632
vt 0.198884 0.656690
vt 0.204819 0.656690
vt 0.204819 0.723632
vt 0.198884 0.723632
vt 0.210755 0.600661
vt 0.216690 0.600661
vt 0.216690 0.656690
vt 0.210755 0.656690
vt 0.216690 0.600661
vt 0.222625 0.600661
vt 0.222625 0.656690
vt 0.216690 0.656690
vt 0.216690 0.656690
vt 0.222625 0.656690
vt 0.222625 0.723632
vt 0.216690 0.723632
vt 0.210755 0.656690
vt 0.216690 0.656690
vt 0.216690 0.723632
vt 0.210755 0.723632
vt 0.222625 0.600661
vt 0.228561 0.600661
vt 0.228561 0.656690
vt 0.222625 0.656690
vt 0.228561 0.600661
vt 0.234496 0.600661
vt 0.234496 0.656690
vt 0.228561 0.656690
vt 0.228561 0.656690
vt 0.234496 0.656690
vt 0.234496 0.723632
vt 0.228561 0.723632
vt 0.222625 0.656690
vt 0.228561 0.656690
vt 0.228561 0.723632
vt 0.222625 0.723632
vt 0.234496 0.600661
vt 0.240432 0.600661
vt 0.240432 0.656690
vt 0.234496 0.656690
vt 0.240432 0.600661
vt 0.246367 0.600661
vt 0.246367 0.656690
vt 0.240432 0.656690
vt 0.240432 0.656690
vt 0.246367 0.656690
vt 0.246367 0.723632
vt 0.240432 0.723632
vt 0.234496 0.656690
vt 0.240432 0.656690
vt 0.240432 0.723632
vt 0.234496 0.723632
vt 0.246367 0.600661
vt 0.252303 0.600661
vt 0.252303 0.656690
vt 0.246367 0.656690
vt 0.252303 0.600661
vt 0.258238 0.600661
vt 0.258238 0.656690
vt 0.252303 0.656690
vt 0.252303 0.656690
vt 0.258238 0.656690
vt 0.258238 0.723632
vt 0.252303 0.723632
vt 0.246367 0.656690
vt 0.252303 0.656690
vt 0.252303 0.723632
vt 0.246367 0.723632
vt 0.258238 0.600661
vt 0.264174 0.600661
vt 0.264174 0.656690
vt 0.258238 0.656690
vt 0.264174 0.600661
vt 0.270109 0.600661
vt 0.270109 0.656690
vt 0.264174 0.656690
vt 0.264174 0.656690
vt 0.270109 0.656690
vt 0.270109 0.723632
vt 0.264174 0.723632
vt 0.258238 0.656690
vt 0.264174 0.656690
vt 0.264174 0.723632
vt 0.258238 0.723632
vt 0.270109 0.600661
vt 0.276045 0.600661
vt 0.276045 0.656690
vt 0.270109 0.656690
vt 0.276045 0.600661
vt 0.281980 0.600661
vt 0.281980 0.656690
vt 0.276045 0.656690
vt 0.276045 0.656690
vt 0.281980 0.656690
vt 0.281980 0.723632
vt 0.276045 0.723632
vt 0.270109 0.656690
vt 0.276045 0.656690
vt 0.276045 0.723632
vt 0.270109 0.723632
vt 0.281980 0.600661
vt 0.287915 0.600661
vt 0.287915 0.656690
vt 0.281980 0.656690
vt 0.287915 0.600661
vt 0.293851 0.600661
vt 0.293851 0.656690
vt 0.287915 0.656690
vt 0.287915 0.656690
vt 0.293851 0.656690
vt 0.293851 0.723632
vt 0.287915 0.723632
vt 0.281980 0.656690
vt 0.287915 0.656690
vt 0.287915 0.723632
vt 0.281980 0.723632
vt 0.293851 0.600661
vt 0.299786 0.600661
vt 0.299786 0.656690
vt 0.293851 0.656690
vt 0.299786 0.600661
vt 0.305722 0.600661
vt 0.305722 0.656690
vt 0.299786 0.656690
vt 0.299786 0.656690
vt 0.305722 0.656690
vt 0.305722 0.723632
vt 0.299786 0.723632
vt 0.293851 0.656690
vt 0.299786 0.656690
vt 0.299786 0.723632
vt 0.293851 0.723632
vt 0.305722 0.600661
vt 0.311657 0.600661
vt 0.311657 0.656690
vt 0.305722 0.656690
vt 0.311657 0.600661
vt 0.317593 0.600661
vt 0.317593 0.656690
vt 0.311657 0.656690
vt 0.311657 0.656690
vt 0.317593 0.656690
vt 0.317593 0.723632
vt 0.311657 0.723632
vt 0.305722 0.656690
vt 0.311657 0.656690
vt 0.311657 0.723632
vt 0.305722 0.723632
vt 0.317593 0.600661
vt 0.323528 0.600661
vt 0.323528 0.656690
vt 0.317593 0.656690
vt 0.323528 0.600661
vt 0.329464 0.600661
vt 0.329464 0.656690
vt 0.323528 0.656690
vt 0.323528 0.656690
vt 0.329464 0.656690
vt 0.329464 0.723632
vt 0.323528 0.723632
vt 0.317593 0.656690
vt 0.323528 0.656690
vt 0.323528 0.723632
vt 0.317593 0.723632
vt 0.329464 0.600661
vt 0.335399 0.600661
vt 0.335399 0.656690
vt 0.329464 0.656690
vt 0.335399 0.600661
vt 0.341335 0.600661
vt 0.341335 0.656690
vt 0.335399 0.656690
vt 0.335399 0.656690
vt 0.341335 0.656690
vt 0.341335 0.723632
vt 0.335399 0.723632
vt 0.329464 0.656690
vt 0.335399 0.656690
vt 0.335399 0.723632
vt 0.329464 0.723632
vt 0.341335 0.600661
vt 0.347270 0.600661
vt 0.347270 0.656690
vt 0.341335 0.656690
vt 0.347270 0.600661
vt 0.353206 0.600661
vt 0.353206 0.656690
vt 0.347270 0.656690
vt 0.347270 0.656690
vt 0.353206 0.656690
vt 0.353206 0.723632
vt 0.347270 0.723632
vt 0.341335 0.656690
vt 0.347270 0.656690
vt 0.347270 0.723632
vt 0.341335 0.723632
vt 0.353206 0.600661
vt 0.359141 0.600661
vt 0.359141 0.656690
vt 0.353206 0.656690
vt 0.359141 0.600661
vt 0.365076 0.600661
vt 0.365076 0.656690
vt 0.359141 0.656690
vt 0.359141 0.656690
vt 0.365076 0.656690
vt 0.365076 0.723632
vt 0.359141 0.723632
vt 0.353206 0.656690
vt 0.359141 0.656690
vt 0.359141 0.723632
vt 0.353206 0.723632
vt 0.365076 0.600661
vt 0.371012 0.600661
vt 0.371012 0.656690
vt 0.365076 0.656690
vt 0.371012 0.600661
vt 0.376947 0.600661
vt 0.376947 0.656690
vt 0.371012 0.656690
vt 0.371012 0.656690
vt 0.376947 0.656690
vt 0.376947 0.723632
vt 0.371012 0.723632
vt 0.365076 0.656690
vt 0.371012 0.656690
vt 0.371012 0.723632
vt 0.365076 0.723632
vt 0.376947 0.600661
vt 0.382883 0.600661
vt 0.382883 0.656690
vt 0.376947 0.656690
vt 0.382883 0.600661
vt 0.388818 0.600661
vt 0.388818 0.656690
vt 0.382883 0.656690
vt 0.382883 0.656690
vt 0.388818 0.656690
vt 0.388818 0.723632
vt 0.382883 0.723632
vt 0.376947 0.656690
vt 0.382883 0.656690
vt 0.382883 0.723632
vt 0.376947 0.723632
vt 0.388818 0.600661
vt 0.394754 0.600661
vt 0.394754 0.656690
vt 0.388818 0.656690
vt 0.394754 0.600661
vt 0.400689 0.600661
vt 0.400689 0.656690
vt 0.394754 0.656690
vt 0.394754 0.656690
vt 0.400689 0.656690
vt 0.400689 0.723632
vt 0.394754 0.723632
vt 0.388818 0.656690
vt 0.394754 0.656690
vt 0.394754 0.723632
vt 0.388818 0.723632
vt 0.400689 0.600661
vt 0.406625 0.600661
vt 0.406625 0.656690
vt 0.400689 0.656690
vt 0.406625 0.600661
vt 0.412560 0.600661
vt 0.412560 0.656690
vt 0.406625 0.656690
vt 0.406625 0.656690
vt 0.412560 0.656690
vt 0.412560 0.723632
vt 0.406625 0.723632
vt 0.400689 0.656690
vt 0.406625 0.656690
vt 0.406625 0.723632
vt 0.400689 0.723632
vt 0.412560 0.600661
vt 0.418496 0.600661
vt 0.418496 0.656690
vt 0.412560 0.656690
vt 0.418496 0.600661
vt 0.424431 0.600661
vt 0.424431 0.656690
vt 0.418496 0.656690
vt 0.418496 0.656690
vt 0.424431 0.656690
vt 0.424431 0.723632
vt 0.418496 0.723632
vt 0.412560 0.656690
vt 0.418496 0.656690
vt 0.418496 0.723632
vt 0.412560 0.723632
vt 0.424431 0.600661
vt 0.430366 0.600661
vt 0.430366 0.656690
vt 0.424431 0.656690
vt 0.430366 0.600661
vt 0.436302 0.600661
vt 0.436302 0.656690
vt 0.430366 0.656690
vt 0.430366 0.656690
vt 0.436302 0.656690
vt 0.436302 0.723632
vt 0.430366 0.723632
vt 0.424431 0.656690
vt 0.430366 0.656690
vt 0.430366 0.723632
vt 0.424431 0.723632
vt 0.436302 0.600661
vt 0.442237 0.600661
vt 0.442237 0.656690
vt 0.436302 0.656690
vt 0.442237 0.600661
vt 0.448173 0.600661
vt 0.448173 0.656690
vt 0.442237 0.656690
vt 0.442237 0.656690
vt 0.448173 0.656690
vt 0.448173 0.723632
vt 0.442237 0.723632
vt 0.436302 0.656690
vt 0.442237 0.656690
vt 0.442237 0.723632
vt 0.436302 0.723632
vt 0.448173 0.600661
vt 0.454108 0.600661
vt 0.454108 0.656690
vt 0.448173 0.656690
vt 0.454108 0.600661
vt 0.460044 0.600661
vt 0.460044 0.656690
vt 0.454108 0.656690
vt 0.454108 0.656690
vt 0.460044 0.656690
vt 0.460044 0.723632
vt 0.454108 0.723632
vt 0.448173 0.656690
vt 0.454108 0.656690
vt 0.454108 0.723632
vt 0.448173 0.723632
vt 0.460044 0.600661
vt 0.465979 0.600661
vt 0.465979 0.656690
vt 0.460044 0.656690
vt 0.465979 0.600661
vt 0.471915 0.600661
vt 0.471915 0.656690
vt 0.465979 0.656690
vt 0.465979 0.656690
vt 0.471915 0.656690
vt 0.471915 0.723632
vt 0.465979 0.723632
vt 0.460044 0.656690
vt 0.465979 0.656690
vt 0.465979 0.723632
vt 0.460044 0.723632
vt 0.471915 0.600661
vt 0.477850 0.600661
vt 0.477850 0.656690
vt 0.471915 0.656690
vt 0.477850 0.600661
vt 0.483786 0.600661
vt 0.483786 0.656690
vt 0.477850 0.656690
vt 0.477850 0.656690
vt 0.483786 0.656690
vt 0.483786 0.723632
vt 0.477850 0.723632
vt 0.471915 0.656690
vt 0.477850 0.656690
vt 0.477850 0.723632
vt 0.471915 0.723632
vt 0.483786 0.600661
vt 0.489721 0.600661
vt 0.489721 0.656690
vt 0.483786 0.656690
vt 0.489721 0.600661
vt 0.495656 0.589749
vt 0.495656 0.656690
vt 0.489721 0.656690
vt 0.489721 0.656690
vt 0.495656 0.656690
vt 0.495656 0.723632
vt 0.489721 0.723632
vt 0.483786 0.656690
vt 0.489721 0.656690
vt 0.489721 0.723632
vt 0.483786 0.723632
vt 0.139529 0.723632
vt 0.145465 0.723632
vt 0.145465 0.790573
vt 0.139529 0.790573
vt 0.145465 0.723632
vt 0.151400 0.723632
vt 0.151400 0.790573
vt 0.145465 0.790573
vt 0.145465 0.790573
vt 0.151400 0.790573
vt 0.151400 0.857258
vt 0.145465 0.857258
vt 0.139529 0.790573
vt 0.145465 0.790573
vt 0.145465 0.857258
vt 0.139529 0.857514
vt 0.151400 0.723632
vt 0.157336 0.723632
vt 0.157336 0.790573
vt 0.151400 0.790573
vt 0.157336 0.723632
vt 0.163271 0.723632
vt 0.163271 0.790573
vt 0.157336 0.790573
vt 0.157336 0.790573
vt 0.163271 0.790573
vt 0.163271 0.857258
vt 0.157336 0.857258
vt 0.151400 0.790573
vt 0.157336 0.790573
vt 0.157336 0.857258
vt 0.151400 0.857258
vt 0.163271 0.723632
vt 0.169206 0.723632
vt 0.169206 0.790573
vt 0.163271 0.790573
vt 0.169206 0.723632
vt 0.175142 0.723632
vt 0.175142 0.790573
vt 0.169206 0.790573
vt 0.169206 0.790573
vt 0.175142 0.790573
vt 0.175142 0.857258
vt 0.169206 0.857258
vt 0.163271 0.790573
vt 0.169206 0.790573
vt 0.169206 0.857258
vt 0.163271 0.857258
vt 0.175142 0.723632
vt 0.181077 0.723632
vt 0.181077 0.790573
vt 0.175142 0.790573
vt 0.181077 0.723632
vt 0.187013 0.723632
vt 0.187013 0.790573
vt 0.181077 0.790573
vt 0.181077 0.790573
vt 0.187013 0.790573
vt 0.187013 0.857258
vt 0.181077 0.857258
vt 0.175142 0.790573
vt 0.181077 0.790573
vt 0.181077 0.857258
vt 0.175142 0.857258
vt 0.187013 0.723632
vt 0.192948 0.723632
vt 0.192948 0.790573
vt 0.187013 0.790573
vt 0.192948 0.723632
vt 0.198884 0.723632
vt 0.198884 0.790573
vt 0.192948 0.790573
vt 0.192948 0.790573
vt 0.198884 0.790573
vt 0.198884 0.857258
vt 0.192948 0.857258
vt 0.187013 0.790573
vt 0.192948 0.790573
vt 0.192948 0.857258
vt 0.187013 0.857258
vt 0.198884 0.723632
vt 0.204819 0.723632
vt 0.204819 0.790573
vt 0.198884 0.790573
vt 0.204819 0.723632
vt 0.210755 0.723632
vt 0.210755 0.790573
vt 0.204819 0.790573
vt 0.204819 0.790573
vt 0.210755 0.790573
vt 0.210755 0.857258
vt 0.204819 0.857258
vt 0.198884 0.790573
vt 0.204819 0.790573
vt 0.204819 0.857258
vt 0.198884 0.857258
vt 0.210755 0.723632
vt 0.216690 0.723632
vt 0.216690 0.790573
vt 0.210755 0.790573
vt 0.216690 0.723632
vt 0.222625 0.723632
vt 0.222625 0.790573
vt 0.216690 0.790573
vt 0.216690 0.790573
vt 0.222625 0.790573
vt 0.222625 0.857258
vt 0.216690 0.857258
vt 0.210755 0.790573
vt 0.216690 0.790573
vt 0.216690 0.857258
vt 0.210755 0.857258
vt 0.222625 0.723632
vt 0.228561 0.723632
vt 0.228561 0.790573
vt 0.222625 0.790573
vt 0.228561 0.723632
vt 0.234496 0.723632
vt 0.234496 0.790573
vt 0.228561 0.790573
vt 0.228561 0.790573
vt 0.234496 0.790573
vt 0.234496 0.857258
vt 0.228561 0.857258
vt 0.222625 0.790573
vt 0.228561 0.790573
vt 0.228561 0.857258
vt 0.222625 0.857258
vt 0.234496 0.723632
vt 0.240432 0.723632
vt 0.240432 0.790573
vt 0.234496 0.790573
vt 0.240432 0.723632
vt 0.246367 0.723632
vt 0.246367 0.790573
vt 0.240432 0.790573
vt 0.240432 0.790573
vt 0.246367 0.790573
vt 0.246367 0.857258
vt 0.240432 0.857258
vt 0.234496 0.790573
vt 0.240432 0.790573
vt 0.240432 0.857258
vt 0.234496 0.857258
vt 0.246367 0.723632
vt 0.252303 0.723632
vt 0.252303 0.790573
vt 0.246367 0.790573
vt 0.252303 0.723632
vt 0.258238 0.723632
vt 0.258238 0.790573
vt 0.252303 0.790573
vt 0.252303 0.790573
vt 0.258238 0.790573
vt 0.258238 0.857258
vt 0.252303 0.857258
vt 0.246367 0.790573
vt 0.252303 0.790573
vt 0.252303 0.857258
vt 0.246367 0.857258
vt 0.258238 0.723632
vt 0.264174 0.723632
vt 0.264174 0.790573
vt 0.258238 0.790573
vt 0.264174 0.723632
vt 0.270109 0.723632
vt 0.270109 0.790573
vt 0.264174 0.790573
vt 0.264174 0.790573
vt 0.270109 0.790573
vt 0.270109 0.857258
vt 0.264174 0.857258
vt 0.258238 0.790573
vt 0.264174 0.790573
vt 0.264174 0.857258
vt 0.258238 0.857258
vt 0.270109 0.723632
vt 0.276045 0.723632
vt 0.276045 0.790573
vt 0.270109 0.790573
vt 0.276045 0.723632
vt 0.281980 0.723632
vt 0.281980 0.790573
vt 0.276045 0.790573
vt 0.276045 0.790573
vt 0.281980 0.790573
vt 0.281980 0.857258
vt 0.276045 0.857258
vt 0.270109 0.790573
vt 0.276045 0.790573
vt 0.276045 0.857258
vt 0.270109 0.857258
vt 0.281980 0.723632
vt 0.287915 0.723632
vt 0.287915 0.790573
vt 0.281980 0.790573
vt 0.287915 0.723632
vt 0.293851 0.723632
vt 0.293851 0.790573
vt 0.287915 0.790573
vt 0.287915 0.790573
vt 0.293851 0.790573
vt 0.293851 0.857258
vt 0.287915 0.857258
vt 0.281980 0.790573
vt 0.287915 0.790573
vt 0.287915 0.857258
vt 0.281980 0.857258
vt 0.293851 0.723632
vt 0.299786 0.723632
vt 0.299786 0.790573
vt 0.293851 0.790573
vt 0.299786 0.723632
vt 0.305722 0.723632
vt 0.305722 0.790573
vt 0.299786 0.790573
vt 0.299786 0.790573
vt 0.305722 0.790573
vt 0.305722 0.857258
vt 0.299786 0.857258
vt 0.293851 0.790573
vt 0.299786 0.790573
vt 0.299786 0.857258
vt 0.293851 0.857258
vt 0.305722 0.723632
vt 0.311657 0.723632
vt 0.311657 0.790573
vt 0.305722 0.790573
vt 0.311657 0.723632
vt 0.317593 0.723632
vt 0.317593 0.790573
vt 0.311657 0.790573
vt 0.311657 0.790573
vt 0.317593 0.790573
vt 0.317593 0.857258
vt 0.311657 0.857258
vt 0.305722 0.790573
vt 0.311657 0.790573
vt 0.311657 0.857258
vt 0.305722 0.857258
vt 0.317593 0.723632
vt 0.323528 0.723632
vt 0.323528 0.790573
vt 0.317593 0.790573
vt 0.323528 0.723632
vt 0.329464 0.723632
vt 0.329464 0.790573
vt 0.323528 0.790573
vt 0.323528 0.790573
vt 0.329464 0.790573
vt 0.329464 0.857258
vt 0.323528 0.857258
vt 0.317593 0.790573
vt 0.323528 0.790573
vt 0.323528 0.857258
vt 0.317593 0.857258
vt 0.329464 0.723632
vt 0.335399 0.723632
vt 0.335399 0.790573
vt 0.329464 0.790573
vt 0.335399 0.723632
vt 0.341335 0.723632
vt 0.341335 0.790573
vt 0.335399 0.790573
vt 0.335399 0.790573
vt 0.341335 0.790573
vt 0.341335 0.857258
vt 0.335399 0.857258
vt 0.329464 0.790573
vt 0.335399 0.790573
vt 0.335399 0.857258
vt 0.329464 0.857258
vt 0.341335 0.723632
vt 0.347270 0.723632
vt 0.347270 0.790573
vt 0.341335 0.790573
vt 0.347270 0.723632
vt 0.353206 0.723632
vt 0.353206 0.790573
vt 0.347270 0.790573
vt 0.347270 0.790573
vt 0.353206 0.790573
vt 0.353206 0.857258
vt 0.347270 0.857258
vt 0.341335 0.790573
vt 0.347270 0.790573
vt 0.347270 0.857258
vt 0.341335 0.857258
vt 0.353206 0.723632
vt 0.359141 0.723632
vt 0.359141 0.790573
vt 0.353206 0.790573
vt 0.359141 0.723632
vt 0.365076 0.723632
vt 0.365076 0.790573
vt 0.359141 0.790573
vt 0.359141 0.790573
vt 0.365076 0.790573
vt 0.365076 0.857258
vt 0.359141 0.857258
vt 0.353206 0.790573
vt 0.359141 0.790573
vt 0.359141 0.857258
vt 0.353206 0.857258
vt 0.365076 0.723632
vt 0.371012 0.723632
vt 0.371012 0.790573
vt 0.365076 0.790573
vt 0.371012 0.723632
vt 0.376947 0.723632
vt 0.376947 0.790573
vt 0.371012 0.790573
vt 0.371012 0.790573
vt 0.376947 0.790573
vt 0.376947 0.857258
vt 0.371012 0.857258
vt 0.365076 0.790573
vt 0.371012 0.790573
vt 0.371012 0.857258
vt 0.365076 0.857258
vt 0.376947 0.723632
vt 0.382883 0.723632
vt 0.382883 0.790573
vt 0.376947 0.790573
vt 0.382883 0.723632
vt 0.388818 0.723632
vt 0.388818 0.790573
vt 0.382883 0.790573
vt 0.382883 0.790573
vt 0.388818 0.790573
vt 0.388818 0.857258
vt 0.382883 0.857258
vt 0.376947 0.790573
vt 0.382883 0.790573
vt 0.382883 0.857258
vt 0.376947 0.857258
vt 0.388818 0.723632
vt 0.394754 0.723632
vt 0.394754 0.790573
vt 0.388818 0.790573
vt 0.394754 0.723632
vt 0.400689 0.723632
vt 0.400689 0.790573
vt 0.394754 0.790573
vt 0.394754 0.790573
vt 0.400689 0.790573
vt 0.400689 0.857258
vt 0.394754 0.857258
vt 0.388818 0.790573
vt 0.394754 0.790573
vt 0.394754 0.857258
vt 0.388818 0.857258
vt 0.400689 0.723632
vt 0.406625 0.723632
vt 0.406625 0.790573
vt 0.400689 0.790573
vt 0.406625 0.723632
vt 0.412560 0.723632
vt 0.412560 0.790573
vt 0.406625 0.790573
vt 0.406625 0.790573
vt 0.412560 0.790573
vt 0.412560 0.857258
vt 0.406625 0.857258
vt 0.400689 0.790573
vt 0.406625 0.790573
vt 0.406625 0.857258
vt 0.400689 0.857258
vt 0.412560 0.723632
vt 0.418496 0.723632
vt 0.418496 0.790573
vt 0.412560 0.790573
vt 0.418496 0.723632
vt 0.424431 0.723632
vt 0.424431 0.790573
vt 0.418496 0.790573
vt 0.418496 0.790573
vt 0.424431 0.790573
vt 0.424431 0.857258
vt 0.418496 0.857258
vt 0.412560 0.790573
vt 0.418496 0.790573
vt 0.418496 0.857258
vt 0.412560 0.857258
vt 0.424431 0.723632
vt 0.430366 0.723632
vt 0.430366 0.790573
vt 0.424431 0.790573
vt 0.430366 0.723632
vt 0.436302 0.723632
vt 0.436302 0.790573
vt 0.430366 0.790573
vt 0.430366 0.790573
vt 0.436302 0.790573
vt 0.436302 0.857258
vt 0.430366 0.857258
vt 0.424431 0.790573
vt 0.430366 0.790573
vt 0.430366 0.857258
vt 0.424431 0.857258
vt 0.436302 0.723632
vt 0.442237 0.723632
vt 0.442237 0.790573
vt 0.436302 0.790573
vt 0.442237 0.723632
vt 0.448173 0.723632
vt 0.448173 0.790573
vt 0.442237 0.790573
vt 0.442237 0.790573
vt 0.448173 0.790573
vt 0.448173 0.857258
vt 0.442237 0.857258
vt 0.436302 0.790573
vt 0.442237 0.790573
vt 0.442237 0.857258
vt 0.436302 0.857258
vt 0.448173 0.723632
vt 0.454108 0.723632
vt 0.454108 0.790573
vt 0.448173 0.790573
vt 0.454108 0.723632
vt 0.460044 0.723632
vt 0.460044 0.790573
vt 0.454108 0.790573
vt 0.454108 0.790573
vt 0.460044 0.790573
vt 0.460044 0.857258
vt 0.454108 0.857258
vt 0.448173 0.790573
vt 0.454108 0.790573
vt 0.454108 0.857258
vt 0.448173 0.857258
vt 0.460044 0.723632
vt 0.465979 0.723632
vt 0.465979 0.790573
vt 0.460044 0.790573
vt 0.465979 0.723632
vt 0.471915 0.723632
vt 0.471915 0.790573
vt 0.465979 0.790573
vt 0.465979 0.790573
vt 0.471915 0.790573
vt 0.471915 0.857258
vt 0.465979 0.857258
vt 0.460044 0.790573
vt 0.465979 0.790573
vt 0.465979 0.857258
vt 0.460044 0.857258
vt 0.471915 0.723632
vt 0.477850 0.723632
vt 0.477850 0.790573
vt 0.471915 0.790573
vt 0.477850 0.723632
vt 0.483786 0.723632
vt 0.483786 0.790573
vt 0.477850 0.790573
vt 0.477850 0.790573
vt 0.483786 0.790573
vt 0.483786 0.857258
vt 0.477850 0.857258
vt 0.471915 0.790573
vt 0.477850 0.790573
vt 0.477850 0.857258
vt 0.471915 0.857258
vt 0.483786 0.723632
vt 0.489721 0.723632
vt 0.489721 0.790573
vt 0.483786 0.790573
vt 0.489721 0.723632
vt 0.495656 0.723632
vt 0.495656 0.790573
vt 0.489721 0.790573
vt 0.489721 0.790573
vt 0.495656 0.790573
vt 0.495656 0.857514
vt 0.489721 0.857258
vt 0.483786 0.790573
vt 0.489721 0.790573
vt 0.489721 0.857258
vt 0.483786 0.857258
vt 0.139529 0.857514
vt 0.145465 0.857258
vt 0.145465 0.923432
vt 0.139529 0.923432
vt 0.145465 0.857258
vt 0.151400 0.857258
vt 0.151400 0.923432
vt 0.145465 0.923432
vt 0.145465 0.923432
vt 0.151400 0.923432
vt 0.151400 0.973127
vt 0.145465 0.973127
vt 0.139529 0.923432
vt 0.145465 0.923432
vt 0.145465 0.973127
vt 0.139529 0.989351
vt 0.151400 0.857258
vt 0.157336 0.857258
vt 0.157336 0.923432
vt 0.151400 0.923432
vt 0.157336 0.857258
vt 0.163271 0.857258
vt 0.163271 0.923432
vt 0.157336 0.923432
vt 0.157336 0.923432
vt 0.163271 0.923432
vt 0.163271 0.973127
vt 0.157336 0.973127
vt 0.151400 0.923432
vt 0.157336 0.923432
vt 0.157336 0.973127
vt 0.151400 0.973127
vt 0.163271 0.857258
vt 0.169206 0.857258
vt 0.169206 0.923432
vt 0.163271 0.923432
vt 0.169206 0.857258
vt 0.175142 0.857258
vt 0.175142 0.923432
vt 0.169206 0.923432
vt 0.169206 0.923432
vt 0.175142 0.923432
vt 0.175142 0.973127
vt 0.169206 0.973127
vt 0.163271 0.923432
vt 0.169206 0.923432
vt 0.169206 0.973127
vt 0.163271 0.973127
vt 0.175142 0.857258
vt 0.181077 0.857258
vt 0.181077 0.923432
vt 0.175142 0.923432
vt 0.181077 0.857258
vt 0.187013 0.857258
vt 0.187013 0.923432
vt 0.181077 0.923432
vt 0.181077 0.923432
vt 0.187013 0.923432
vt 0.187013 0.973127
vt 0.181077 0.973127
vt 0.175142 0.923432
vt 0.181077 0.923432
vt 0.181077 0.973127
vt 0.175142 0.973127
vt 0.187013 0.857258
vt 0.192948 0.857258
vt 0.192948 0.923432
vt 0.187013 0.923432
vt 0.192948 0.857258
vt 0.198884 0.857258
vt 0.198884 0.923432
vt 0.192948 0.923432
vt 0.192948 0.923432
vt 0.198884 0.923432
vt 0.198884 0.973127
vt 0.192948 0.973127
vt 0.187013 0.923432
vt 0.192948 0.923432
vt 0.192948 0.973127
vt 0.187013 0.973127
vt 0.198884 0.857258
vt 0.204819 0.857258
vt 0.204819 0.923432
vt 0.198884 0.923432
vt 0.204819 0.857258
vt 0.210755 0.857258
vt 0.210755 0.923432
vt 0.204819 0.923432
vt 0.204819 0.923432
vt 0.210755 0.923432
vt 0.210755 0.973127
vt 0.204819 0.973127
vt 0.198884 0.923432
vt 0.204819 0.923432
vt 0.204819 0.973127
vt 0.198884 0.973127
vt 0.210755 0.857258
vt 0.216690 0.857258
vt 0.216690 0.923432
vt 0.210755 0.923432
vt 0.216690 0.857258
vt 0.222625 0.857258
vt 0.222625 0.923432
vt 0.216690 0.923432
vt 0.216690 0.923432
vt 0.222625 0.923432
vt 0.222625 0.973127
vt 0.216690 0.973127
vt 0.210755 0.923432
vt 0.216690 0.923432
vt 0.216690 0.973127
vt 0.210755 0.973127
vt 0.222625 0.857258
vt 0.228561 0.857258
vt 0.228561 0.923432
vt 0.222625 0.923432
vt 0.228561 0.857258
vt 0.234496 0.857258
vt 0.234496 0.923432
vt 0.228561 0.923432
vt 0.228561 0.923432
vt 0.234496 0.923432
vt 0.234496 0.973127
vt 0.228561 0.973127
vt 0.222625 0.923432
vt 0.228561 0.923432
vt 0.228561 0.973127
vt 0.222625 0.973127
vt 0.234496 0.857258
vt 0.240432 0.857258
vt 0.240432 0.923432
vt 0.234496 0.923432
vt 0.240432 0.857258
vt 0.246367 0.857258
vt 0.246367 0.923432
vt 0.240432 0.923432
vt 0.240432 0.923432
vt 0.246367 0.923432
vt 0.246367 0.973127
vt 0.240432 0.973127
vt 0.234496 0.923432
vt 0.240432 0.923432
vt 0.240432 0.973127
vt 0.234496 0.973127
vt 0.246367 0.857258
vt 0.252303 0.857258
vt 0.252303 0.923432
vt 0.246367 0.923432
vt 0.252303 0.857258
vt 0.258238 0.857258
vt 0.258238 0.923432
vt 0.252303 0.923432
vt 0.252303 0.923432
vt 0.258238 0.923432
vt 0.258238 0.973127
vt 0.252303 0.973127
vt 0.246367 0.923432
vt 0.252303 0.923432
vt 0.252303 0.973127
vt 0.246367 0.973127
vt 0.258238 0.857258
vt 0.264174 0.857258
vt 0.264174 0.923432
vt 0.258238 0.923432
vt 0.264174 0.857258
vt 0.270109 0.857258
vt 0.270109 0.923432
vt 0.264174 0.923432
vt 0.264174 0.923432
vt 0.270109 0.923432
vt 0.270109 0.973127
vt 0.264174 0.973127
vt 0.258238 0.923432
vt 0.264174 0.923432
vt 0.264174 0.973127
vt 0.258238 0.973127
vt 0.270109 0.857258
vt 0.276045 0.857258
vt 0.276045 0.923432
vt 0.270109 0.923432
vt 0.276045 0.857258
vt 0.281980 0.857258
vt 0.281980 0.923432
vt 0.276045 0.923432
vt 0.276045 0.923432
vt 0.281980 0.923432
vt 0.281980 0.973127
vt 0.276045 0.973127
vt 0.270109 0.923432
vt 0.276045 0.923432
vt 0.276045 0.973127
vt 0.270109 0.973127
vt 0.281980 0.857258
vt 0.287915 0.857258
vt 0.287915 0.923432
vt 0.281980 0.923432
vt 0.287915 0.857258
vt 0.293851 0.857258
vt 0.293851 0.923432
vt 0.287915 0.923432
vt 0.287915 0.923432
vt 0.293851 0.923432
vt 0.293851 0.973127
vt 0.287915 0.973127
vt 0.281980 0.923432
vt 0.287915 0.923432
vt 0.287915 0.973127
vt 0.281980 0.973127
vt 0.293851 0.857258
vt 0.299786 0.857258
vt 0.299786 0.923432
vt 0.293851 0.923432
vt 0.299786 0.857258
vt 0.305722 0.857258
vt 0.305722 0.923432
vt 0.299786 0.923432
vt 0.299786 0.923432
vt 0.305722 0.923432
vt 0.305722 0.973127
vt 0.299786 0.973127
vt 0.293851 0.923432
vt 0.299786 0.923432
vt 0.299786 0.973127
vt 0.293851 0.973127
vt 0.305722 0.857258
vt 0.311657 0.857258
vt 0.311657 0.923432
vt 0.305722 0.923432
vt 0.311657 0.857258
vt 0.317593 0.857258
vt 0.317593 0.923432
vt 0.311657 0.923432
vt 0.311657 0.923432
vt 0.317593 0.923432
vt 0.317593 0.973127
vt 0.311657 0.973127
vt 0.305722 0.923432
vt 0.311657 0.923432
vt 0.311657 0.973127
vt 0.305722 0.973127
vt 0.317593 0.857258
vt 0.323528 0.857258
vt 0.323528 0.923432
vt 0.317593 0.923432
vt 0.323528 0.857258
vt 0.329464 0.857258
vt 0.329464 0.923432
vt 0.323528 0.923432
vt 0.323528 0.923432
vt 0.329464 0.923432
vt 0.329464 0.973127
vt 0.323528 0.973127
vt 0.317593 0.923432
vt 0.323528 0.923432
vt 0.323528 0.973127
vt 0.317593 0.973127
vt 0.329464 0.857258
vt 0.335399 0.857258
vt 0.335399 0.923432
vt 0.329464 0.923432
vt 0.335399 0.857258
vt 0.341335 0.857258
vt 0.341335 0.923432
vt 0.335399 0.923432
vt 0.335399 0.923432
vt 0.341335 0.923432
vt 0.341335 0.973127
vt 0.335399 0.973127
vt 0.329464 0.923432
vt 0.335399 0.923432
vt 0.335399 0.973127
vt 0.329464 0.973127
vt 0.341335 0.857258
vt 0.347270 0.857258
vt 0.347270 0.923432
vt 0.341335 0.923432
vt 0.347270 0.857258
vt 0.353206 0.857258
vt 0.353206 0.923432
vt 0.347270 0.923432
vt 0.347270 0.923432
vt 0.353206 0.923432
vt 0.353206 0.973127
vt 0.347270 0.973127
vt 0.341335 0.923432
vt 0.347270 0.923432
vt 0.347270 0.973127
vt 0.341335 0.973127
vt 0.353206 0.857258
vt 0.359141 0.857258
vt 0.359141 0.923432
vt 0.353206 0.923432
vt 0.359141 0.857258
vt 0.365076 0.857258
vt 0.365076 0.923432
vt 0.359141 0.923432
vt 0.359141 0.923432
vt 0.365076 0.923432
vt 0.365076 0.973127
vt 0.359141 0.973127
vt 0.353206 0.923432
vt 0.359141 0.923432
vt 0.359141 0.973127
vt 0.353206 0.973127
vt 0.365076 0.857258
vt 0.371012 0.857258
vt 0.371012 0.923432
vt 0.365076 0.923432
vt 0.371012 0.857258
vt 0.376947 0.857258
vt 0.376947 0.923432
vt 0.371012 0.923432
vt 0.371012 0.923432
vt 0.376947 0.923432
vt 0.376947 0.973127
vt 0.371012 0.973127
vt 0.365076 0.923432
vt 0.371012 0.923432
vt 0.371012 0.973127
vt 0.365076 0.973127
vt 0.376947 0.857258
vt 0.382883 0.857258
vt 0.382883 0.923432
vt 0.376947 0.923432
vt 0.382883 0.857258
vt 0.388818 0.857258
vt 0.388818 0.923432
vt 0.382883 0.923432
vt 0.382883 0.923432
vt 0.388818 0.923432
vt 0.388818 0.973127
vt 0.382883 0.973127
vt 0.376947 0.923432
vt 0.382883 0.923432
vt 0.382883 0.973127
vt 0.376947 0.973127
vt 0.388818 0.857258
vt 0.394754 0.857258
vt 0.394754 0.923432
vt 0.388818 0.923432
vt 0.394754 0.857258
vt 0.400689 0.857258
vt 0.400689 0.923432
vt 0.394754 0.923432
vt 0.394754 0.923432
vt 0.400689 0.923432
vt 0.400689 0.973127
vt 0.394754 0.973127
vt 0.388818 0.923432
vt 0.394754 0.923432
vt 0.394754 0.973127
vt 0.388818 0.973127
vt 0.400689 0.857258
vt 0.406625 0.857258
vt 0.406625 0.923432
vt 0.400689 0.923432
vt 0.406625 0.857258
vt 0.412560 0.857258
vt 0.412560 0.923432
vt 0.406625 0.923432
vt 0.406625 0.923432
vt 0.412560 0.923432
vt 0.412560 0.973127
vt 0.406625 0.973127
vt 0.400689 0.923432
vt 0.406625 0.923432
vt 0.406625 0.973127
vt 0.400689 0.973127
vt 0.412560 0.857258
vt 0.418496 0.857258
vt 0.418496 0.923432
vt 0.412560 0.923432
vt 0.418496 0.857258
vt 0.424431 0.857258
vt 0.424431 0.923432
vt 0.418496 0.923432
vt 0.418496 0.923432
vt 0.424431 0.923432
vt 0.424431 0.973127
vt 0.418496 0.973127
vt 0.412560 0.923432
vt 0.418496 0.923432
vt 0.418496 0.973127
vt 0.412560 0.973127
vt 0.424431 0.857258
vt 0.430366 0.857258
vt 0.430366 0.923432
vt 0.424431 0.923432
vt 0.430366 0.857258
vt 0.436302 0.857258
vt 0.436302 0.923432
vt 0.430366 0.923432
vt 0.430366 0.923432
vt 0.436302 0.923432
vt 0.436302 0.973127
vt 0.430366 0.973127
vt 0.424431 0.923432
vt 0.430366 0.923432
vt 0.430366 0.973127
vt 0.424431 0.973127
vt 0.436302 0.857258
vt 0.442237 0.857258
vt 0.442237 0.923432
vt 0.436302 0.923432
vt 0.442237 0.857258
vt 0.448173 0.857258
vt 0.448173 0.923432
vt 0.442237 0.923432
vt 0.442237 0.923432
vt 0.448173 0.923432
vt 0.448173 0.973127
vt 0.442237 0.973127
vt 0.436302 0.923432
vt 0.442237 0.923432
vt 0.442237 0.973127
vt 0.436302 0.973127
vt 0.448173 0.857258
vt 0.454108 0.857258
vt 0.454108 0.923432
vt 0.448173 0.923432
vt 0.454108 0.857258
vt 0.460044 0.857258
vt 0.460044 0.923432
vt 0.454108 0.923432
vt 0.454108 0.923432
vt 0.460044 0.923432
vt 0.460044 0.973127
vt 0.454108 0.973127
vt 0.448173 0.923432
vt 0.454108 0.923432
vt 0.454108 0.973127
vt 0.448173 0.973127
vt 0.460044 0.857258
vt 0.465979 0.857258
vt 0.465979 0.923432
vt 0.460044 0.923432
vt 0.465979 0.857258
vt 0.471915 0.857258
vt 0.471915 0.923432
vt 0.465979 0.923432
vt 0.465979 0.923432
vt 0.471915 0.923432
vt 0.471915 0.973127
vt 0.465979 0.973127
vt 0.460044 0.923432
vt 0.465979 0.923432
vt 0.465979 0.973127
vt 0.460044 0.973127
vt 0.471915 0.857258
vt 0.477850 0.857258
vt 0.477850 0.923432
vt 0.471915 0.923432
vt 0.477850 0.857258
vt 0.483786 0.857258
vt 0.483786 0.923432
vt 0.477850 0.923432
vt 0.477850 0.923432
vt 0.483786 0.923432
vt 0.483786 0.973127
vt 0.477850 0.973127
vt 0.471915 0.923432
vt 0.477850 0.923432
vt 0.477850 0.973127
vt 0.471915 0.973127
vt 0.483786 0.857258
vt 0.489721 0.857258
vt 0.489721 0.923432
vt 0.483786 0.923432
vt 0.489721 0.857258
vt 0.495656 0.857514
vt 0.495656 0.923432
vt 0.489721 0.923432
vt 0.489721 0.923432
vt 0.495656 0.923432
vt 0.495656 0.989351
vt 0.489721 0.973127
vt 0.483786 0.923432
vt 0.489721 0.923432
vt 0.489721 0.973127
vt 0.483786 0.973127
vt 0.520930 0.142755
vt 0.528119 0.164882
vt 0.457944 0.184716
vt 0.435466 0.177097
vt 0.535309 0.187010
vt 0.443801 0.202751
vt 0.457944 0.184716
vt 0.528119 0.164882
vt 0.317593 0.224878
vt 0.435466 0.177097
vt 0.457944 0.184716
vt 0.443801 0.202751
vt 0.497664 0.102458
vt 0.509297 0.122606
vt 0.445396 0.156532
vt 0.421979 0.153736
vt 0.520930 0.142755
vt 0.435466 0.177097
vt 0.445396 0.156532
vt 0.509297 0.122606
vt 0.317593 0.224878
vt 0.421979 0.153736
vt 0.445396 0.156532
vt 0.435466 0.177097
vt 0.466528 0.067878
vt 0.482096 0.085168
vt 0.427262 0.131573
vt 0.403929 0.133691
vt 0.497664 0.102458
vt 0.421979 0.153736
vt 0.427262 0.131573
vt 0.482096 0.085168
vt 0.317593 0.224878
vt 0.403929 0.133691
vt 0.427262 0.131573
vt 0.421979 0.153736
vt 0.428883 0.040527
vt 0.447706 0.054202
vt 0.404335 0.110929
vt 0.382107 0.117836
vt 0.466528 0.067878
vt 0.403929 0.133691
vt 0.404335 0.110929
vt 0.447706 0.054202
vt 0.317593 0.224878
vt 0.382107 0.117836
vt 0.404335 0.110929
vt 0.403929 0.133691
vt 0.386374 0.021601
vt 0.407628 0.031064
vt 0.377617 0.095504
vt 0.357465 0.106864
vt 0.428883 0.040527
vt 0.382107 0.117836
vt 0.377617 0.095504
vt 0.407628 0.031064
vt 0.317593 0.224878
vt 0.357465 0.106864
vt 0.377617 0.095504
vt 0.382107 0.117836
vt 0.340859 0.011926
vt 0.363617 0.016763
vt 0.348275 0.085970
vt 0.331080 0.101256
vt 0.386374 0.021601
vt 0.357465 0.106864
vt 0.348275 0.085970
vt 0.363617 0.016763
vt 0.317593 0.224878
vt 0.331080 0.101256
vt 0.348275 0.085970
vt 0.357465 0.106864
vt 0.294327 0.011926
vt 0.317593 0.011926
vt 0.317593 0.082745
vt 0.304106 0.101256
vt 0.340859 0.011926
vt 0.331080 0.101256
vt 0.317593 0.082745
vt 0.317593 0.011926
vt 0.317593 0.224878
vt 0.304106 0.101256
vt 0.317593 0.082745
vt 0.331080 0.101256
vt 0.248812 0.021601
vt 0.271570 0.016763
vt 0.286911 0.085970
vt 0.277721 0.106864
vt 0.294327 0.011926
vt 0.304106 0.101256
vt 0.286911 0.085970
vt 0.271570 0.016763
vt 0.317593 0.224878
vt 0.277721 0.106864
vt 0.286911 0.085970
vt 0.304106 0.101256
vt 0.206303 0.040527
vt 0.227558 0.031064
vt 0.257569 0.095504
vt 0.253079 0.117836
vt 0.248812 0.021601
vt 0.277721 0.106864
vt 0.257569 0.095504
vt 0.227558 0.031064
vt 0.317593 0.224878
vt 0.253079 0.117836
vt 0.257569 0.095504
vt 0.277721 0.106864
vt 0.168658 0.067878
vt 0.187480 0.054202
vt 0.230851 0.110929
vt 0.231257 0.133691
vt 0.206303 0.040527
vt 0.253079 0.117836
vt 0.230851 0.110929
vt 0.187480 0.054202
vt 0.317593 0.224878
vt 0.231257 0.133691
vt 0.230851 0.110929
vt 0.253079 0.117836
vt 0.137522 0.102458
vt 0.153090 0.085168
vt 0.207924 0.131573
vt 0.213207 0.153736
vt 0.168658 0.067878
vt 0.231257 0.133691
vt 0.207924 0.131573
vt 0.153090 0.085168
vt 0.317593 0.224878
vt 0.213207 0.153736
vt 0.207924 0.131573
vt 0.231257 0.133691
vt 0.114256 0.142755
vt 0.125889 0.122606
vt 0.189790 0.156532
vt 0.199720 0.177097
vt 0.137522 0.102458
vt 0.213207 0.153736
vt 0.189790 0.156532
vt 0.125889 0.122606
vt 0.317593 0.224878
vt 0.199720 0.177097
vt 0.189790 0.156532
vt 0.213207 0.153736
vt 0.099877 0.187010
vt 0.107067 0.164882
vt 0.177242 0.184716
vt 0.191385 0.202751
vt 0.114256 0.142755
vt 0.199720 0.177097
vt 0.177242 0.184716
vt 0.107067 0.164882
vt 0.317593 0.224878
vt 0.191385 0.202751
vt 0.177242 0.184716
vt 0.199720 0.177097
vt 0.095013 0.233287
vt 0.097445 0.210148
vt 0.170828 0.214893
vt 0.188565 0.229577
vt 0.099877 0.187010
vt 0.191385 0.202751
vt 0.170828 0.214893
vt 0.097445 0.210148
vt 0.317593 0.224878
vt 0.188565 0.229577
vt 0.170828 0.214893
vt 0.191385 0.202751
vt 0.099877 0.279564
vt 0.097445 0.256425
vt 0.170828 0.245745
vt 0.191385 0.256403
vt 0.095013 0.233287
vt 0.188565 0.229577
vt 0.170828 0.245745
vt 0.097445 0.256425
vt 0.317593 0.224878
vt 0.191385 0.256403
vt 0.170828 0.245745
vt 0.188565 0.229577
vt 0.114256 0.323818
vt 0.107067 0.301691
vt 0.177242 0.275922
vt 0.199720 0.282057
vt 0.099877 0.279564
vt 0.191385 0.256403
vt 0.177242 0.275922
vt 0.107067 0.301691
vt 0.317593 0.224878
vt 0.199720 0.282057
vt 0.177242 0.275922
vt 0.191385 0.256403
vt 0.137522 0.364116
vt 0.125889 0.343967
vt 0.189790 0.304106
vt 0.213207 0.305418
vt 0.114256 0.323818
vt 0.199720 0.282057
vt 0.189790 0.304106
vt 0.125889 0.343967
vt 0.317593 0.224878
vt 0.213207 0.305418
vt 0.189790 0.304106
vt 0.199720 0.282057
vt 0.168658 0.398696
vt 0.153090 0.381406
vt 0.207924 0.329065
vt 0.231257 0.325463
vt 0.137522 0.364116
vt 0.213207 0.305418
vt 0.207924 0.329065
vt 0.153090 0.381406
vt 0.317593 0.224878
vt 0.231257 0.325463
vt 0.207924 0.329065
vt 0.213207 0.305418
vt 0.206303 0.426046
vt 0.187480 0.412371
vt 0.230851 0.349709
vt 0.253079 0.341318
vt 0.168658 0.398696
vt 0.231257 0.325463
vt 0.230851 0.349709
vt 0.187480 0.412371
vt 0.317593 0.224878
vt 0.253079 0.341318
vt 0.230851 0.349709
vt 0.231257 0.325463
vt 0.248812 0.444973
vt 0.227558 0.435510
vt 0.257569 0.365134
vt 0.277721 0.352289
vt 0.206303 0.426046
vt 0.253079 0.341318
vt 0.257569 0.365134
vt 0.227558 0.435510
vt 0.317593 0.224878
vt 0.277721 0.352289
vt 0.257569 0.365134
vt 0.253079 0.341318
vt 0.294327 0.454647
vt 0.271569 0.449810
vt 0.286911 0.374668
vt 0.304106 0.357898
vt 0.248812 0.444973
vt 0.277721 0.352289
vt 0.286911 0.374668
vt 0.271569 0.449810
vt 0.317593 0.224878
vt 0.304106 0.357898
vt 0.286911 0.374668
vt 0.277721 0.352289
vt 0.340859 0.454647
vt 0.317593 0.454647
vt 0.317593 0.377893
vt 0.331080 0.357898
vt 0.294327 0.454647
vt 0.304106 0.357898
vt 0.317593 0.377893
vt 0.317593 0.454647
vt 0.317593 0.224878
vt 0.331080 0.357898
vt 0.317593 0.377893
vt 0.304106 0.357898
vt 0.386374 0.444973
vt 0.363616 0.449810
vt 0.348275 0.374668
vt 0.357465 0.352289
vt 0.340859 0.454647
vt 0.331080 0.357898
vt 0.348275 0.374668
vt 0.363616 0.449810
vt 0.317593 0.224878
vt 0.357465 0.352289
vt 0.348275 0.374668
vt 0.331080 0.357898
vt 0.428883 0.426046
vt 0.407628 0.435510
vt 0.377617 0.365134
vt 0.382107 0.341318
vt 0.386374 0.444973
vt 0.357465 0.352289
vt 0.377617 0.365134
vt 0.407628 0.435510
vt 0.317593 0.224878
vt 0.382107 0.341318
vt 0.377617 0.365134
vt 0.357465 0.352289
vt 0.466528 0.398696
vt 0.447705 0.412371
vt 0.404335 0.349709
vt 0.403929 0.325463
vt 0.428883 0.426046
vt 0.382107 0.341318
vt 0.404335 0.349709
vt 0.447705 0.412371
vt 0.317593 0.224878
vt 0.403929 0.325463
vt 0.404335 0.349709
vt 0.382107 0.341318
vt 0.497664 0.364116
vt 0.482096 0.381406
vt 0.427262 0.329065
vt 0.421979 0.305418
vt 0.466528 0.398696
vt 0.403929 0.325463
vt 0.427262 0.329065
vt 0.482096 0.381406
vt 0.317593 0.224878
vt 0.421979 0.305418
vt 0.427262 0.329065
vt 0.403929 0.325463
vt 0.520930 0.323818
vt 0.509297 0.343967
vt 0.445396 0.304106
vt 0.435466 0.282057
vt 0.497664 0.364116
vt 0.421979 0.305418
vt 0.445396 0.304106
vt 0.509297 0.343967
vt 0.317593 0.224878
vt 0.435466 0.282057
vt 0.445396 0.304106
vt 0.421979 0.305418
vt 0.535309 0.279564
vt 0.528119 0.301691
vt 0.457944 0.275922
vt 0.443801 0.256403
vt 0.520930 0.323818
vt 0.435466 0.282057
vt 0.457944 0.275922
vt 0.528119 0.301691
vt 0.317593 0.224878
vt 0.443801 0.256403
vt 0.457944 0.275922
vt 0.435466 0.282057
vt 0.540173 0.233287
vt 0.537741 0.256425
vt 0.464358 0.245745
vt 0.446621 0.229577
vt 0.535309 0.279564
vt 0.443801 0.256403
vt 0.464358 0.245745
vt 0.537741 0.256425
vt 0.317593 0.224878
vt 0.446621 0.229577
vt 0.464358 0.245745
vt 0.443801 0.256403
vt 0.535309 0.187010
vt 0.537741 0.210148
vt 0.464358 0.214893
vt 0.443801 0.202751
vt 0.540173 0.233287
vt 0.446621 0.229577
vt 0.464358 0.214893
vt 0.537741 0.210148
vt 0.317593 0.224878
vt 0.443801 0.202751
vt 0.464358 0.214893
vt 0.446621 0.229577
vt 0.607193 0.077367
vt 0.646227 0.079474
vt 0.615149 0.194473
vt 0.581026 0.225375
vt 0.678836 0.105355
vt 0.627647 0.243587
vt 0.532274 0.501136
vt 0.716653 0.117174
vt 0.666368 0.221891
vt 0.744075 0.150641
vt 0.670100 0.273056
vt 0.779022 0.171654
vt 0.711727 0.261513
vt 0.800056 0.211245
vt 0.706530 0.312493
vt 0.830606 0.240535
vt 0.749243 0.311608
vt 0.844335 0.284518
vt 0.735343 0.360175
vt 0.869152 0.320805
vt 0.777276 0.369986
vt 0.874975 0.367259
vt 0.755282 0.414018
vt 0.892974 0.408956
vt 0.794602 0.434096
vt 0.890637 0.455851
vt 0.765473 0.471668
vt 0.901032 0.501136
vt 0.800462 0.501136
vt 0.890637 0.546422
vt 0.765473 0.530605
vt 0.892974 0.593316
vt 0.794602 0.568176
vt 0.874975 0.635014
vt 0.755281 0.588255
vt 0.869151 0.681468
vt 0.777276 0.632286
vt 0.844335 0.717754
vt 0.735343 0.642097
vt 0.830606 0.761737
vt 0.749243 0.690664
vt 0.800057 0.791028
vt 0.706530 0.689779
vt 0.779022 0.830618
vt 0.711727 0.740759
vt 0.744075 0.851632
vt 0.670100 0.729216
vt 0.716654 0.885098
vt 0.666368 0.780382
vt 0.678837 0.896917
vt 0.627647 0.758685
vt 0.646227 0.922798
vt 0.615149 0.807799
vt 0.607193 0.924905
vt 0.581026 0.776897
vt 0.570820 0.942069
vt 0.560307 0.821815
vt 0.532274 0.934373
vt 0.532274 0.783058
vt 0.493728 0.942069
vt 0.504241 0.821815
vt 0.457356 0.924905
vt 0.483522 0.776897
vt 0.418322 0.922798
vt 0.449400 0.807799
vt 0.385712 0.896917
vt 0.436901 0.758685
vt 0.347895 0.885098
vt 0.398180 0.780382
vt 0.320473 0.851632
vt 0.394448 0.729216
vt 0.285527 0.830618
vt 0.352822 0.740759
vt 0.264492 0.791028
vt 0.358019 0.689779
vt 0.233943 0.761737
vt 0.315306 0.690664
vt 0.220214 0.717754
vt 0.329205 0.642097
vt 0.195397 0.681468
vt 0.287273 0.632286
vt 0.189574 0.635014
vt 0.309267 0.588255
vt 0.171574 0.593316
vt 0.269947 0.568176
vt 0.173912 0.546422
vt 0.299075 0.530605
vt 0.163516 0.501136
vt 0.264087 0.501136
vt 0.173912 0.455851
vt 0.299075 0.471668
vt 0.171574 0.408956
vt 0.269947 0.434096
vt 0.189574 0.367259
vt 0.309267 0.414018
vt 0.195397 0.320805
vt 0.287273 0.369986
vt 0.220214 0.284518
vt 0.329205 0.360175
vt 0.233943 0.240535
vt 0.315306 0.311608
vt 0.264492 0.211245
vt 0.358019 0.312494
vt 0.285527 0.171655
vt 0.352822 0.261513
vt 0.320474 0.150641
vt 0.394448 0.273057
vt 0.347895 0.117174
vt 0.398180 0.221891
vt 0.385712 0.105355
vt 0.436901 0.243588
vt 0.418321 0.079475
vt 0.449400 0.194473
vt 0.457356 0.077368
vt 0.483522 0.225375
vt 0.493728 0.060204
vt 0.504241 0.180458
vt 0.532274 0.067900
vt 0.532274 0.219214
vt 0.570820 0.060204
vt 0.560307 0.180458
vt 0.748408 0.435280
vt 0.759201 0.438174
vt 0.759108 0.438463
vt 0.748345 0.435578
vt 0.769634 0.442177
vt 0.769511 0.442455
vt 0.769211 0.443128
vt 0.758880 0.439164
vt 0.748192 0.436299
vt 0.779590 0.447251
vt 0.779438 0.447515
vt 0.788962 0.453336
vt 0.788783 0.453582
vt 0.788350 0.454178
vt 0.779069 0.448153
vt 0.797645 0.460369
vt 0.797442 0.460595
vt 0.805548 0.468270
vt 0.805322 0.468473
vt 0.804774 0.468966
vt 0.796949 0.461143
vt 0.812579 0.476955
vt 0.812333 0.477133
vt 0.818666 0.486325
vt 0.818403 0.486477
vt 0.817764 0.486846
vt 0.811736 0.477567
vt 0.823738 0.496283
vt 0.823460 0.496406
vt 0.827744 0.506714
vt 0.827454 0.506808
vt 0.826753 0.507036
vt 0.822786 0.496706
vt 0.830634 0.517508
vt 0.830337 0.517571
vt 0.832384 0.528544
vt 0.832081 0.528576
vt 0.831348 0.528653
vt 0.829616 0.517724
vt 0.832967 0.539703
vt 0.832663 0.539703
vt 0.832384 0.550862
vt 0.832081 0.550831
vt 0.831348 0.550754
vt 0.831926 0.539703
vt 0.830634 0.561899
vt 0.830337 0.561836
vt 0.827744 0.572693
vt 0.827454 0.572599
vt 0.826753 0.572371
vt 0.829616 0.561682
vt 0.823738 0.583125
vt 0.823460 0.583001
vt 0.818666 0.593082
vt 0.818403 0.592930
vt 0.817764 0.592561
vt 0.822786 0.582701
vt 0.812579 0.602452
vt 0.812333 0.602274
vt 0.805548 0.611137
vt 0.805322 0.610934
vt 0.804774 0.610441
vt 0.811736 0.601840
vt 0.797645 0.619038
vt 0.797442 0.618812
vt 0.788962 0.626071
vt 0.788784 0.625825
vt 0.788350 0.625229
vt 0.796949 0.618264
vt 0.779590 0.632156
vt 0.779438 0.631892
vt 0.769634 0.637230
vt 0.769511 0.636952
vt 0.769211 0.636279
vt 0.779069 0.631254
vt 0.759201 0.641233
vt 0.759108 0.640944
vt 0.748408 0.644127
vt 0.748345 0.643829
vt 0.748192 0.643108
vt 0.758880 0.640243
vt 0.737371 0.645873
vt 0.737340 0.645571
vt 0.726212 0.646460
vt 0.726212 0.646156
vt 0.726212 0.645418
vt 0.737262 0.644838
vt 0.715054 0.645873
vt 0.715085 0.645571
vt 0.704017 0.644127
vt 0.704080 0.643829
vt 0.704233 0.643108
vt 0.715162 0.644838
vt 0.693224 0.641233
vt 0.693317 0.640944
vt 0.682791 0.637230
vt 0.682914 0.636952
vt 0.683214 0.636279
vt 0.693545 0.640243
vt 0.672835 0.632156
vt 0.672987 0.631892
vt 0.663463 0.626071
vt 0.663642 0.625825
vt 0.664075 0.625229
vt 0.673356 0.631254
vt 0.654780 0.619038
vt 0.654983 0.618812
vt 0.646877 0.611137
vt 0.647103 0.610934
vt 0.647651 0.610441
vt 0.655477 0.618264
vt 0.639846 0.602452
vt 0.640092 0.602274
vt 0.633759 0.593082
vt 0.634022 0.592930
vt 0.634661 0.592561
vt 0.640689 0.601840
vt 0.628687 0.583125
vt 0.628965 0.583001
vt 0.624681 0.572693
vt 0.624970 0.572599
vt 0.625672 0.572371
vt 0.629639 0.582701
vt 0.621791 0.561899
vt 0.622088 0.561836
vt 0.620041 0.550862
vt 0.620344 0.550831
vt 0.621077 0.550754
vt 0.622809 0.561682
vt 0.619458 0.539703
vt 0.619762 0.539703
vt 0.620041 0.528544
vt 0.620344 0.528576
vt 0.621077 0.528653
vt 0.620499 0.539703
vt 0.621791 0.517508
vt 0.622088 0.517571
vt 0.624681 0.506714
vt 0.624970 0.506808
vt 0.625672 0.507036
vt 0.622809 0.517725
vt 0.628687 0.496283
vt 0.628965 0.496406
vt 0.633759 0.486325
vt 0.634022 0.486477
vt 0.634661 0.486846
vt 0.629639 0.496706
vt 0.639846 0.476955
vt 0.640092 0.477133
vt 0.646877 0.468270
vt 0.647103 0.468473
vt 0.647651 0.468966
vt 0.640689 0.477567
vt 0.654780 0.460369
vt 0.654983 0.460595
vt 0.663463 0.453336
vt 0.663642 0.453582
vt 0.664075 0.454178
vt 0.655477 0.461143
vt 0.672835 0.447251
vt 0.672987 0.447515
vt 0.682791 0.442177
vt 0.682915 0.442455
vt 0.683214 0.443128
vt 0.673356 0.448153
vt 0.693224 0.438174
vt 0.693317 0.438463
vt 0.704017 0.435280
vt 0.704080 0.435578
vt 0.704233 0.436299
vt 0.693545 0.439164
vt 0.715054 0.433534
vt 0.715085 0.433836
vt 0.726212 0.432947
vt 0.726212 0.433251
vt 0.726212 0.433989
vt 0.715162 0.434569
vt 0.737371 0.433534
vt 0.737340 0.433836
vt 0.737263 0.434569
vt 0.830817 0.757851
vt 0.830817 0.768168
vt 0.829021 0.768153
vt 0.829021 0.757841
vt 0.830817 0.778140
vt 0.829021 0.778121
vt 0.826983 0.778121
vt 0.826983 0.768153
vt 0.826983 0.757841
vt 0.830817 0.787656
vt 0.829021 0.787633
vt 0.830817 0.796615
vt 0.829021 0.796588
vt 0.826983 0.796588
vt 0.826983 0.787633
vt 0.830817 0.804915
vt 0.829021 0.804884
vt 0.830817 0.812469
vt 0.829021 0.812434
vt 0.826983 0.812434
vt 0.826983 0.804884
vt 0.830817 0.819190
vt 0.829021 0.819152
vt 0.830817 0.825009
vt 0.829021 0.824968
vt 0.826983 0.824968
vt 0.826983 0.819152
vt 0.701721 0.826880
vt 0.701721 0.836398
vt 0.699925 0.836417
vt 0.699925 0.826903
vt 0.701721 0.846369
vt 0.699925 0.846383
vt 0.697887 0.846383
vt 0.697887 0.836417
vt 0.697887 0.826903
vt 0.701721 0.856687
vt 0.699925 0.856696
vt 0.701721 0.867236
vt 0.699925 0.867241
vt 0.697887 0.867241
vt 0.697887 0.856696
vt 0.701721 0.877903
vt 0.699925 0.877903
vt 0.701721 0.888569
vt 0.699925 0.888565
vt 0.697887 0.888565
vt 0.697887 0.877903
vt 0.701721 0.899119
vt 0.699925 0.899109
vt 0.701721 0.909437
vt 0.699925 0.909422
vt 0.697887 0.909422
vt 0.697887 0.899109
vt 0.701721 0.919408
vt 0.699925 0.919389
vt 0.701721 0.928926
vt 0.699925 0.928902
vt 0.697887 0.928902
vt 0.697887 0.919389
vt 0.745378 0.648260
vt 0.745378 0.654078
vt 0.743582 0.654117
vt 0.743582 0.648301
vt 0.745378 0.660799
vt 0.743582 0.660834
vt 0.741544 0.660834
vt 0.741544 0.654117
vt 0.741544 0.648301
vt 0.745378 0.668353
vt 0.743582 0.668385
vt 0.745378 0.676653
vt 0.743582 0.676681
vt 0.741544 0.676681
vt 0.741544 0.668385
vt 0.745378 0.685612
vt 0.743582 0.685636
vt 0.745378 0.695128
vt 0.743582 0.695148
vt 0.741544 0.695148
vt 0.741544 0.685636
vt 0.745378 0.705101
vt 0.743582 0.705115
vt 0.745378 0.715418
vt 0.743582 0.715428
vt 0.741544 0.715428
vt 0.741544 0.705115
vt 0.745378 0.725968
vt 0.743582 0.725973
vt 0.745378 0.736634
vt 0.743582 0.736634
vt 0.741544 0.736634
vt 0.741544 0.725973
vt 0.745378 0.747301
vt 0.743582 0.747296
vt 0.745378 0.757851
vt 0.743582 0.757841
vt 0.741544 0.757841
vt 0.741544 0.747296
vt 0.745378 0.768168
vt 0.743582 0.768153
vt 0.745378 0.778140
vt 0.743582 0.778121
vt 0.741544 0.778121
vt 0.741544 0.768153
vt 0.745378 0.787656
vt 0.743582 0.787633
vt 0.745378 0.796615
vt 0.743582 0.796587
vt 0.741544 0.796587
vt 0.741544 0.787633
vt 0.745378 0.804915
vt 0.743582 0.804884
vt 0.745378 0.812469
vt 0.743582 0.812434
vt 0.741544 0.812434
vt 0.741544 0.804884
vt 0.745378 0.819190
vt 0.743582 0.819152
vt 0.745378 0.825009
vt 0.743582 0.824968
vt 0.741544 0.824968
vt 0.741544 0.819152
vt 0.706129 0.928926
vt 0.706129 0.919408
vt 0.707925 0.919389
vt 0.707925 0.928902
vt 0.706129 0.909437
vt 0.707925 0.909422
vt 0.709963 0.909422
vt 0.709963 0.919389
vt 0.709963 0.928902
vt 0.706129 0.899119
vt 0.707925 0.899109
vt 0.706129 0.888569
vt 0.707925 0.888564
vt 0.709963 0.888564
vt 0.709963 0.899109
vt 0.706129 0.877903
vt 0.707925 0.877903
vt 0.706129 0.867236
vt 0.707925 0.867241
vt 0.709963 0.867241
vt 0.709963 0.877903
vt 0.706129 0.856687
vt 0.707925 0.856696
vt 0.706129 0.846369
vt 0.707925 0.846383
vt 0.709963 0.846383
vt 0.709963 0.856696
vt 0.706129 0.836397
vt 0.707925 0.836417
vt 0.706129 0.826880
vt 0.707925 0.826903
vt 0.709963 0.826903
vt 0.709963 0.836417
vt 0.830817 0.648260
vt 0.830817 0.654078
vt 0.829021 0.654117
vt 0.829021 0.648301
vt 0.830817 0.660799
vt 0.829021 0.660834
vt 0.826983 0.660834
vt 0.826983 0.654117
vt 0.826983 0.648301
vt 0.830817 0.668353
vt 0.829021 0.668385
vt 0.830817 0.676653
vt 0.829021 0.676681
vt 0.826983 0.676681
vt 0.826983 0.668385
vt 0.830817 0.685612
vt 0.829021 0.685636
vt 0.830817 0.695128
vt 0.829021 0.695148
vt 0.826983 0.695148
vt 0.826983 0.685636
vt 0.830817 0.705101
vt 0.829021 0.705115
vt 0.830817 0.715418
vt 0.829021 0.715427
vt 0.826983 0.715427
vt 0.826983 0.705115
vt 0.830817 0.725968
vt 0.829021 0.725973
vt 0.830817 0.736634
vt 0.829021 0.736634
vt 0.826983 0.736634
vt 0.826983 0.725973
vt 0.830817 0.747301
vt 0.829021 0.747296
vt 0.826983 0.747296
vt 0.305722 0.542062
vt 0.311657 0.542062
vt 0.311657 0.566457
vt 0.305722 0.566457
vt 0.311657 0.542062
vt 0.317593 0.542062
vt 0.317593 0.566457
vt 0.311657 0.566457
vt 0.311657 0.566457
vt 0.317593 0.566457
vt 0.317593 0.600661
vt 0.311657 0.600661
vt 0.305722 0.566457
vt 0.311657 0.566457
vt 0.311657 0.600661
vt 0.305722 0.600661
vt 0.293851 0.542062
vt 0.299786 0.542062
vt 0.299786 0.566457
vt 0.293851 0.566457
vt 0.299786 0.542062
vt 0.305722 0.542062
vt 0.305722 0.566457
vt 0.299786 0.566457
vt 0.299786 0.566457
vt 0.305722 0.566457
vt 0.305722 0.600661
vt 0.299786 0.600661
vt 0.293851 0.566457
vt 0.299786 0.566457
vt 0.299786 0.600661
vt 0.293851 0.600661
vt 0.281980 0.542062
vt 0.287915 0.542062
vt 0.287915 0.566457
vt 0.281980 0.566457
vt 0.287915 0.542062
vt 0.293851 0.542062
vt 0.293851 0.566457
vt 0.287915 0.566457
vt 0.287915 0.566457
vt 0.293851 0.566457
vt 0.293851 0.600661
vt 0.287915 0.600661
vt 0.281980 0.566457
vt 0.287915 0.566457
vt 0.287915 0.600661
vt 0.281980 0.600661
vt 0.270109 0.542062
vt 0.276045 0.542062
vt 0.276045 0.566457
vt 0.270109 0.566457
vt 0.276045 0.542062
vt 0.281980 0.542062
vt 0.281980 0.566457
vt 0.276045 0.566457
vt 0.276045 0.566457
vt 0.281980 0.566457
vt 0.281980 0.600661
vt 0.276045 0.600661
vt 0.270109 0.566457
vt 0.276045 0.566457
vt 0.276045 0.600661
vt 0.270109 0.600661
vt 0.258238 0.542062
vt 0.264174 0.542062
vt 0.264174 0.566457
vt 0.258238 0.566457
vt 0.264174 0.542062
vt 0.270109 0.542062
vt 0.270109 0.566457
vt 0.264174 0.566457
vt 0.264174 0.566457
vt 0.270109 0.566457
vt 0.270109 0.600661
vt 0.264174 0.600661
vt 0.258238 0.566457
vt 0.264174 0.566457
vt 0.264174 0.600661
vt 0.258238 0.600661
vt 0.246367 0.542062
vt 0.252303 0.542062
vt 0.252303 0.566457
vt 0.246367 0.566457
vt 0.252303 0.542062
vt 0.258238 0.542062
vt 0.258238 0.566457
vt 0.252303 0.566457
vt 0.252303 0.566457
vt 0.258238 0.566457
vt 0.258238 0.600661
vt 0.252303 0.600661
vt 0.246367 0.566457
vt 0.252303 0.566457
vt 0.252303 0.600661
vt 0.246367 0.600661
vt 0.234496 0.542062
vt 0.240432 0.542062
vt 0.240432 0.566457
vt 0.234496 0.566457
vt 0.240432 0.542062
vt 0.246367 0.542062
vt 0.246367 0.566457
vt 0.240432 0.566457
vt 0.240432 0.566457
vt 0.246367 0.566457
vt 0.246367 0.600661
vt 0.240432 0.600661
vt 0.234496 0.566457
vt 0.240432 0.566457
vt 0.240432 0.600661
vt 0.234496 0.600661
vt 0.222625 0.542062
vt 0.228561 0.542062
vt 0.228561 0.566457
vt 0.222625 0.566457
vt 0.228561 0.542062
vt 0.234496 0.542062
vt 0.234496 0.566457
vt 0.228561 0.566457
vt 0.228561 0.566457
vt 0.234496 0.566457
vt 0.234496 0.600661
vt 0.228561 0.600661
vt 0.222625 0.566457
vt 0.228561 0.566457
vt 0.228561 0.600661
vt 0.222625 0.600661
vt 0.210755 0.542062
vt 0.216690 0.542062
vt 0.216690 0.566457
vt 0.210755 0.566457
vt 0.216690 0.542062
vt 0.222625 0.542062
vt 0.222625 0.566457
vt 0.216690 0.566457
vt 0.216690 0.566457
vt 0.222625 0.566457
vt 0.222625 0.600661
vt 0.216690 0.600661
vt 0.210755 0.566457
vt 0.216690 0.566457
vt 0.216690 0.600661
vt 0.210755 0.600661
vt 0.198884 0.542062
vt 0.204819 0.542062
vt 0.204819 0.566457
vt 0.198884 0.566457
vt 0.204819 0.542062
vt 0.210755 0.542062
vt 0.210755 0.566457
vt 0.204819 0.566457
vt 0.204819 0.566457
vt 0.210755 0.566457
vt 0.210755 0.600661
vt 0.204819 0.600661
vt 0.198884 0.566457
vt 0.204819 0.566457
vt 0.204819 0.600661
vt 0.198884 0.600661
vt 0.187013 0.542062
vt 0.192948 0.542062
vt 0.192948 0.566457
vt 0.187013 0.566457
vt 0.192948 0.542062
vt 0.198884 0.542062
vt 0.198884 0.566457
vt 0.192948 0.566457
vt 0.192948 0.566457
vt 0.198884 0.566457
vt 0.198884 0.600661
vt 0.192948 0.600661
vt 0.187013 0.566457
vt 0.192948 0.566457
vt 0.192948 0.600661
vt 0.187013 0.600661
vt 0.175142 0.542062
vt 0.181077 0.542062
vt 0.181077 0.566457
vt 0.175142 0.566457
vt 0.181077 0.542062
vt 0.187013 0.542062
vt 0.187013 0.566457
vt 0.181077 0.566457
vt 0.181077 0.566457
vt 0.187013 0.566457
vt 0.187013 0.600661
vt 0.181077 0.600661
vt 0.175142 0.566457
vt 0.181077 0.566457
vt 0.181077 0.600661
vt 0.175142 0.600661
vt 0.163271 0.542062
vt 0.169206 0.542062
vt 0.169206 0.566457
vt 0.163271 0.566457
vt 0.169206 0.542062
vt 0.175142 0.542062
vt 0.175142 0.566457
vt 0.169206 0.566457
vt 0.169206 0.566457
vt 0.175142 0.566457
vt 0.175142 0.600661
vt 0.169206 0.600661
vt 0.163271 0.566457
vt 0.169206 0.566457
vt 0.169206 0.600661
vt 0.163271 0.600661
vt 0.151400 0.542062
vt 0.157336 0.542062
vt 0.157336 0.566457
vt 0.151400 0.566457
vt 0.157336 0.542062
vt 0.163271 0.542062
vt 0.163271 0.566457
vt 0.157336 0.566457
vt 0.157336 0.566457
vt 0.163271 0.566457
vt 0.163271 0.600661
vt 0.157336 0.600661
vt 0.151400 0.566457
vt 0.157336 0.566457
vt 0.157336 0.600661
vt 0.151400 0.600661
vt 0.139529 0.543165
vt 0.145465 0.542062
vt 0.145465 0.566457
vt 0.139529 0.566457
vt 0.145465 0.542062
vt 0.151400 0.542062
vt 0.151400 0.566457
vt 0.145465 0.566457
vt 0.145465 0.566457
vt 0.151400 0.566457
vt 0.151400 0.600661
vt 0.145465 0.600661
vt 0.139529 0.566457
vt 0.145465 0.566457
vt 0.145465 0.600661
vt 0.139529 0.589749
vt 0.483786 0.542062
vt 0.489721 0.542062
vt 0.489721 0.566457
vt 0.483786 0.566457
vt 0.489721 0.542062
vt 0.495656 0.543165
vt 0.495656 0.566457
vt 0.489721 0.566457
vt 0.489721 0.566457
vt 0.495656 0.566457
vt 0.495656 0.589749
vt 0.489721 0.600661
vt 0.483786 0.566457
vt 0.489721 0.566457
vt 0.489721 0.600661
vt 0.483786 0.600661
vt 0.471915 0.542062
vt 0.477850 0.542062
vt 0.477850 0.566457
vt 0.471915 0.566457
vt 0.477850 0.542062
vt 0.483786 0.542062
vt 0.483786 0.566457
vt 0.477850 0.566457
vt 0.477850 0.566457
vt 0.483786 0.566457
vt 0.483786 0.600661
vt 0.477850 0.600661
vt 0.471915 0.566457
vt 0.477850 0.566457
vt 0.477850 0.600661
vt 0.471915 0.600661
vt 0.460044 0.542062
vt 0.465979 0.542062
vt 0.465979 0.566457
vt 0.460044 0.566457
vt 0.465979 0.542062
vt 0.471915 0.542062
vt 0.471915 0.566457
vt 0.465979 0.566457
vt 0.465979 0.566457
vt 0.471915 0.566457
vt 0.471915 0.600661
vt 0.465979 0.600661
vt 0.460044 0.566457
vt 0.465979 0.566457
vt 0.465979 0.600661
vt 0.460044 0.600661
vt 0.448173 0.542062
vt 0.454108 0.542062
vt 0.454108 0.566457
vt 0.448173 0.566457
vt 0.454108 0.542062
vt 0.460044 0.542062
vt 0.460044 0.566457
vt 0.454108 0.566457
vt 0.454108 0.566457
vt 0.460044 0.566457
vt 0.460044 0.600661
vt 0.454108 0.600661
vt 0.448173 0.566457
vt 0.454108 0.566457
vt 0.454108 0.600661
vt 0.448173 0.600661
vt 0.436302 0.542062
vt 0.442237 0.542062
vt 0.442237 0.566457
vt 0.436302 0.566457
vt 0.442237 0.542062
vt 0.448173 0.542062
vt 0.448173 0.566457
vt 0.442237 0.566457
vt 0.442237 0.566457
vt 0.448173 0.566457
vt 0.448173 0.600661
vt 0.442237 0.600661
vt 0.436302 0.566457
vt 0.442237 0.566457
vt 0.442237 0.600661
vt 0.436302 0.600661
vt 0.424431 0.542062
vt 0.430366 0.542062
vt 0.430366 0.566457
vt 0.424431 0.566457
vt 0.430366 0.542062
vt 0.436302 0.542062
vt 0.436302 0.566457
vt 0.430366 0.566457
vt 0.430366 0.566457
vt 0.436302 0.566457
vt 0.436302 0.600661
vt 0.430366 0.600661
vt 0.424431 0.566457
vt 0.430366 0.566457
vt 0.430366 0.600661
vt 0.424431 0.600661
vt 0.412560 0.542062
vt 0.418496 0.542062
vt 0.418496 0.566457
vt 0.412560 0.566457
vt 0.418496 0.542062
vt 0.424431 0.542062
vt 0.424431 0.566457
vt 0.418496 0.566457
vt 0.418496 0.566457
vt 0.424431 0.566457
vt 0.424431 0.600661
vt 0.418496 0.600661
vt 0.412560 0.566457
vt 0.418496 0.566457
vt 0.418496 0.600661
vt 0.412560 0.600661
vt 0.400689 0.542062
vt 0.406625 0.542062
vt 0.406625 0.566457
vt 0.400689 0.566457
vt 0.406625 0.542062
vt 0.412560 0.542062
vt 0.412560 0.566457
vt 0.406625 0.566457
vt 0.406625 0.566457
vt 0.412560 0.566457
vt 0.412560 0.600661
vt 0.406625 0.600661
vt 0.400689 0.566457
vt 0.406625 0.566457
vt 0.406625 0.600661
vt 0.400689 0.600661
vt 0.388818 0.542062
vt 0.394754 0.542062
vt 0.394754 0.566457
vt 0.388818 0.566457
vt 0.394754 0.542062
vt 0.400689 0.542062
vt 0.400689 0.566457
vt 0.394754 0.566457
vt 0.394754 0.566457
vt 0.400689 0.566457
vt 0.400689 0.600661
vt 0.394754 0.600661
vt 0.388818 0.566457
vt 0.394754 0.566457
vt 0.394754 0.600661
vt 0.388818 0.600661
vt 0.376947 0.542062
vt 0.382883 0.542062
vt 0.382883 0.566457
vt 0.376947 0.566457
vt 0.382883 0.542062
vt 0.388818 0.542062
vt 0.388818 0.566457
vt 0.382883 0.566457
vt 0.382883 0.566457
vt 0.388818 0.566457
vt 0.388818 0.600661
vt 0.382883 0.600661
vt 0.376947 0.566457
vt 0.382883 0.566457
vt 0.382883 0.600661
vt 0.376947 0.600661
vt 0.365076 0.542062
vt 0.371012 0.542062
vt 0.371012 0.566457
vt 0.365076 0.566457
vt 0.371012 0.542062
vt 0.376947 0.542062
vt 0.376947 0.566457
vt 0.371012 0.566457
vt 0.371012 0.566457
vt 0.376947 0.566457
vt 0.376947 0.600661
vt 0.371012 0.600661
vt 0.365076 0.566457
vt 0.371012 0.566457
vt 0.371012 0.600661
vt 0.365076 0.600661
vt 0.353206 0.542062
vt 0.359141 0.542062
vt 0.359141 0.566457
vt 0.353206 0.566457
vt 0.359141 0.542062
vt 0.365076 0.542062
vt 0.365076 0.566457
vt 0.359141 0.566457
vt 0.359141 0.566457
vt 0.365076 0.566457
vt 0.365076 0.600661
vt 0.359141 0.600661
vt 0.353206 0.566457
vt 0.359141 0.566457
vt 0.359141 0.600661
vt 0.353206 0.600661
vt 0.341335 0.542062
vt 0.347270 0.542062
vt 0.347270 0.566457
vt 0.341335 0.566457
vt 0.347270 0.542062
vt 0.353206 0.542062
vt 0.353206 0.566457
vt 0.347270 0.566457
vt 0.347270 0.566457
vt 0.353206 0.566457
vt 0.353206 0.600661
vt 0.347270 0.600661
vt 0.341335 0.566457
vt 0.347270 0.566457
vt 0.347270 0.600661
vt 0.341335 0.600661
vt 0.329464 0.542062
vt 0.335399 0.542062
vt 0.335399 0.566457
vt 0.329464 0.566457
vt 0.335399 0.542062
vt 0.341335 0.542062
vt 0.341335 0.566457
vt 0.335399 0.566457
vt 0.335399 0.566457
vt 0.341335 0.566457
vt 0.341335 0.600661
vt 0.335399 0.600661
vt 0.329464 0.566457
vt 0.335399 0.566457
vt 0.335399 0.600661
vt 0.329464 0.600661
vt 0.317593 0.542062
vt 0.323528 0.542062
vt 0.323528 0.566457
vt 0.317593 0.566457
vt 0.323528 0.542062
vt 0.329464 0.542062
vt 0.329464 0.566457
vt 0.323528 0.566457
vt 0.323528 0.566457
vt 0.329464 0.566457
vt 0.329464 0.600661
vt 0.323528 0.600661
vt 0.317593 0.566457
vt 0.323528 0.566457
vt 0.323528 0.600661
vt 0.317593 0.600661
vt 0.305722 0.477788
vt 0.311657 0.477788
vt 0.311657 0.478584
vt 0.305722 0.478584
vt 0.311657 0.477788
vt 0.317593 0.477788
vt 0.317593 0.478584
vt 0.311657 0.478584
vt 0.311657 0.478584
vt 0.317593 0.478584
vt 0.317593 0.479568
vt 0.311657 0.479568
vt 0.305722 0.478584
vt 0.311657 0.478584
vt 0.311657 0.479568
vt 0.305722 0.479568
vt 0.293851 0.477788
vt 0.299786 0.477788
vt 0.299786 0.478584
vt 0.293851 0.478584
vt 0.299786 0.477788
vt 0.305722 0.477788
vt 0.305722 0.478584
vt 0.299786 0.478584
vt 0.299786 0.478584
vt 0.305722 0.478584
vt 0.305722 0.479568
vt 0.299786 0.479568
vt 0.293851 0.478584
vt 0.299786 0.478584
vt 0.299786 0.479568
vt 0.293851 0.479568
vt 0.281980 0.477788
vt 0.287915 0.477788
vt 0.287915 0.478584
vt 0.281980 0.478584
vt 0.287915 0.477788
vt 0.293851 0.477788
vt 0.293851 0.478584
vt 0.287915 0.478584
vt 0.287915 0.478584
vt 0.293851 0.478584
vt 0.293851 0.479568
vt 0.287915 0.479568
vt 0.281980 0.478584
vt 0.287915 0.478584
vt 0.287915 0.479568
vt 0.281980 0.479568
vt 0.270109 0.477788
vt 0.276045 0.477788
vt 0.276045 0.478584
vt 0.270109 0.478584
vt 0.276045 0.477788
vt 0.281980 0.477788
vt 0.281980 0.478584
vt 0.276045 0.478584
vt 0.276045 0.478584
vt 0.281980 0.478584
vt 0.281980 0.479568
vt 0.276045 0.479568
vt 0.270109 0.478584
vt 0.276045 0.478584
vt 0.276045 0.479568
vt 0.270109 0.479568
vt 0.258238 0.477788
vt 0.264174 0.477788
vt 0.264174 0.478584
vt 0.258238 0.478584
vt 0.264174 0.477788
vt 0.270109 0.477788
vt 0.270109 0.478584
vt 0.264174 0.478584
vt 0.264174 0.478584
vt 0.270109 0.478584
vt 0.270109 0.479568
vt 0.264174 0.479568
vt 0.258238 0.478584
vt 0.264174 0.478584
vt 0.264174 0.479568
vt 0.258238 0.479568
vt 0.246367 0.477788
vt 0.252303 0.477788
vt 0.252303 0.478584
vt 0.246367 0.478584
vt 0.252303 0.477788
vt 0.258238 0.477788
vt 0.258238 0.478584
vt 0.252303 0.478584
vt 0.252303 0.478584
vt 0.258238 0.478584
vt 0.258238 0.479568
vt 0.252303 0.479568
vt 0.246367 0.478584
vt 0.252303 0.478584
vt 0.252303 0.479568
vt 0.246367 0.479568
vt 0.234496 0.477788
vt 0.240432 0.477788
vt 0.240432 0.478584
vt 0.234496 0.478584
vt 0.240432 0.477788
vt 0.246367 0.477788
vt 0.246367 0.478584
vt 0.240432 0.478584
vt 0.240432 0.478584
vt 0.246367 0.478584
vt 0.246367 0.479568
vt 0.240432 0.479568
vt 0.234496 0.478584
vt 0.240432 0.478584
vt 0.240432 0.479568
vt 0.234496 0.479568
vt 0.222625 0.477788
vt 0.228561 0.477788
vt 0.228561 0.478584
vt 0.222625 0.478584
vt 0.228561 0.477788
vt 0.234496 0.477788
vt 0.234496 0.478584
vt 0.228561 0.478584
vt 0.228561 0.478584
vt 0.234496 0.478584
vt 0.234496 0.479568
vt 0.228561 0.479568
vt 0.222625 0.478584
vt 0.228561 0.478584
vt 0.228561 0.479568
vt 0.222625 0.479568
vt 0.210755 0.477788
vt 0.216690 0.477788
vt 0.216690 0.478584
vt 0.210755 0.478584
vt 0.216690 0.477788
vt 0.222625 0.477788
vt 0.222625 0.478584
vt 0.216690 0.478584
vt 0.216690 0.478584
vt 0.222625 0.478584
vt 0.222625 0.479568
vt 0.216690 0.479568
vt 0.210755 0.478584
vt 0.216690 0.478584
vt 0.216690 0.479568
vt 0.210755 0.479568
vt 0.198884 0.477788
vt 0.204819 0.477788
vt 0.204819 0.478584
vt 0.198884 0.478584
vt 0.204819 0.477788
vt 0.210755 0.477788
vt 0.210755 0.478584
vt 0.204819 0.478584
vt 0.204819 0.478584
vt 0.210755 0.478584
vt 0.210755 0.479568
vt 0.204819 0.479568
vt 0.198884 0.478584
vt 0.204819 0.478584
vt 0.204819 0.479568
vt 0.198884 0.479568
vt 0.187013 0.477788
vt 0.192948 0.477788
vt 0.192948 0.478584
vt 0.187013 0.478584
vt 0.192948 0.477788
vt 0.198884 0.477788
vt 0.198884 0.478584
vt 0.192948 0.478584
vt 0.192948 0.478584
vt 0.198884 0.478584
vt 0.198884 0.479568
vt 0.192948 0.479568
vt 0.187013 0.478584
vt 0.192948 0.478584
vt 0.192948 0.479568
vt 0.187013 0.479568
vt 0.175142 0.477788
vt 0.181077 0.477788
vt 0.181077 0.478584
vt 0.175142 0.478584
vt 0.181077 0.477788
vt 0.187013 0.477788
vt 0.187013 0.478584
vt 0.181077 0.478584
vt 0.181077 0.478584
vt 0.187013 0.478584
vt 0.187013 0.479568
vt 0.181077 0.479568
vt 0.175142 0.478584
vt 0.181077 0.478584
vt 0.181077 0.479568
vt 0.175142 0.479568
vt 0.163271 0.477788
vt 0.169206 0.477788
vt 0.169206 0.478584
vt 0.163271 0.478584
vt 0.169206 0.477788
vt 0.175142 0.477788
vt 0.175142 0.478584
vt 0.169206 0.478584
vt 0.169206 0.478584
vt 0.175142 0.478584
vt 0.175142 0.479568
vt 0.169206 0.479568
vt 0.163271 0.478584
vt 0.169206 0.478584
vt 0.169206 0.479568
vt 0.163271 0.479568
vt 0.151400 0.477788
vt 0.157336 0.477788
vt 0.157336 0.478584
vt 0.151400 0.478584
vt 0.157336 0.477788
vt 0.163271 0.477788
vt 0.163271 0.478584
vt 0.157336 0.478584
vt 0.157336 0.478584
vt 0.163271 0.478584
vt 0.163271 0.479568
vt 0.157336 0.479568
vt 0.151400 0.478584
vt 0.157336 0.478584
vt 0.157336 0.479568
vt 0.151400 0.479568
vt 0.139529 0.478187
vt 0.145465 0.477788
vt 0.145465 0.478584
vt 0.139529 0.478584
vt 0.145465 0.477788
vt 0.151400 0.477788
vt 0.151400 0.478584
vt 0.145465 0.478584
vt 0.145465 0.478584
vt 0.151400 0.478584
vt 0.151400 0.479568
vt 0.145465 0.479568
vt 0.139529 0.478584
vt 0.145465 0.478584
vt 0.145465 0.479568
vt 0.139529 0.478981
vt 0.483786 0.477788
vt 0.489721 0.477788
vt 0.489721 0.478584
vt 0.483786 0.478584
vt 0.489721 0.477788
vt 0.495656 0.478187
vt 0.495656 0.478584
vt 0.489721 0.478584
vt 0.489721 0.478584
vt 0.495656 0.478584
vt 0.495656 0.478981
vt 0.489721 0.479568
vt 0.483786 0.478584
vt 0.489721 0.478584
vt 0.489721 0.479568
vt 0.483786 0.479568
vt 0.471915 0.477788
vt 0.477850 0.477788
vt 0.477850 0.478584
vt 0.471915 0.478584
vt 0.477850 0.477788
vt 0.483786 0.477788
vt 0.483786 0.478584
vt 0.477850 0.478584
vt 0.477850 0.478584
vt 0.483786 0.478584
vt 0.483786 0.479568
vt 0.477850 0.479568
vt 0.471915 0.478584
vt 0.477850 0.478584
vt 0.477850 0.479568
vt 0.471915 0.479568
vt 0.460044 0.477788
vt 0.465979 0.477788
vt 0.465979 0.478584
vt 0.460044 0.478584
vt 0.465979 0.477788
vt 0.471915 0.477788
vt 0.471915 0.478584
vt 0.465979 0.478584
vt 0.465979 0.478584
vt 0.471915 0.478584
vt 0.471915 0.479568
vt 0.465979 0.479568
vt 0.460044 0.478584
vt 0.465979 0.478584
vt 0.465979 0.479568
vt 0.460044 0.479568
vt 0.448173 0.477788
vt 0.454108 0.477788
vt 0.454108 0.478584
vt 0.448173 0.478584
vt 0.454108 0.477788
vt 0.460044 0.477788
vt 0.460044 0.478584
vt 0.454108 0.478584
vt 0.454108 0.478584
vt 0.460044 0.478584
vt 0.460044 0.479568
vt 0.454108 0.479568
vt 0.448173 0.478584
vt 0.454108 0.478584
vt 0.454108 0.479568
vt 0.448173 0.479568
vt 0.436302 0.477788
vt 0.442237 0.477788
vt 0.442237 0.478584
vt 0.436302 0.478584
vt 0.442237 0.477788
vt 0.448173 0.477788
vt 0.448173 0.478584
vt 0.442237 0.478584
vt 0.442237 0.478584
vt 0.448173 0.478584
vt 0.448173 0.479568
vt 0.442237 0.479568
vt 0.436302 0.478584
vt 0.442237 0.478584
vt 0.442237 0.479568
vt 0.436302 0.479568
vt 0.424431 0.477788
vt 0.430366 0.477788
vt 0.430366 0.478584
vt 0.424431 0.478584
vt 0.430366 0.477788
vt 0.436302 0.477788
vt 0.436302 0.478584
vt 0.430366 0.478584
vt 0.430366 0.478584
vt 0.436302 0.478584
vt 0.436302 0.479568
vt 0.430366 0.479568
vt 0.424431 0.478584
vt 0.430366 0.478584
vt 0.430366 0.479568
vt 0.424431 0.479568
vt 0.412560 0.477788
vt 0.418496 0.477788
vt 0.418496 0.478584
vt 0.412560 0.478584
vt 0.418496 0.477788
vt 0.424431 0.477788
vt 0.424431 0.478584
vt 0.418496 0.478584
vt 0.418496 0.478584
vt 0.424431 0.478584
vt 0.424431 0.479568
vt 0.418496 0.479568
vt 0.412560 0.478584
vt 0.418496 0.478584
vt 0.418496 0.479568
vt 0.412560 0.479568
vt 0.400689 0.477788
vt 0.406625 0.477788
vt 0.406625 0.478584
vt 0.400689 0.478584
vt 0.406625 0.477788
vt 0.412560 0.477788
vt 0.412560 0.478584
vt 0.406625 0.478584
vt 0.406625 0.478584
vt 0.412560 0.478584
vt 0.412560 0.479568
vt 0.406625 0.479568
vt 0.400689 0.478584
vt 0.406625 0.478584
vt 0.406625 0.479568
vt 0.400689 0.479568
vt 0.388818 0.477788
vt 0.394754 0.477788
vt 0.394754 0.478584
vt 0.388818 0.478584
vt 0.394754 0.477788
vt 0.400689 0.477788
vt 0.400689 0.478584
vt 0.394754 0.478584
vt 0.394754 0.478584
vt 0.400689 0.478584
vt 0.400689 0.479568
vt 0.394754 0.479568
vt 0.388818 0.478584
vt 0.394754 0.478584
vt 0.394754 0.479568
vt 0.388818 0.479568
vt 0.376947 0.477788
vt 0.382883 0.477788
vt 0.382883 0.478584
vt 0.376947 0.478584
vt 0.382883 0.477788
vt 0.388818 0.477788
vt 0.388818 0.478584
vt 0.382883 0.478584
vt 0.382883 0.478584
vt 0.388818 0.478584
vt 0.388818 0.479568
vt 0.382883 0.479568
vt 0.376947 0.478584
vt 0.382883 0.478584
vt 0.382883 0.479568
vt 0.376947 0.479568
vt 0.365076 0.477788
vt 0.371012 0.477788
vt 0.371012 0.478584
vt 0.365076 0.478584
vt 0.371012 0.477788
vt 0.376947 0.477788
vt 0.376947 0.478584
vt 0.371012 0.478584
vt 0.371012 0.478584
vt 0.376947 0.478584
vt 0.376947 0.479568
vt 0.371012 0.479568
vt 0.365076 0.478584
vt 0.371012 0.478584
vt 0.371012 0.479568
vt 0.365076 0.479568
vt 0.353206 0.477788
vt 0.359141 0.477788
vt 0.359141 0.478584
vt 0.353206 0.478584
vt 0.359141 0.477788
vt 0.365076 0.477788
vt 0.365076 0.478584
vt 0.359141 0.478584
vt 0.359141 0.478584
vt 0.365076 0.478584
vt 0.365076 0.479568
vt 0.359141 0.479568
vt 0.353206 0.478584
vt 0.359141 0.478584
vt 0.359141 0.479568
vt 0.353206 0.479568
vt 0.341335 0.477788
vt 0.347270 0.477788
vt 0.347270 0.478584
vt 0.341335 0.478584
vt 0.347270 0.477788
vt 0.353206 0.477788
vt 0.353206 0.478584
vt 0.347270 0.478584
vt 0.347270 0.478584
vt 0.353206 0.478584
vt 0.353206 0.479568
vt 0.347270 0.479568
vt 0.341335 0.478584
vt 0.347270 0.478584
vt 0.347270 0.479568
vt 0.341335 0.479568
vt 0.329464 0.477788
vt 0.335399 0.477788
vt 0.335399 0.478584
vt 0.329464 0.478584
vt 0.335399 0.477788
vt 0.341335 0.477788
vt 0.341335 0.478584
vt 0.335399 0.478584
vt 0.335399 0.478584
vt 0.341335 0.478584
vt 0.341335 0.479568
vt 0.335399 0.479568
vt 0.329464 0.478584
vt 0.335399 0.478584
vt 0.335399 0.479568
vt 0.329464 0.479568
vt 0.317593 0.477788
vt 0.323528 0.477788
vt 0.323528 0.478584
vt 0.317593 0.478584
vt 0.323528 0.477788
vt 0.329464 0.477788
vt 0.329464 0.478584
vt 0.323528 0.478584
vt 0.323528 0.478584
vt 0.329464 0.478584
vt 0.329464 0.479568
vt 0.323528 0.479568
vt 0.317593 0.478584
vt 0.323528 0.478584
vt 0.323528 0.479568
vt 0.317593 0.479568
vt 0.341335 0.484195
vt 0.347270 0.484195
vt 0.347270 0.486113
vt 0.341335 0.486113
vt 0.347270 0.484195
vt 0.353206 0.484195
vt 0.353206 0.486113
vt 0.347270 0.486113
vt 0.347270 0.486113
vt 0.353206 0.486113
vt 0.353206 0.494271
vt 0.347270 0.494271
vt 0.341335 0.486113
vt 0.347270 0.486113
vt 0.347270 0.494271
vt 0.341335 0.494271
vt 0.329464 0.484195
vt 0.335399 0.484195
vt 0.335399 0.486113
vt 0.329464 0.486113
vt 0.335399 0.484195
vt 0.341335 0.484195
vt 0.341335 0.486113
vt 0.335399 0.486113
vt 0.335399 0.486113
vt 0.341335 0.486113
vt 0.341335 0.494271
vt 0.335399 0.494271
vt 0.329464 0.486113
vt 0.335399 0.486113
vt 0.335399 0.494271
vt 0.329464 0.494271
vt 0.317593 0.484195
vt 0.323528 0.484195
vt 0.323528 0.486113
vt 0.317593 0.486113
vt 0.323528 0.484195
vt 0.329464 0.484195
vt 0.329464 0.486113
vt 0.323528 0.486113
vt 0.323528 0.486113
vt 0.329464 0.486113
vt 0.329464 0.494271
vt 0.323528 0.494271
vt 0.317593 0.486113
vt 0.323528 0.486113
vt 0.323528 0.494271
vt 0.317593 0.494271
vt 0.305722 0.484195
vt 0.311657 0.484195
vt 0.311657 0.486113
vt 0.305722 0.486113
vt 0.311657 0.484195
vt 0.317593 0.484195
vt 0.317593 0.486113
vt 0.311657 0.486113
vt 0.311657 0.486113
vt 0.317593 0.486113
vt 0.317593 0.494271
vt 0.311657 0.494271
vt 0.305722 0.486113
vt 0.311657 0.486113
vt 0.311657 0.494271
vt 0.305722 0.494271
vt 0.293851 0.484195
vt 0.299786 0.484195
vt 0.299786 0.486113
vt 0.293851 0.486113
vt 0.299786 0.484195
vt 0.305722 0.484195
vt 0.305722 0.486113
vt 0.299786 0.486113
vt 0.299786 0.486113
vt 0.305722 0.486113
vt 0.305722 0.494271
vt 0.299786 0.494271
vt 0.293851 0.486113
vt 0.299786 0.486113
vt 0.299786 0.494271
vt 0.293851 0.494271
vt 0.281980 0.484195
vt 0.287915 0.484195
vt 0.287915 0.486113
vt 0.281980 0.486113
vt 0.287915 0.484195
vt 0.293851 0.484195
vt 0.293851 0.486113
vt 0.287915 0.486113
vt 0.287915 0.486113
vt 0.293851 0.486113
vt 0.293851 0.494271
vt 0.287915 0.494271
vt 0.281980 0.486113
vt 0.287915 0.486113
vt 0.287915 0.494271
vt 0.281980 0.494271
vt 0.270109 0.484195
vt 0.276045 0.484195
vt 0.276045 0.486113
vt 0.270109 0.486113
vt 0.276045 0.484195
vt 0.281980 0.484195
vt 0.281980 0.486113
vt 0.276045 0.486113
vt 0.276045 0.486113
vt 0.281980 0.486113
vt 0.281980 0.494271
vt 0.276045 0.494271
vt 0.270109 0.486113
vt 0.276045 0.486113
vt 0.276045 0.494271
vt 0.270109 0.494271
vt 0.258238 0.484195
vt 0.264174 0.484195
vt 0.264174 0.486113
vt 0.258238 0.486113
vt 0.264174 0.484195
vt 0.270109 0.484195
vt 0.270109 0.486113
vt 0.264174 0.486113
vt 0.264174 0.486113
vt 0.270109 0.486113
vt 0.270109 0.494271
vt 0.264174 0.494271
vt 0.258238 0.486113
vt 0.264174 0.486113
vt 0.264174 0.494271
vt 0.258238 0.494271
vt 0.246367 0.484195
vt 0.252303 0.484195
vt 0.252303 0.486113
vt 0.246367 0.486113
vt 0.252303 0.484195
vt 0.258238 0.484195
vt 0.258238 0.486113
vt 0.252303 0.486113
vt 0.252303 0.486113
vt 0.258238 0.486113
vt 0.258238 0.494271
vt 0.252303 0.494271
vt 0.246367 0.486113
vt 0.252303 0.486113
vt 0.252303 0.494271
vt 0.246367 0.494271
vt 0.234496 0.484195
vt 0.240432 0.484195
vt 0.240432 0.486113
vt 0.234496 0.486113
vt 0.240432 0.484195
vt 0.246367 0.484195
vt 0.246367 0.486113
vt 0.240432 0.486113
vt 0.240432 0.486113
vt 0.246367 0.486113
vt 0.246367 0.494271
vt 0.240432 0.494271
vt 0.234496 0.486113
vt 0.240432 0.486113
vt 0.240432 0.494271
vt 0.234496 0.494271
vt 0.222625 0.484195
vt 0.228561 0.484195
vt 0.228561 0.486113
vt 0.222625 0.486113
vt 0.228561 0.484195
vt 0.234496 0.484195
vt 0.234496 0.486113
vt 0.228561 0.486113
vt 0.228561 0.486113
vt 0.234496 0.486113
vt 0.234496 0.494271
vt 0.228561 0.494271
vt 0.222625 0.486113
vt 0.228561 0.486113
vt 0.228561 0.494271
vt 0.222625 0.494271
vt 0.210755 0.484195
vt 0.216690 0.484195
vt 0.216690 0.486113
vt 0.210755 0.486113
vt 0.216690 0.484195
vt 0.222625 0.484195
vt 0.222625 0.486113
vt 0.216690 0.486113
vt 0.216690 0.486113
vt 0.222625 0.486113
vt 0.222625 0.494271
vt 0.216690 0.494271
vt 0.210755 0.486113
vt 0.216690 0.486113
vt 0.216690 0.494271
vt 0.210755 0.494271
vt 0.198884 0.484195
vt 0.204819 0.484195
vt 0.204819 0.486113
vt 0.198884 0.486113
vt 0.204819 0.484195
vt 0.210755 0.484195
vt 0.210755 0.486113
vt 0.204819 0.486113
vt 0.204819 0.486113
vt 0.210755 0.486113
vt 0.210755 0.494271
vt 0.204819 0.494271
vt 0.198884 0.486113
vt 0.204819 0.486113
vt 0.204819 0.494271
vt 0.198884 0.494271
vt 0.187013 0.484195
vt 0.192948 0.484195
vt 0.192948 0.486113
vt 0.187013 0.486113
vt 0.192948 0.484195
vt 0.198884 0.484195
vt 0.198884 0.486113
vt 0.192948 0.486113
vt 0.192948 0.486113
vt 0.198884 0.486113
vt 0.198884 0.494271
vt 0.192948 0.494271
vt 0.187013 0.486113
vt 0.192948 0.486113
vt 0.192948 0.494271
vt 0.187013 0.494271
vt 0.175142 0.484195
vt 0.181077 0.484195
vt 0.181077 0.486113
vt 0.175142 0.486113
vt 0.181077 0.484195
vt 0.187013 0.484195
vt 0.187013 0.486113
vt 0.181077 0.486113
vt 0.181077 0.486113
vt 0.187013 0.486113
vt 0.187013 0.494271
vt 0.181077 0.494271
vt 0.175142 0.486113
vt 0.181077 0.486113
vt 0.181077 0.494271
vt 0.175142 0.494271
vt 0.163271 0.484195
vt 0.169206 0.484195
vt 0.169206 0.486113
vt 0.163271 0.486113
vt 0.169206 0.484195
vt 0.175142 0.484195
vt 0.175142 0.486113
vt 0.169206 0.486113
vt 0.169206 0.486113
vt 0.175142 0.486113
vt 0.175142 0.494271
vt 0.169206 0.494271
vt 0.163271 0.486113
vt 0.169206 0.486113
vt 0.169206 0.494271
vt 0.163271 0.494271
vt 0.151400 0.484195
vt 0.157336 0.484195
vt 0.157336 0.486113
vt 0.151400 0.486113
vt 0.157336 0.484195
vt 0.163271 0.484195
vt 0.163271 0.486113
vt 0.157336 0.486113
vt 0.157336 0.486113
vt 0.163271 0.486113
vt 0.163271 0.494271
vt 0.157336 0.494271
vt 0.151400 0.486113
vt 0.157336 0.486113
vt 0.157336 0.494271
vt 0.151400 0.494271
vt 0.139529 0.484471
vt 0.145465 0.484195
vt 0.145465 0.486113
vt 0.139529 0.486113
vt 0.145465 0.484195
vt 0.151400 0.484195
vt 0.151400 0.486113
vt 0.145465 0.486113
vt 0.145465 0.486113
vt 0.151400 0.486113
vt 0.151400 0.494271
vt 0.145465 0.494271
vt 0.139529 0.486113
vt 0.145465 0.486113
vt 0.145465 0.494271
vt 0.139529 0.487755
vt 0.483786 0.484195
vt 0.489721 0.484195
vt 0.489721 0.486113
vt 0.483786 0.486113
vt 0.489721 0.484195
vt 0.495656 0.484471
vt 0.495656 0.486113
vt 0.489721 0.486113
vt 0.489721 0.486113
vt 0.495656 0.486113
vt 0.495656 0.487755
vt 0.489721 0.494271
vt 0.483786 0.486113
vt 0.489721 0.486113
vt 0.489721 0.494271
vt 0.483786 0.494271
vt 0.471915 0.484195
vt 0.477850 0.484195
vt 0.477850 0.486113
vt 0.471915 0.486113
vt 0.477850 0.484195
vt 0.483786 0.484195
vt 0.483786 0.486113
vt 0.477850 0.486113
vt 0.477850 0.486113
vt 0.483786 0.486113
vt 0.483786 0.494271
vt 0.477850 0.494271
vt 0.471915 0.486113
vt 0.477850 0.486113
vt 0.477850 0.494271
vt 0.471915 0.494271
vt 0.460044 0.484195
vt 0.465979 0.484195
vt 0.465979 0.486113
vt 0.460044 0.486113
vt 0.465979 0.484195
vt 0.471915 0.484195
vt 0.471915 0.486113
vt 0.465979 0.486113
vt 0.465979 0.486113
vt 0.471915 0.486113
vt 0.471915 0.494271
vt 0.465979 0.494271
vt 0.460044 0.486113
vt 0.465979 0.486113
vt 0.465979 0.494271
vt 0.460044 0.494271
vt 0.448173 0.484195
vt 0.454108 0.484195
vt 0.454108 0.486113
vt 0.448173 0.486113
vt 0.454108 0.484195
vt 0.460044 0.484195
vt 0.460044 0.486113
vt 0.454108 0.486113
vt 0.454108 0.486113
vt 0.460044 0.486113
vt 0.460044 0.494271
vt 0.454108 0.494271
vt 0.448173 0.486113
vt 0.454108 0.486113
vt 0.454108 0.494271
vt 0.448173 0.494271
vt 0.436302 0.484195
vt 0.442237 0.484195
vt 0.442237 0.486113
vt 0.436302 0.486113
vt 0.442237 0.484195
vt 0.448173 0.484195
vt 0.448173 0.486113
vt 0.442237 0.486113
vt 0.442237 0.486113
vt 0.448173 0.486113
vt 0.448173 0.494271
vt 0.442237 0.494271
vt 0.436302 0.486113
vt 0.442237 0.486113
vt 0.442237 0.494271
vt 0.436302 0.494271
vt 0.424431 0.484195
vt 0.430366 0.484195
vt 0.430366 0.486113
vt 0.424431 0.486113
vt 0.430366 0.484195
vt 0.436302 0.484195
vt 0.436302 0.486113
vt 0.430366 0.486113
vt 0.430366 0.486113
vt 0.436302 0.486113
vt 0.436302 0.494271
vt 0.430366 0.494271
vt 0.424431 0.486113
vt 0.430366 0.486113
vt 0.430366 0.494271
vt 0.424431 0.494271
vt 0.412560 0.484195
vt 0.418496 0.484195
vt 0.418496 0.486113
vt 0.412560 0.486113
vt 0.418496 0.484195
vt 0.424431 0.484195
vt 0.424431 0.486113
vt 0.418496 0.486113
vt 0.418496 0.486113
vt 0.424431 0.486113
vt 0.424431 0.494271
vt 0.418496 0.494271
vt 0.412560 0.486113
vt 0.418496 0.486113
vt 0.418496 0.494271
vt 0.412560 0.494271
vt 0.400689 0.484195
vt 0.406625 0.484195
vt 0.406625 0.486113
vt 0.400689 0.486113
vt 0.406625 0.484195
vt 0.412560 0.484195
vt 0.412560 0.486113
vt 0.406625 0.486113
vt 0.406625 0.486113
vt 0.412560 0.486113
vt 0.412560 0.494271
vt 0.406625 0.494271
vt 0.400689 0.486113
vt 0.406625 0.486113
vt 0.406625 0.494271
vt 0.400689 0.494271
vt 0.388818 0.484195
vt 0.394754 0.484195
vt 0.394754 0.486113
vt 0.388818 0.486113
vt 0.394754 0.484195
vt 0.400689 0.484195
vt 0.400689 0.486113
vt 0.394754 0.486113
vt 0.394754 0.486113
vt 0.400689 0.486113
vt 0.400689 0.494271
vt 0.394754 0.494271
vt 0.388818 0.486113
vt 0.394754 0.486113
vt 0.394754 0.494271
vt 0.388818 0.494271
vt 0.376947 0.484195
vt 0.382883 0.484195
vt 0.382883 0.486113
vt 0.376947 0.486113
vt 0.382883 0.484195
vt 0.388818 0.484195
vt 0.388818 0.486113
vt 0.382883 0.486113
vt 0.382883 0.486113
vt 0.388818 0.486113
vt 0.388818 0.494271
vt 0.382883 0.494271
vt 0.376947 0.486113
vt 0.382883 0.486113
vt 0.382883 0.494271
vt 0.376947 0.494271
vt 0.365076 0.484195
vt 0.371012 0.484195
vt 0.371012 0.486113
vt 0.365076 0.486113
vt 0.371012 0.484195
vt 0.376947 0.484195
vt 0.376947 0.486113
vt 0.371012 0.486113
vt 0.371012 0.486113
vt 0.376947 0.486113
vt 0.376947 0.494271
vt 0.371012 0.494271
vt 0.365076 0.486113
vt 0.371012 0.486113
vt 0.371012 0.494271
vt 0.365076 0.494271
vt 0.353206 0.484195
vt 0.359141 0.484195
vt 0.359141 0.486113
vt 0.353206 0.486113
vt 0.359141 0.484195
vt 0.365076 0.484195
vt 0.365076 0.486113
vt 0.359141 0.486113
vt 0.359141 0.486113
vt 0.365076 0.486113
vt 0.365076 0.494271
vt 0.359141 0.494271
vt 0.353206 0.486113
vt 0.359141 0.486113
vt 0.359141 0.494271
vt 0.353206 0.494271
vt 0.740220 0.725973
vt 0.740220 0.715428
vt 0.740220 0.736634
vt 0.730095 0.736634
vt 0.730095 0.725973
vt 0.730095 0.715428
vt 0.740220 0.705115
vt 0.740220 0.695148
vt 0.730095 0.705115
vt 0.730095 0.695148
vt 0.740220 0.685636
vt 0.740220 0.676681
vt 0.730095 0.685636
vt 0.730095 0.676681
vt 0.740220 0.668385
vt 0.740220 0.660834
vt 0.730095 0.668385
vt 0.730095 0.660834
vt 0.740220 0.654117
vt 0.740220 0.648301
vt 0.730095 0.654117
vt 0.730095 0.648301
vt 0.696563 0.919389
vt 0.696563 0.909422
vt 0.696563 0.928902
vt 0.686438 0.928902
vt 0.686438 0.919389
vt 0.686438 0.909422
vt 0.696563 0.899109
vt 0.696563 0.888565
vt 0.686438 0.899109
vt 0.686438 0.888565
vt 0.696563 0.877903
vt 0.696563 0.867241
vt 0.686438 0.877903
vt 0.686438 0.867241
vt 0.696563 0.856696
vt 0.696563 0.846383
vt 0.686438 0.856696
vt 0.686438 0.846383
vt 0.696563 0.836417
vt 0.696563 0.826903
vt 0.686438 0.836417
vt 0.686438 0.826903
vt 0.825660 0.819152
vt 0.825660 0.812434
vt 0.825660 0.824968
vt 0.815534 0.824968
vt 0.815534 0.819152
vt 0.815534 0.812434
vt 0.825660 0.804884
vt 0.825660 0.796588
vt 0.815534 0.804884
vt 0.815534 0.796588
vt 0.825660 0.787633
vt 0.825660 0.778121
vt 0.815534 0.787633
vt 0.815534 0.778121
vt 0.825660 0.768153
vt 0.825660 0.757841
vt 0.815534 0.768153
vt 0.815534 0.757841
vt 0.825660 0.747296
vt 0.825660 0.736634
vt 0.815534 0.747296
vt 0.815534 0.736634
vt 0.825660 0.725973
vt 0.825660 0.715427
vt 0.815534 0.725973
vt 0.815534 0.715427
vt 0.825660 0.705115
vt 0.825660 0.695148
vt 0.815534 0.705115
vt 0.815534 0.695148
vt 0.825660 0.685636
vt 0.825660 0.676681
vt 0.815534 0.685636
vt 0.815534 0.676681
vt 0.825660 0.668385
vt 0.825660 0.660834
vt 0.815534 0.668385
vt 0.815534 0.660834
vt 0.825660 0.654117
vt 0.825660 0.648301
vt 0.815534 0.654117
vt 0.815534 0.648301
vt 0.711286 0.836417
vt 0.711286 0.846383
vt 0.711286 0.826903
vt 0.721412 0.826903
vt 0.721412 0.836417
vt 0.721412 0.846383
vt 0.711286 0.856696
vt 0.711286 0.867241
vt 0.721412 0.856696
vt 0.721412 0.867241
vt 0.711286 0.877903
vt 0.711286 0.888564
vt 0.721412 0.877903
vt 0.721412 0.888564
vt 0.711286 0.899109
vt 0.711286 0.909422
vt 0.721412 0.899109
vt 0.721412 0.909422
vt 0.711286 0.919389
vt 0.711286 0.928902
vt 0.721412 0.919389
vt 0.721412 0.928902
vt 0.740220 0.819152
vt 0.740220 0.812434
vt 0.740220 0.824968
vt 0.730095 0.824968
vt 0.730095 0.819152
vt 0.730095 0.812434
vt 0.740220 0.804884
vt 0.740220 0.796587
vt 0.730095 0.804884
vt 0.730095 0.796587
vt 0.740220 0.787633
vt 0.740220 0.778121
vt 0.730095 0.787633
vt 0.730095 0.778121
vt 0.740220 0.768153
vt 0.740220 0.757841
vt 0.730095 0.768153
vt 0.730095 0.757841
vt 0.740220 0.747296
vt 0.730095 0.747296
vt 0.704840 0.640251
vt 0.694448 0.637465
vt 0.694635 0.636889
vt 0.704966 0.639658
vt 0.684403 0.633610
vt 0.684649 0.633057
vt 0.745976 0.768211
vt 0.745976 0.778198
vt 0.745976 0.757880
vt 0.726212 0.642497
vt 0.715468 0.641932
vt 0.715531 0.641330
vt 0.726212 0.641891
vt 0.745976 0.747316
vt 0.745976 0.736634
vt 0.747584 0.640251
vt 0.736957 0.641932
vt 0.736894 0.641330
vt 0.747459 0.639658
vt 0.745976 0.725953
vt 0.745976 0.715388
vt 0.768022 0.633610
vt 0.757977 0.637465
vt 0.757790 0.636889
vt 0.767776 0.633057
vt 0.745976 0.705057
vt 0.745976 0.695071
vt 0.786633 0.622865
vt 0.777609 0.628724
vt 0.777306 0.628199
vt 0.786277 0.622375
vt 0.745976 0.685541
vt 0.745976 0.676570
vt 0.802603 0.608486
vt 0.794994 0.616093
vt 0.794588 0.615643
vt 0.802153 0.608081
vt 0.745976 0.668258
vt 0.745976 0.660694
vt 0.815234 0.591100
vt 0.809373 0.600123
vt 0.808883 0.599767
vt 0.814710 0.590797
vt 0.745976 0.653964
vt 0.745976 0.648137
vt 0.823975 0.571468
vt 0.820118 0.581513
vt 0.819564 0.581266
vt 0.823399 0.571281
vt 0.702319 0.919466
vt 0.702319 0.928997
vt 0.702319 0.909481
vt 0.828443 0.550448
vt 0.826758 0.561075
vt 0.826166 0.560949
vt 0.827841 0.550385
vt 0.702319 0.899149
vt 0.702319 0.888584
vt 0.828443 0.528959
vt 0.829005 0.539703
vt 0.828399 0.539703
vt 0.827841 0.529022
vt 0.702319 0.877903
vt 0.702319 0.867221
vt 0.823975 0.507938
vt 0.826758 0.518332
vt 0.826166 0.518458
vt 0.823399 0.508126
vt 0.702319 0.856657
vt 0.702319 0.846325
vt 0.815234 0.488307
vt 0.820118 0.497894
vt 0.819564 0.498141
vt 0.814710 0.488610
vt 0.702319 0.836340
vt 0.702319 0.826809
vt 0.802603 0.470921
vt 0.809373 0.479284
vt 0.808883 0.479640
vt 0.802153 0.471326
vt 0.831416 0.819305
vt 0.831416 0.825131
vt 0.831416 0.812575
vt 0.786633 0.456542
vt 0.794994 0.463314
vt 0.794588 0.463764
vt 0.786277 0.457032
vt 0.831416 0.805010
vt 0.831416 0.796699
vt 0.768022 0.445797
vt 0.777609 0.450683
vt 0.777306 0.451207
vt 0.767776 0.446350
vt 0.831416 0.787727
vt 0.831416 0.778198
vt 0.747584 0.439156
vt 0.757977 0.441942
vt 0.757790 0.442518
vt 0.747459 0.439749
vt 0.831416 0.768211
vt 0.831416 0.757880
vt 0.726212 0.436910
vt 0.736957 0.437475
vt 0.736894 0.438077
vt 0.726212 0.437516
vt 0.831416 0.747315
vt 0.831416 0.736634
vt 0.704840 0.439156
vt 0.715468 0.437475
vt 0.715531 0.438077
vt 0.704966 0.439749
vt 0.831416 0.725953
vt 0.831416 0.715388
vt 0.684403 0.445797
vt 0.694448 0.441942
vt 0.694635 0.442519
vt 0.684649 0.446350
vt 0.831416 0.705057
vt 0.831416 0.695071
vt 0.665792 0.456542
vt 0.674816 0.450683
vt 0.675119 0.451208
vt 0.666148 0.457032
vt 0.831416 0.685541
vt 0.831416 0.676570
vt 0.649822 0.470921
vt 0.657431 0.463314
vt 0.657836 0.463764
vt 0.650272 0.471326
vt 0.831416 0.668258
vt 0.831416 0.660694
vt 0.637191 0.488307
vt 0.643052 0.479284
vt 0.643542 0.479640
vt 0.637715 0.488610
vt 0.831416 0.653964
vt 0.831416 0.648137
vt 0.628450 0.507939
vt 0.632307 0.497894
vt 0.632861 0.498141
vt 0.629026 0.508126
vt 0.705530 0.836340
vt 0.705530 0.826809
vt 0.705530 0.846325
vt 0.623982 0.528959
vt 0.625667 0.518332
vt 0.626259 0.518458
vt 0.624584 0.529022
vt 0.705530 0.856657
vt 0.705530 0.867221
vt 0.623982 0.550448
vt 0.623420 0.539703
vt 0.624026 0.539703
vt 0.624584 0.550385
vt 0.705530 0.877903
vt 0.705530 0.888584
vt 0.628450 0.571468
vt 0.625667 0.561075
vt 0.626259 0.560949
vt 0.629026 0.571281
vt 0.705530 0.899149
vt 0.705530 0.909480
vt 0.637191 0.591100
vt 0.632307 0.581513
vt 0.632861 0.581266
vt 0.637715 0.590797
vt 0.705530 0.919466
vt 0.705530 0.928997
vt 0.649822 0.608486
vt 0.643052 0.600123
vt 0.643542 0.599767
vt 0.650272 0.608081
vt 0.745976 0.819305
vt 0.745976 0.825132
vt 0.745976 0.812575
vt 0.665792 0.622865
vt 0.657431 0.616093
vt 0.657836 0.615643
vt 0.666148 0.622375
vt 0.745976 0.805010
vt 0.745976 0.796699
vt 0.674816 0.628724
vt 0.675119 0.628199
vt 0.745976 0.787727
vt 0.694003 0.638833
vt 0.704541 0.641658
vt 0.683817 0.634925
vt 0.715317 0.643363
vt 0.726212 0.643936
vt 0.737108 0.643363
vt 0.747884 0.641658
vt 0.758422 0.638833
vt 0.768608 0.634925
vt 0.778328 0.629970
vt 0.787479 0.624029
vt 0.795956 0.617162
vt 0.803672 0.609448
vt 0.810537 0.600969
vt 0.816480 0.591820
vt 0.821432 0.582098
vt 0.825343 0.571913
vt 0.828166 0.561374
vt 0.829874 0.550599
vt 0.830443 0.539703
vt 0.829874 0.528808
vt 0.828166 0.518033
vt 0.825343 0.507494
vt 0.821432 0.497309
vt 0.816480 0.487587
vt 0.810537 0.478438
vt 0.803672 0.469958
vt 0.795956 0.462245
vt 0.787479 0.455378
vt 0.778328 0.449437
vt 0.768608 0.444483
vt 0.758422 0.440574
vt 0.747884 0.437749
vt 0.737108 0.436044
vt 0.726212 0.435471
vt 0.715317 0.436044
vt 0.704541 0.437749
vt 0.694003 0.440574
vt 0.683817 0.444483
vt 0.674097 0.449437
vt 0.664946 0.455378
vt 0.656468 0.462245
vt 0.648753 0.469958
vt 0.641888 0.478438
vt 0.635945 0.487587
vt 0.630993 0.497309
vt 0.627082 0.507494
vt 0.624259 0.518033
vt 0.622551 0.528808
vt 0.621982 0.539703
vt 0.622551 0.550599
vt 0.624259 0.561374
vt 0.627082 0.571913
vt 0.630993 0.582098
vt 0.635945 0.591820
vt 0.641888 0.600969
vt 0.648753 0.609448
vt 0.656468 0.617162
vt 0.664946 0.624029
vt 0.674097 0.629970
vt 0.376947 0.494271
vt 0.382883 0.494271
vt 0.382883 0.515460
vt 0.376947 0.515460
vt 0.382883 0.494271
vt 0.388818 0.494271
vt 0.388818 0.515460
vt 0.382883 0.515460
vt 0.382883 0.515460
vt 0.388818 0.515460
vt 0.388818 0.542062
vt 0.382883 0.542062
vt 0.376947 0.515460
vt 0.382883 0.515460
vt 0.382883 0.542062
vt 0.376947 0.542062
vt 0.365076 0.494271
vt 0.371012 0.494271
vt 0.371012 0.515460
vt 0.365076 0.515460
vt 0.371012 0.494271
vt 0.376947 0.494271
vt 0.376947 0.515460
vt 0.371012 0.515460
vt 0.371012 0.515460
vt 0.376947 0.515460
vt 0.376947 0.542062
vt 0.371012 0.542062
vt 0.365076 0.515460
vt 0.371012 0.515460
vt 0.371012 0.542062
vt 0.365076 0.542062
vt 0.353206 0.494271
vt 0.359141 0.494271
vt 0.359141 0.515460
vt 0.353206 0.515460
vt 0.359141 0.494271
vt 0.365076 0.494271
vt 0.365076 0.515460
vt 0.359141 0.515460
vt 0.359141 0.515460
vt 0.365076 0.515460
vt 0.365076 0.542062
vt 0.359141 0.542062
vt 0.353206 0.515460
vt 0.359141 0.515460
vt 0.359141 0.542062
vt 0.353206 0.542062
vt 0.341335 0.494271
vt 0.347270 0.494271
vt 0.347270 0.515460
vt 0.341335 0.515460
vt 0.347270 0.494271
vt 0.353206 0.494271
vt 0.353206 0.515460
vt 0.347270 0.515460
vt 0.347270 0.515460
vt 0.353206 0.515460
vt 0.353206 0.542062
vt 0.347270 0.542062
vt 0.341335 0.515460
vt 0.347270 0.515460
vt 0.347270 0.542062
vt 0.341335 0.542062
vt 0.329464 0.494271
vt 0.335399 0.494271
vt 0.335399 0.515460
vt 0.329464 0.515460
vt 0.335399 0.494271
vt 0.341335 0.494271
vt 0.341335 0.515460
vt 0.335399 0.515460
vt 0.335399 0.515460
vt 0.341335 0.515460
vt 0.341335 0.542062
vt 0.335399 0.542062
vt 0.329464 0.515460
vt 0.335399 0.515460
vt 0.335399 0.542062
vt 0.329464 0.542062
vt 0.317593 0.494271
vt 0.323528 0.494271
vt 0.323528 0.515460
vt 0.317593 0.515460
vt 0.323528 0.494271
vt 0.329464 0.494271
vt 0.329464 0.515460
vt 0.323528 0.515460
vt 0.323528 0.515460
vt 0.329464 0.515460
vt 0.329464 0.542062
vt 0.323528 0.542062
vt 0.317593 0.515460
vt 0.323528 0.515460
vt 0.323528 0.542062
vt 0.317593 0.542062
vt 0.305722 0.494271
vt 0.311657 0.494271
vt 0.311657 0.515460
vt 0.305722 0.515460
vt 0.311657 0.494271
vt 0.317593 0.494271
vt 0.317593 0.515460
vt 0.311657 0.515460
vt 0.311657 0.515460
vt 0.317593 0.515460
vt 0.317593 0.542062
vt 0.311657 0.542062
vt 0.305722 0.515460
vt 0.311657 0.515460
vt 0.311657 0.542062
vt 0.305722 0.542062
vt 0.293851 0.494271
vt 0.299786 0.494271
vt 0.299786 0.515460
vt 0.293851 0.515460
vt 0.299786 0.494271
vt 0.305722 0.494271
vt 0.305722 0.515460
vt 0.299786 0.515460
vt 0.299786 0.515460
vt 0.305722 0.515460
vt 0.305722 0.542062
vt 0.299786 0.542062
vt 0.293851 0.515460
vt 0.299786 0.515460
vt 0.299786 0.542062
vt 0.293851 0.542062
vt 0.281980 0.494271
vt 0.287915 0.494271
vt 0.287915 0.515460
vt 0.281980 0.515460
vt 0.287915 0.494271
vt 0.293851 0.494271
vt 0.293851 0.515460
vt 0.287915 0.515460
vt 0.287915 0.515460
vt 0.293851 0.515460
vt 0.293851 0.542062
vt 0.287915 0.542062
vt 0.281980 0.515460
vt 0.287915 0.515460
vt 0.287915 0.542062
vt 0.281980 0.542062
vt 0.270109 0.494271
vt 0.276045 0.494271
vt 0.276045 0.515460
vt 0.270109 0.515460
vt 0.276045 0.494271
vt 0.281980 0.494271
vt 0.281980 0.515460
vt 0.276045 0.515460
vt 0.276045 0.515460
vt 0.281980 0.515460
vt 0.281980 0.542062
vt 0.276045 0.542062
vt 0.270109 0.515460
vt 0.276045 0.515460
vt 0.276045 0.542062
vt 0.270109 0.542062
vt 0.258238 0.494271
vt 0.264174 0.494271
vt 0.264174 0.515460
vt 0.258238 0.515460
vt 0.264174 0.494271
vt 0.270109 0.494271
vt 0.270109 0.515460
vt 0.264174 0.515460
vt 0.264174 0.515460
vt 0.270109 0.515460
vt 0.270109 0.542062
vt 0.264174 0.542062
vt 0.258238 0.515460
vt 0.264174 0.515460
vt 0.264174 0.542062
vt 0.258238 0.542062
vt 0.246367 0.494271
vt 0.252303 0.494271
vt 0.252303 0.515460
vt 0.246367 0.515460
vt 0.252303 0.494271
vt 0.258238 0.494271
vt 0.258238 0.515460
vt 0.252303 0.515460
vt 0.252303 0.515460
vt 0.258238 0.515460
vt 0.258238 0.542062
vt 0.252303 0.542062
vt 0.246367 0.515460
vt 0.252303 0.515460
vt 0.252303 0.542062
vt 0.246367 0.542062
vt 0.234496 0.494271
vt 0.240432 0.494271
vt 0.240432 0.515460
vt 0.234496 0.515460
vt 0.240432 0.494271
vt 0.246367 0.494271
vt 0.246367 0.515460
vt 0.240432 0.515460
vt 0.240432 0.515460
vt 0.246367 0.515460
vt 0.246367 0.542062
vt 0.240432 0.542062
vt 0.234496 0.515460
vt 0.240432 0.515460
vt 0.240432 0.542062
vt 0.234496 0.542062
vt 0.222625 0.494271
vt 0.228561 0.494271
vt 0.228561 0.515460
vt 0.222625 0.515460
vt 0.228561 0.494271
vt 0.234496 0.494271
vt 0.234496 0.515460
vt 0.228561 0.515460
vt 0.228561 0.515460
vt 0.234496 0.515460
vt 0.234496 0.542062
vt 0.228561 0.542062
vt 0.222625 0.515460
vt 0.228561 0.515460
vt 0.228561 0.542062
vt 0.222625 0.542062
vt 0.210755 0.494271
vt 0.216690 0.494271
vt 0.216690 0.515460
vt 0.210755 0.515460
vt 0.216690 0.494271
vt 0.222625 0.494271
vt 0.222625 0.515460
vt 0.216690 0.515460
vt 0.216690 0.515460
vt 0.222625 0.515460
vt 0.222625 0.542062
vt 0.216690 0.542062
vt 0.210755 0.515460
vt 0.216690 0.515460
vt 0.216690 0.542062
vt 0.210755 0.542062
vt 0.198884 0.494271
vt 0.204819 0.494271
vt 0.204819 0.515460
vt 0.198884 0.515460
vt 0.204819 0.494271
vt 0.210755 0.494271
vt 0.210755 0.515460
vt 0.204819 0.515460
vt 0.204819 0.515460
vt 0.210755 0.515460
vt 0.210755 0.542062
vt 0.204819 0.542062
vt 0.198884 0.515460
vt 0.204819 0.515460
vt 0.204819 0.542062
vt 0.198884 0.542062
vt 0.187013 0.494271
vt 0.192948 0.494271
vt 0.192948 0.515460
vt 0.187013 0.515460
vt 0.192948 0.494271
vt 0.198884 0.494271
vt 0.198884 0.515460
vt 0.192948 0.515460
vt 0.192948 0.515460
vt 0.198884 0.515460
vt 0.198884 0.542062
vt 0.192948 0.542062
vt 0.187013 0.515460
vt 0.192948 0.515460
vt 0.192948 0.542062
vt 0.187013 0.542062
vt 0.175142 0.494271
vt 0.181077 0.494271
vt 0.181077 0.515460
vt 0.175142 0.515460
vt 0.181077 0.494271
vt 0.187013 0.494271
vt 0.187013 0.515460
vt 0.181077 0.515460
vt 0.181077 0.515460
vt 0.187013 0.515460
vt 0.187013 0.542062
vt 0.181077 0.542062
vt 0.175142 0.515460
vt 0.181077 0.515460
vt 0.181077 0.542062
vt 0.175142 0.542062
vt 0.163271 0.494271
vt 0.169206 0.494271
vt 0.169206 0.515460
vt 0.163271 0.515460
vt 0.169206 0.494271
vt 0.175142 0.494271
vt 0.175142 0.515460
vt 0.169206 0.515460
vt 0.169206 0.515460
vt 0.175142 0.515460
vt 0.175142 0.542062
vt 0.169206 0.542062
vt 0.163271 0.515460
vt 0.169206 0.515460
vt 0.169206 0.542062
vt 0.163271 0.542062
vt 0.151400 0.494271
vt 0.157336 0.494271
vt 0.157336 0.515460
vt 0.151400 0.515460
vt 0.157336 0.494271
vt 0.163271 0.494271
vt 0.163271 0.515460
vt 0.157336 0.515460
vt 0.157336 0.515460
vt 0.163271 0.515460
vt 0.163271 0.542062
vt 0.157336 0.542062
vt 0.151400 0.515460
vt 0.157336 0.515460
vt 0.157336 0.542062
vt 0.151400 0.542062
vt 0.139529 0.487755
vt 0.145465 0.494271
vt 0.145465 0.515460
vt 0.139529 0.515460
vt 0.145465 0.494271
vt 0.151400 0.494271
vt 0.151400 0.515460
vt 0.145465 0.515460
vt 0.145465 0.515460
vt 0.151400 0.515460
vt 0.151400 0.542062
vt 0.145465 0.542062
vt 0.139529 0.515460
vt 0.145465 0.515460
vt 0.145465 0.542062
vt 0.139529 0.543165
vt 0.483786 0.494271
vt 0.489721 0.494271
vt 0.489721 0.515460
vt 0.483786 0.515460
vt 0.489721 0.494271
vt 0.495656 0.487755
vt 0.495656 0.515460
vt 0.489721 0.515460
vt 0.489721 0.515460
vt 0.495656 0.515460
vt 0.495656 0.543165
vt 0.489721 0.542062
vt 0.483786 0.515460
vt 0.489721 0.515460
vt 0.489721 0.542062
vt 0.483786 0.542062
vt 0.471915 0.494271
vt 0.477850 0.494271
vt 0.477850 0.515460
vt 0.471915 0.515460
vt 0.477850 0.494271
vt 0.483786 0.494271
vt 0.483786 0.515460
vt 0.477850 0.515460
vt 0.477850 0.515460
vt 0.483786 0.515460
vt 0.483786 0.542062
vt 0.477850 0.542062
vt 0.471915 0.515460
vt 0.477850 0.515460
vt 0.477850 0.542062
vt 0.471915 0.542062
vt 0.460044 0.494271
vt 0.465979 0.494271
vt 0.465979 0.515460
vt 0.460044 0.515460
vt 0.465979 0.494271
vt 0.471915 0.494271
vt 0.471915 0.515460
vt 0.465979 0.515460
vt 0.465979 0.515460
vt 0.471915 0.515460
vt 0.471915 0.542062
vt 0.465979 0.542062
vt 0.460044 0.515460
vt 0.465979 0.515460
vt 0.465979 0.542062
vt 0.460044 0.542062
vt 0.448173 0.494271
vt 0.454108 0.494271
vt 0.454108 0.515460
vt 0.448173 0.515460
vt 0.454108 0.494271
vt 0.460044 0.494271
vt 0.460044 0.515460
vt 0.454108 0.515460
vt 0.454108 0.515460
vt 0.460044 0.515460
vt 0.460044 0.542062
vt 0.454108 0.542062
vt 0.448173 0.515460
vt 0.454108 0.515460
vt 0.454108 0.542062
vt 0.448173 0.542062
vt 0.436302 0.494271
vt 0.442237 0.494271
vt 0.442237 0.515460
vt 0.436302 0.515460
vt 0.442237 0.494271
vt 0.448173 0.494271
vt 0.448173 0.515460
vt 0.442237 0.515460
vt 0.442237 0.515460
vt 0.448173 0.515460
vt 0.448173 0.542062
vt 0.442237 0.542062
vt 0.436302 0.515460
vt 0.442237 0.515460
vt 0.442237 0.542062
vt 0.436302 0.542062
vt 0.424431 0.494271
vt 0.430366 0.494271
vt 0.430366 0.515460
vt 0.424431 0.515460
vt 0.430366 0.494271
vt 0.436302 0.494271
vt 0.436302 0.515460
vt 0.430366 0.515460
vt 0.430366 0.515460
vt 0.436302 0.515460
vt 0.436302 0.542062
vt 0.430366 0.542062
vt 0.424431 0.515460
vt 0.430366 0.515460
vt 0.430366 0.542062
vt 0.424431 0.542062
vt 0.412560 0.494271
vt 0.418496 0.494271
vt 0.418496 0.515460
vt 0.412560 0.515460
vt 0.418496 0.494271
vt 0.424431 0.494271
vt 0.424431 0.515460
vt 0.418496 0.515460
vt 0.418496 0.515460
vt 0.424431 0.515460
vt 0.424431 0.542062
vt 0.418496 0.542062
vt 0.412560 0.515460
vt 0.418496 0.515460
vt 0.418496 0.542062
vt 0.412560 0.542062
vt 0.400689 0.494271
vt 0.406625 0.494271
vt 0.406625 0.515460
vt 0.400689 0.515460
vt 0.406625 0.494271
vt 0.412560 0.494271
vt 0.412560 0.515460
vt 0.406625 0.515460
vt 0.406625 0.515460
vt 0.412560 0.515460
vt 0.412560 0.542062
vt 0.406625 0.542062
vt 0.400689 0.515460
vt 0.406625 0.515460
vt 0.406625 0.542062
vt 0.400689 0.542062
vt 0.388818 0.494271
vt 0.394754 0.494271
vt 0.394754 0.515460
vt 0.388818 0.515460
vt 0.394754 0.494271
vt 0.400689 0.494271
vt 0.400689 0.515460
vt 0.394754 0.515460
vt 0.394754 0.515460
vt 0.400689 0.515460
vt 0.400689 0.542062
vt 0.394754 0.542062
vt 0.388818 0.515460
vt 0.394754 0.515460
vt 0.394754 0.542062
vt 0.388818 0.542062
vt 0.376947 0.472670
vt 0.382883 0.472670
vt 0.382883 0.476196
vt 0.376947 0.476196
vt 0.382883 0.472670
vt 0.388818 0.472670
vt 0.388818 0.476196
vt 0.382883 0.476196
vt 0.382883 0.476196
vt 0.388818 0.476196
vt 0.388818 0.477788
vt 0.382883 0.477788
vt 0.376947 0.476196
vt 0.382883 0.476196
vt 0.382883 0.477788
vt 0.376947 0.477788
vt 0.365076 0.472670
vt 0.371012 0.472670
vt 0.371012 0.476196
vt 0.365076 0.476196
vt 0.371012 0.472670
vt 0.376947 0.472670
vt 0.376947 0.476196
vt 0.371012 0.476196
vt 0.371012 0.476196
vt 0.376947 0.476196
vt 0.376947 0.477788
vt 0.371012 0.477788
vt 0.365076 0.476196
vt 0.371012 0.476196
vt 0.371012 0.477788
vt 0.365076 0.477788
vt 0.353206 0.472670
vt 0.359141 0.472670
vt 0.359141 0.476196
vt 0.353206 0.476196
vt 0.359141 0.472670
vt 0.365076 0.472670
vt 0.365076 0.476196
vt 0.359141 0.476196
vt 0.359141 0.476196
vt 0.365076 0.476196
vt 0.365076 0.477788
vt 0.359141 0.477788
vt 0.353206 0.476196
vt 0.359141 0.476196
vt 0.359141 0.477788
vt 0.353206 0.477788
vt 0.341335 0.472670
vt 0.347270 0.472670
vt 0.347270 0.476196
vt 0.341335 0.476196
vt 0.347270 0.472670
vt 0.353206 0.472670
vt 0.353206 0.476196
vt 0.347270 0.476196
vt 0.347270 0.476196
vt 0.353206 0.476196
vt 0.353206 0.477788
vt 0.347270 0.477788
vt 0.341335 0.476196
vt 0.347270 0.476196
vt 0.347270 0.477788
vt 0.341335 0.477788
vt 0.329464 0.472670
vt 0.335399 0.472670
vt 0.335399 0.476196
vt 0.329464 0.476196
vt 0.335399 0.472670
vt 0.341335 0.472670
vt 0.341335 0.476196
vt 0.335399 0.476196
vt 0.335399 0.476196
vt 0.341335 0.476196
vt 0.341335 0.477788
vt 0.335399 0.477788
vt 0.329464 0.476196
vt 0.335399 0.476196
vt 0.335399 0.477788
vt 0.329464 0.477788
vt 0.317593 0.472670
vt 0.323528 0.472670
vt 0.323528 0.476196
vt 0.317593 0.476196
vt 0.323528 0.472670
vt 0.329464 0.472670
vt 0.329464 0.476196
vt 0.323528 0.476196
vt 0.323528 0.476196
vt 0.329464 0.476196
vt 0.329464 0.477788
vt 0.323528 0.477788
vt 0.317593 0.476196
vt 0.323528 0.476196
vt 0.323528 0.477788
vt 0.317593 0.477788
vt 0.305722 0.472670
vt 0.311657 0.472670
vt 0.311657 0.476196
vt 0.305722 0.476196
vt 0.311657 0.472670
vt 0.317593 0.472670
vt 0.317593 0.476196
vt 0.311657 0.476196
vt 0.311657 0.476196
vt 0.317593 0.476196
vt 0.317593 0.477788
vt 0.311657 0.477788
vt 0.305722 0.476196
vt 0.311657 0.476196
vt 0.311657 0.477788
vt 0.305722 0.477788
vt 0.293851 0.472670
vt 0.299786 0.472670
vt 0.299786 0.476196
vt 0.293851 0.476196
vt 0.299786 0.472670
vt 0.305722 0.472670
vt 0.305722 0.476196
vt 0.299786 0.476196
vt 0.299786 0.476196
vt 0.305722 0.476196
vt 0.305722 0.477788
vt 0.299786 0.477788
vt 0.293851 0.476196
vt 0.299786 0.476196
vt 0.299786 0.477788
vt 0.293851 0.477788
vt 0.281980 0.472670
vt 0.287915 0.472670
vt 0.287915 0.476196
vt 0.281980 0.476196
vt 0.287915 0.472670
vt 0.293851 0.472670
vt 0.293851 0.476196
vt 0.287915 0.476196
vt 0.287915 0.476196
vt 0.293851 0.476196
vt 0.293851 0.477788
vt 0.287915 0.477788
vt 0.281980 0.476196
vt 0.287915 0.476196
vt 0.287915 0.477788
vt 0.281980 0.477788
vt 0.270109 0.472670
vt 0.276045 0.472670
vt 0.276045 0.476196
vt 0.270109 0.476196
vt 0.276045 0.472670
vt 0.281980 0.472670
vt 0.281980 0.476196
vt 0.276045 0.476196
vt 0.276045 0.476196
vt 0.281980 0.476196
vt 0.281980 0.477788
vt 0.276045 0.477788
vt 0.270109 0.476196
vt 0.276045 0.476196
vt 0.276045 0.477788
vt 0.270109 0.477788
vt 0.258238 0.472670
vt 0.264174 0.472670
vt 0.264174 0.476196
vt 0.258238 0.476196
vt 0.264174 0.472670
vt 0.270109 0.472670
vt 0.270109 0.476196
vt 0.264174 0.476196
vt 0.264174 0.476196
vt 0.270109 0.476196
vt 0.270109 0.477788
vt 0.264174 0.477788
vt 0.258238 0.476196
vt 0.264174 0.476196
vt 0.264174 0.477788
vt 0.258238 0.477788
vt 0.246367 0.472670
vt 0.252303 0.472670
vt 0.252303 0.476196
vt 0.246367 0.476196
vt 0.252303 0.472670
vt 0.258238 0.472670
vt 0.258238 0.476196
vt 0.252303 0.476196
vt 0.252303 0.476196
vt 0.258238 0.476196
vt 0.258238 0.477788
vt 0.252303 0.477788
vt 0.246367 0.476196
vt 0.252303 0.476196
vt 0.252303 0.477788
vt 0.246367 0.477788
vt 0.234496 0.472670
vt 0.240432 0.472670
vt 0.240432 0.476196
vt 0.234496 0.476196
vt 0.240432 0.472670
vt 0.246367 0.472670
vt 0.246367 0.476196
vt 0.240432 0.476196
vt 0.240432 0.476196
vt 0.246367 0.476196
vt 0.246367 0.477788
vt 0.240432 0.477788
vt 0.234496 0.476196
vt 0.240432 0.476196
vt 0.240432 0.477788
vt 0.234496 0.477788
vt 0.222625 0.472670
vt 0.228561 0.472670
vt 0.228561 0.476196
vt 0.222625 0.476196
vt 0.228561 0.472670
vt 0.234496 0.472670
vt 0.234496 0.476196
vt 0.228561 0.476196
vt 0.228561 0.476196
vt 0.234496 0.476196
vt 0.234496 0.477788
vt 0.228561 0.477788
vt 0.222625 0.476196
vt 0.228561 0.476196
vt 0.228561 0.477788
vt 0.222625 0.477788
vt 0.210755 0.472670
vt 0.216690 0.472670
vt 0.216690 0.476196
vt 0.210755 0.476196
vt 0.216690 0.472670
vt 0.222625 0.472670
vt 0.222625 0.476196
vt 0.216690 0.476196
vt 0.216690 0.476196
vt 0.222625 0.476196
vt 0.222625 0.477788
vt 0.216690 0.477788
vt 0.210755 0.476196
vt 0.216690 0.476196
vt 0.216690 0.477788
vt 0.210755 0.477788
vt 0.198884 0.472670
vt 0.204819 0.472670
vt 0.204819 0.476196
vt 0.198884 0.476196
vt 0.204819 0.472670
vt 0.210755 0.472670
vt 0.210755 0.476196
vt 0.204819 0.476196
vt 0.204819 0.476196
vt 0.210755 0.476196
vt 0.210755 0.477788
vt 0.204819 0.477788
vt 0.198884 0.476196
vt 0.204819 0.476196
vt 0.204819 0.477788
vt 0.198884 0.477788
vt 0.187013 0.472670
vt 0.192948 0.472670
vt 0.192948 0.476196
vt 0.187013 0.476196
vt 0.192948 0.472670
vt 0.198884 0.472670
vt 0.198884 0.476196
vt 0.192948 0.476196
vt 0.192948 0.476196
vt 0.198884 0.476196
vt 0.198884 0.477788
vt 0.192948 0.477788
vt 0.187013 0.476196
vt 0.192948 0.476196
vt 0.192948 0.477788
vt 0.187013 0.477788
vt 0.175142 0.472670
vt 0.181077 0.472670
vt 0.181077 0.476196
vt 0.175142 0.476196
vt 0.181077 0.472670
vt 0.187013 0.472670
vt 0.187013 0.476196
vt 0.181077 0.476196
vt 0.181077 0.476196
vt 0.187013 0.476196
vt 0.187013 0.477788
vt 0.181077 0.477788
vt 0.175142 0.476196
vt 0.181077 0.476196
vt 0.181077 0.477788
vt 0.175142 0.477788
vt 0.163271 0.472670
vt 0.169206 0.472670
vt 0.169206 0.476196
vt 0.163271 0.476196
vt 0.169206 0.472670
vt 0.175142 0.472670
vt 0.175142 0.476196
vt 0.169206 0.476196
vt 0.169206 0.476196
vt 0.175142 0.476196
vt 0.175142 0.477788
vt 0.169206 0.477788
vt 0.163271 0.476196
vt 0.169206 0.476196
vt 0.169206 0.477788
vt 0.163271 0.477788
vt 0.151400 0.472670
vt 0.157336 0.472670
vt 0.157336 0.476196
vt 0.151400 0.476196
vt 0.157336 0.472670
vt 0.163271 0.472670
vt 0.163271 0.476196
vt 0.157336 0.476196
vt 0.157336 0.476196
vt 0.163271 0.476196
vt 0.163271 0.477788
vt 0.157336 0.477788
vt 0.151400 0.476196
vt 0.157336 0.476196
vt 0.157336 0.477788
vt 0.151400 0.477788
vt 0.139529 0.474204
vt 0.145465 0.472670
vt 0.145465 0.476196
vt 0.139529 0.476196
vt 0.145465 0.472670
vt 0.151400 0.472670
vt 0.151400 0.476196
vt 0.145465 0.476196
vt 0.145465 0.476196
vt 0.151400 0.476196
vt 0.151400 0.477788
vt 0.145465 0.477788
vt 0.139529 0.476196
vt 0.145465 0.476196
vt 0.145465 0.477788
vt 0.139529 0.478187
vt 0.483786 0.472670
vt 0.489721 0.472670
vt 0.489721 0.476196
vt 0.483786 0.476196
vt 0.489721 0.472670
vt 0.495656 0.474204
vt 0.495656 0.476196
vt 0.489721 0.476196
vt 0.489721 0.476196
vt 0.495656 0.476196
vt 0.495656 0.478187
vt 0.489721 0.477788
vt 0.483786 0.476196
vt 0.489721 0.476196
vt 0.489721 0.477788
vt 0.483786 0.477788
vt 0.471915 0.472670
vt 0.477850 0.472670
vt 0.477850 0.476196
vt 0.471915 0.476196
vt 0.477850 0.472670
vt 0.483786 0.472670
vt 0.483786 0.476196
vt 0.477850 0.476196
vt 0.477850 0.476196
vt 0.483786 0.476196
vt 0.483786 0.477788
vt 0.477850 0.477788
vt 0.471915 0.476196
vt 0.477850 0.476196
vt 0.477850 0.477788
vt 0.471915 0.477788
vt 0.460044 0.472670
vt 0.465979 0.472670
vt 0.465979 0.476196
vt 0.460044 0.476196
vt 0.465979 0.472670
vt 0.471915 0.472670
vt 0.471915 0.476196
vt 0.465979 0.476196
vt 0.465979 0.476196
vt 0.471915 0.476196
vt 0.471915 0.477788
vt 0.465979 0.477788
vt 0.460044 0.476196
vt 0.465979 0.476196
vt 0.465979 0.477788
vt 0.460044 0.477788
vt 0.448173 0.472670
vt 0.454108 0.472670
vt 0.454108 0.476196
vt 0.448173 0.476196
vt 0.454108 0.472670
vt 0.460044 0.472670
vt 0.460044 0.476196
vt 0.454108 0.476196
vt 0.454108 0.476196
vt 0.460044 0.476196
vt 0.460044 0.477788
vt 0.454108 0.477788
vt 0.448173 0.476196
vt 0.454108 0.476196
vt 0.454108 0.477788
vt 0.448173 0.477788
vt 0.436302 0.472670
vt 0.442237 0.472670
vt 0.442237 0.476196
vt 0.436302 0.476196
vt 0.442237 0.472670
vt 0.448173 0.472670
vt 0.448173 0.476196
vt 0.442237 0.476196
vt 0.442237 0.476196
vt 0.448173 0.476196
vt 0.448173 0.477788
vt 0.442237 0.477788
vt 0.436302 0.476196
vt 0.442237 0.476196
vt 0.442237 0.477788
vt 0.436302 0.477788
vt 0.424431 0.472670
vt 0.430366 0.472670
vt 0.430366 0.476196
vt 0.424431 0.476196
vt 0.430366 0.472670
vt 0.436302 0.472670
vt 0.436302 0.476196
vt 0.430366 0.476196
vt 0.430366 0.476196
vt 0.436302 0.476196
vt 0.436302 0.477788
vt 0.430366 0.477788
vt 0.424431 0.476196
vt 0.430366 0.476196
vt 0.430366 0.477788
vt 0.424431 0.477788
vt 0.412560 0.472670
vt 0.418496 0.472670
vt 0.418496 0.476196
vt 0.412560 0.476196
vt 0.418496 0.472670
vt 0.424431 0.472670
vt 0.424431 0.476196
vt 0.418496 0.476196
vt 0.418496 0.476196
vt 0.424431 0.476196
vt 0.424431 0.477788
vt 0.418496 0.477788
vt 0.412560 0.476196
vt 0.418496 0.476196
vt 0.418496 0.477788
vt 0.412560 0.477788
vt 0.400689 0.472670
vt 0.406625 0.472670
vt 0.406625 0.476196
vt 0.400689 0.476196
vt 0.406625 0.472670
vt 0.412560 0.472670
vt 0.412560 0.476196
vt 0.406625 0.476196
vt 0.406625 0.476196
vt 0.412560 0.476196
vt 0.412560 0.477788
vt 0.406625 0.477788
vt 0.400689 0.476196
vt 0.406625 0.476196
vt 0.406625 0.477788
vt 0.400689 0.477788
vt 0.388818 0.472670
vt 0.394754 0.472670
vt 0.394754 0.476196
vt 0.388818 0.476196
vt 0.394754 0.472670
vt 0.400689 0.472670
vt 0.400689 0.476196
vt 0.394754 0.476196
vt 0.394754 0.476196
vt 0.400689 0.476196
vt 0.400689 0.477788
vt 0.394754 0.477788
vt 0.388818 0.476196
vt 0.394754 0.476196
vt 0.394754 0.477788
vt 0.388818 0.477788
vt 0.388818 0.479568
vt 0.394754 0.479568
vt 0.394754 0.481726
vt 0.388818 0.481726
vt 0.394754 0.479568
vt 0.400689 0.479568
vt 0.400689 0.481726
vt 0.394754 0.481726
vt 0.394754 0.481726
vt 0.400689 0.481726
vt 0.400689 0.484195
vt 0.394754 0.484195
vt 0.388818 0.481726
vt 0.394754 0.481726
vt 0.394754 0.484195
vt 0.388818 0.484195
vt 0.376947 0.479568
vt 0.382883 0.479568
vt 0.382883 0.481726
vt 0.376947 0.481726
vt 0.382883 0.479568
vt 0.388818 0.479568
vt 0.388818 0.481726
vt 0.382883 0.481726
vt 0.382883 0.481726
vt 0.388818 0.481726
vt 0.388818 0.484195
vt 0.382883 0.484195
vt 0.376947 0.481726
vt 0.382883 0.481726
vt 0.382883 0.484195
vt 0.376947 0.484195
vt 0.365076 0.479568
vt 0.371012 0.479568
vt 0.371012 0.481726
vt 0.365076 0.481726
vt 0.371012 0.479568
vt 0.376947 0.479568
vt 0.376947 0.481726
vt 0.371012 0.481726
vt 0.371012 0.481726
vt 0.376947 0.481726
vt 0.376947 0.484195
vt 0.371012 0.484195
vt 0.365076 0.481726
vt 0.371012 0.481726
vt 0.371012 0.484195
vt 0.365076 0.484195
vt 0.353206 0.479568
vt 0.359141 0.479568
vt 0.359141 0.481726
vt 0.353206 0.481726
vt 0.359141 0.479568
vt 0.365076 0.479568
vt 0.365076 0.481726
vt 0.359141 0.481726
vt 0.359141 0.481726
vt 0.365076 0.481726
vt 0.365076 0.484195
vt 0.359141 0.484195
vt 0.353206 0.481726
vt 0.359141 0.481726
vt 0.359141 0.484195
vt 0.353206 0.484195
vt 0.341335 0.479568
vt 0.347270 0.479568
vt 0.347270 0.481726
vt 0.341335 0.481726
vt 0.347270 0.479568
vt 0.353206 0.479568
vt 0.353206 0.481726
vt 0.347270 0.481726
vt 0.347270 0.481726
vt 0.353206 0.481726
vt 0.353206 0.484195
vt 0.347270 0.484195
vt 0.341335 0.481726
vt 0.347270 0.481726
vt 0.347270 0.484195
vt 0.341335 0.484195
vt 0.329464 0.479568
vt 0.335399 0.479568
vt 0.335399 0.481726
vt 0.329464 0.481726
vt 0.335399 0.479568
vt 0.341335 0.479568
vt 0.341335 0.481726
vt 0.335399 0.481726
vt 0.335399 0.481726
vt 0.341335 0.481726
vt 0.341335 0.484195
vt 0.335399 0.484195
vt 0.329464 0.481726
vt 0.335399 0.481726
vt 0.335399 0.484195
vt 0.329464 0.484195
vt 0.317593 0.479568
vt 0.323528 0.479568
vt 0.323528 0.481726
vt 0.317593 0.481726
vt 0.323528 0.479568
vt 0.329464 0.479568
vt 0.329464 0.481726
vt 0.323528 0.481726
vt 0.323528 0.481726
vt 0.329464 0.481726
vt 0.329464 0.484195
vt 0.323528 0.484195
vt 0.317593 0.481726
vt 0.323528 0.481726
vt 0.323528 0.484195
vt 0.317593 0.484195
vt 0.305722 0.479568
vt 0.311657 0.479568
vt 0.311657 0.481726
vt 0.305722 0.481726
vt 0.311657 0.479568
vt 0.317593 0.479568
vt 0.317593 0.481726
vt 0.311657 0.481726
vt 0.311657 0.481726
vt 0.317593 0.481726
vt 0.317593 0.484195
vt 0.311657 0.484195
vt 0.305722 0.481726
vt 0.311657 0.481726
vt 0.311657 0.484195
vt 0.305722 0.484195
vt 0.293851 0.479568
vt 0.299786 0.479568
vt 0.299786 0.481726
vt 0.293851 0.481726
vt 0.299786 0.479568
vt 0.305722 0.479568
vt 0.305722 0.481726
vt 0.299786 0.481726
vt 0.299786 0.481726
vt 0.305722 0.481726
vt 0.305722 0.484195
vt 0.299786 0.484195
vt 0.293851 0.481726
vt 0.299786 0.481726
vt 0.299786 0.484195
vt 0.293851 0.484195
vt 0.281980 0.479568
vt 0.287915 0.479568
vt 0.287915 0.481726
vt 0.281980 0.481726
vt 0.287915 0.479568
vt 0.293851 0.479568
vt 0.293851 0.481726
vt 0.287915 0.481726
vt 0.287915 0.481726
vt 0.293851 0.481726
vt 0.293851 0.484195
vt 0.287915 0.484195
vt 0.281980 0.481726
vt 0.287915 0.481726
vt 0.287915 0.484195
vt 0.281980 0.484195
vt 0.270109 0.479568
vt 0.276045 0.479568
vt 0.276045 0.481726
vt 0.270109 0.481726
vt 0.276045 0.479568
vt 0.281980 0.479568
vt 0.281980 0.481726
vt 0.276045 0.481726
vt 0.276045 0.481726
vt 0.281980 0.481726
vt 0.281980 0.484195
vt 0.276045 0.484195
vt 0.270109 0.481726
vt 0.276045 0.481726
vt 0.276045 0.484195
vt 0.270109 0.484195
vt 0.258238 0.479568
vt 0.264174 0.479568
vt 0.264174 0.481726
vt 0.258238 0.481726
vt 0.264174 0.479568
vt 0.270109 0.479568
vt 0.270109 0.481726
vt 0.264174 0.481726
vt 0.264174 0.481726
vt 0.270109 0.481726
vt 0.270109 0.484195
vt 0.264174 0.484195
vt 0.258238 0.481726
vt 0.264174 0.481726
vt 0.264174 0.484195
vt 0.258238 0.484195
vt 0.246367 0.479568
vt 0.252303 0.479568
vt 0.252303 0.481726
vt 0.246367 0.481726
vt 0.252303 0.479568
vt 0.258238 0.479568
vt 0.258238 0.481726
vt 0.252303 0.481726
vt 0.252303 0.481726
vt 0.258238 0.481726
vt 0.258238 0.484195
vt 0.252303 0.484195
vt 0.246367 0.481726
vt 0.252303 0.481726
vt 0.252303 0.484195
vt 0.246367 0.484195
vt 0.234496 0.479568
vt 0.240432 0.479568
vt 0.240432 0.481726
vt 0.234496 0.481726
vt 0.240432 0.479568
vt 0.246367 0.479568
vt 0.246367 0.481726
vt 0.240432 0.481726
vt 0.240432 0.481726
vt 0.246367 0.481726
vt 0.246367 0.484195
vt 0.240432 0.484195
vt 0.234496 0.481726
vt 0.240432 0.481726
vt 0.240432 0.484195
vt 0.234496 0.484195
vt 0.222625 0.479568
vt 0.228561 0.479568
vt 0.228561 0.481726
vt 0.222625 0.481726
vt 0.228561 0.479568
vt 0.234496 0.479568
vt 0.234496 0.481726
vt 0.228561 0.481726
vt 0.228561 0.481726
vt 0.234496 0.481726
vt 0.234496 0.484195
vt 0.228561 0.484195
vt 0.222625 0.481726
vt 0.228561 0.481726
vt 0.228561 0.484195
vt 0.222625 0.484195
vt 0.210755 0.479568
vt 0.216690 0.479568
vt 0.216690 0.481726
vt 0.210755 0.481726
vt 0.216690 0.479568
vt 0.222625 0.479568
vt 0.222625 0.481726
vt 0.216690 0.481726
vt 0.216690 0.481726
vt 0.222625 0.481726
vt 0.222625 0.484195
vt 0.216690 0.484195
vt 0.210755 0.481726
vt 0.216690 0.481726
vt 0.216690 0.484195
vt 0.210755 0.484195
vt 0.198884 0.479568
vt 0.204819 0.479568
vt 0.204819 0.481726
vt 0.198884 0.481726
vt 0.204819 0.479568
vt 0.210755 0.479568
vt 0.210755 0.481726
vt 0.204819 0.481726
vt 0.204819 0.481726
vt 0.210755 0.481726
vt 0.210755 0.484195
vt 0.204819 0.484195
vt 0.198884 0.481726
vt 0.204819 0.481726
vt 0.204819 0.484195
vt 0.198884 0.484195
vt 0.187013 0.479568
vt 0.192948 0.479568
vt 0.192948 0.481726
vt 0.187013 0.481726
vt 0.192948 0.479568
vt 0.198884 0.479568
vt 0.198884 0.481726
vt 0.192948 0.481726
vt 0.192948 0.481726
vt 0.198884 0.481726
vt 0.198884 0.484195
vt 0.192948 0.484195
vt 0.187013 0.481726
vt 0.192948 0.481726
vt 0.192948 0.484195
vt 0.187013 0.484195
vt 0.175142 0.479568
vt 0.181077 0.479568
vt 0.181077 0.481726
vt 0.175142 0.481726
vt 0.181077 0.479568
vt 0.187013 0.479568
vt 0.187013 0.481726
vt 0.181077 0.481726
vt 0.181077 0.481726
vt 0.187013 0.481726
vt 0.187013 0.484195
vt 0.181077 0.484195
vt 0.175142 0.481726
vt 0.181077 0.481726
vt 0.181077 0.484195
vt 0.175142 0.484195
vt 0.163271 0.479568
vt 0.169206 0.479568
vt 0.169206 0.481726
vt 0.163271 0.481726
vt 0.169206 0.479568
vt 0.175142 0.479568
vt 0.175142 0.481726
vt 0.169206 0.481726
vt 0.169206 0.481726
vt 0.175142 0.481726
vt 0.175142 0.484195
vt 0.169206 0.484195
vt 0.163271 0.481726
vt 0.169206 0.481726
vt 0.169206 0.484195
vt 0.163271 0.484195
vt 0.151400 0.479568
vt 0.157336 0.479568
vt 0.157336 0.481726
vt 0.151400 0.481726
vt 0.157336 0.479568
vt 0.163271 0.479568
vt 0.163271 0.481726
vt 0.157336 0.481726
vt 0.157336 0.481726
vt 0.163271 0.481726
vt 0.163271 0.484195
vt 0.157336 0.484195
vt 0.151400 0.481726
vt 0.157336 0.481726
vt 0.157336 0.484195
vt 0.151400 0.484195
vt 0.139529 0.478981
vt 0.145465 0.479568
vt 0.145465 0.481726
vt 0.139529 0.481726
vt 0.145465 0.479568
vt 0.151400 0.479568
vt 0.151400 0.481726
vt 0.145465 0.481726
vt 0.145465 0.481726
vt 0.151400 0.481726
vt 0.151400 0.484195
vt 0.145465 0.484195
vt 0.139529 0.481726
vt 0.145465 0.481726
vt 0.145465 0.484195
vt 0.139529 0.484471
vt 0.483786 0.479568
vt 0.489721 0.479568
vt 0.489721 0.481726
vt 0.483786 0.481726
vt 0.489721 0.479568
vt 0.495656 0.478981
vt 0.495656 0.481726
vt 0.489721 0.481726
vt 0.489721 0.481726
vt 0.495656 0.481726
vt 0.495656 0.484471
vt 0.489721 0.484195
vt 0.483786 0.481726
vt 0.489721 0.481726
vt 0.489721 0.484195
vt 0.483786 0.484195
vt 0.471915 0.479568
vt 0.477850 0.479568
vt 0.477850 0.481726
vt 0.471915 0.481726
vt 0.477850 0.479568
vt 0.483786 0.479568
vt 0.483786 0.481726
vt 0.477850 0.481726
vt 0.477850 0.481726
vt 0.483786 0.481726
vt 0.483786 0.484195
vt 0.477850 0.484195
vt 0.471915 0.481726
vt 0.477850 0.481726
vt 0.477850 0.484195
vt 0.471915 0.484195
vt 0.460044 0.479568
vt 0.465979 0.479568
vt 0.465979 0.481726
vt 0.460044 0.481726
vt 0.465979 0.479568
vt 0.471915 0.479568
vt 0.471915 0.481726
vt 0.465979 0.481726
vt 0.465979 0.481726
vt 0.471915 0.481726
vt 0.471915 0.484195
vt 0.465979 0.484195
vt 0.460044 0.481726
vt 0.465979 0.481726
vt 0.465979 0.484195
vt 0.460044 0.484195
vt 0.448173 0.479568
vt 0.454108 0.479568
vt 0.454108 0.481726
vt 0.448173 0.481726
vt 0.454108 0.479568
vt 0.460044 0.479568
vt 0.460044 0.481726
vt 0.454108 0.481726
vt 0.454108 0.481726
vt 0.460044 0.481726
vt 0.460044 0.484195
vt 0.454108 0.484195
vt 0.448173 0.481726
vt 0.454108 0.481726
vt 0.454108 0.484195
vt 0.448173 0.484195
vt 0.436302 0.479568
vt 0.442237 0.479568
vt 0.442237 0.481726
vt 0.436302 0.481726
vt 0.442237 0.479568
vt 0.448173 0.479568
vt 0.448173 0.481726
vt 0.442237 0.481726
vt 0.442237 0.481726
vt 0.448173 0.481726
vt 0.448173 0.484195
vt 0.442237 0.484195
vt 0.436302 0.481726
vt 0.442237 0.481726
vt 0.442237 0.484195
vt 0.436302 0.484195
vt 0.424431 0.479568
vt 0.430366 0.479568
vt 0.430366 0.481726
vt 0.424431 0.481726
vt 0.430366 0.479568
vt 0.436302 0.479568
vt 0.436302 0.481726
vt 0.430366 0.481726
vt 0.430366 0.481726
vt 0.436302 0.481726
vt 0.436302 0.484195
vt 0.430366 0.484195
vt 0.424431 0.481726
vt 0.430366 0.481726
vt 0.430366 0.484195
vt 0.424431 0.484195
vt 0.412560 0.479568
vt 0.418496 0.479568
vt 0.418496 0.481726
vt 0.412560 0.481726
vt 0.418496 0.479568
vt 0.424431 0.479568
vt 0.424431 0.481726
vt 0.418496 0.481726
vt 0.418496 0.481726
vt 0.424431 0.481726
vt 0.424431 0.484195
vt 0.418496 0.484195
vt 0.412560 0.481726
vt 0.418496 0.481726
vt 0.418496 0.484195
vt 0.412560 0.484195
vt 0.400689 0.479568
vt 0.406625 0.479568
vt 0.406625 0.481726
vt 0.400689 0.481726
vt 0.406625 0.479568
vt 0.412560 0.479568
vt 0.412560 0.481726
vt 0.406625 0.481726
vt 0.406625 0.481726
vt 0.412560 0.481726
vt 0.412560 0.484195
vt 0.406625 0.484195
vt 0.400689 0.481726
vt 0.406625 0.481726
vt 0.406625 0.484195
vt 0.400689 0.484195
vt 0.388818 0.459722
vt 0.394754 0.459722
vt 0.394754 0.466078
vt 0.388818 0.466078
vt 0.394754 0.459722
vt 0.400689 0.459722
vt 0.400689 0.466078
vt 0.394754 0.466078
vt 0.394754 0.466078
vt 0.400689 0.466078
vt 0.400689 0.472670
vt 0.394754 0.472670
vt 0.388818 0.466078
vt 0.394754 0.466078
vt 0.394754 0.472670
vt 0.388818 0.472670
vt 0.376947 0.459722
vt 0.382883 0.459722
vt 0.382883 0.466078
vt 0.376947 0.466078
vt 0.382883 0.459722
vt 0.388818 0.459722
vt 0.388818 0.466078
vt 0.382883 0.466078
vt 0.382883 0.466078
vt 0.388818 0.466078
vt 0.388818 0.472670
vt 0.382883 0.472670
vt 0.376947 0.466078
vt 0.382883 0.466078
vt 0.382883 0.472670
vt 0.376947 0.472670
vt 0.365076 0.459722
vt 0.371012 0.459722
vt 0.371012 0.466078
vt 0.365076 0.466078
vt 0.371012 0.459722
vt 0.376947 0.459722
vt 0.376947 0.466078
vt 0.371012 0.466078
vt 0.371012 0.466078
vt 0.376947 0.466078
vt 0.376947 0.472670
vt 0.371012 0.472670
vt 0.365076 0.466078
vt 0.371012 0.466078
vt 0.371012 0.472670
vt 0.365076 0.472670
vt 0.353206 0.459722
vt 0.359141 0.459722
vt 0.359141 0.466078
vt 0.353206 0.466078
vt 0.359141 0.459722
vt 0.365076 0.459722
vt 0.365076 0.466078
vt 0.359141 0.466078
vt 0.359141 0.466078
vt 0.365076 0.466078
vt 0.365076 0.472670
vt 0.359141 0.472670
vt 0.353206 0.466078
vt 0.359141 0.466078
vt 0.359141 0.472670
vt 0.353206 0.472670
vt 0.341335 0.459722
vt 0.347270 0.459722
vt 0.347270 0.466078
vt 0.341335 0.466078
vt 0.347270 0.459722
vt 0.353206 0.459722
vt 0.353206 0.466078
vt 0.347270 0.466078
vt 0.347270 0.466078
vt 0.353206 0.466078
vt 0.353206 0.472670
vt 0.347270 0.472670
vt 0.341335 0.466078
vt 0.347270 0.466078
vt 0.347270 0.472670
vt 0.341335 0.472670
vt 0.329464 0.459722
vt 0.335399 0.459722
vt 0.335399 0.466078
vt 0.329464 0.466078
vt 0.335399 0.459722
vt 0.341335 0.459722
vt 0.341335 0.466078
vt 0.335399 0.466078
vt 0.335399 0.466078
vt 0.341335 0.466078
vt 0.341335 0.472670
vt 0.335399 0.472670
vt 0.329464 0.466078
vt 0.335399 0.466078
vt 0.335399 0.472670
vt 0.329464 0.472670
vt 0.317593 0.459722
vt 0.323528 0.459722
vt 0.323528 0.466078
vt 0.317593 0.466078
vt 0.323528 0.459722
vt 0.329464 0.459722
vt 0.329464 0.466078
vt 0.323528 0.466078
vt 0.323528 0.466078
vt 0.329464 0.466078
vt 0.329464 0.472670
vt 0.323528 0.472670
vt 0.317593 0.466078
vt 0.323528 0.466078
vt 0.323528 0.472670
vt 0.317593 0.472670
vt 0.305722 0.459722
vt 0.311657 0.459722
vt 0.311657 0.466078
vt 0.305722 0.466078
vt 0.311657 0.459722
vt 0.317593 0.459722
vt 0.317593 0.466078
vt 0.311657 0.466078
vt 0.311657 0.466078
vt 0.317593 0.466078
vt 0.317593 0.472670
vt 0.311657 0.472670
vt 0.305722 0.466078
vt 0.311657 0.466078
vt 0.311657 0.472670
vt 0.305722 0.472670
vt 0.293851 0.459722
vt 0.299786 0.459722
vt 0.299786 0.466078
vt 0.293851 0.466078
vt 0.299786 0.459722
vt 0.305722 0.459722
vt 0.305722 0.466078
vt 0.299786 0.466078
vt 0.299786 0.466078
vt 0.305722 0.466078
vt 0.305722 0.472670
vt 0.299786 0.472670
vt 0.293851 0.466078
vt 0.299786 0.466078
vt 0.299786 0.472670
vt 0.293851 0.472670
vt 0.281980 0.459722
vt 0.287915 0.459722
vt 0.287915 0.466078
vt 0.281980 0.466078
vt 0.287915 0.459722
vt 0.293851 0.459722
vt 0.293851 0.466078
vt 0.287915 0.466078
vt 0.287915 0.466078
vt 0.293851 0.466078
vt 0.293851 0.472670
vt 0.287915 0.472670
vt 0.281980 0.466078
vt 0.287915 0.466078
vt 0.287915 0.472670
vt 0.281980 0.472670
vt 0.270109 0.459722
vt 0.276045 0.459722
vt 0.276045 0.466078
vt 0.270109 0.466078
vt 0.276045 0.459722
vt 0.281980 0.459722
vt 0.281980 0.466078
vt 0.276045 0.466078
vt 0.276045 0.466078
vt 0.281980 0.466078
vt 0.281980 0.472670
vt 0.276045 0.472670
vt 0.270109 0.466078
vt 0.276045 0.466078
vt 0.276045 0.472670
vt 0.270109 0.472670
vt 0.258238 0.459722
vt 0.264174 0.459722
vt 0.264174 0.466078
vt 0.258238 0.466078
vt 0.264174 0.459722
vt 0.270109 0.459722
vt 0.270109 0.466078
vt 0.264174 0.466078
vt 0.264174 0.466078
vt 0.270109 0.466078
vt 0.270109 0.472670
vt 0.264174 0.472670
vt 0.258238 0.466078
vt 0.264174 0.466078
vt 0.264174 0.472670
vt 0.258238 0.472670
vt 0.246367 0.459722
vt 0.252303 0.459722
vt 0.252303 0.466078
vt 0.246367 0.466078
vt 0.252303 0.459722
vt 0.258238 0.459722
vt 0.258238 0.466078
vt 0.252303 0.466078
vt 0.252303 0.466078
vt 0.258238 0.466078
vt 0.258238 0.472670
vt 0.252303 0.472670
vt 0.246367 0.466078
vt 0.252303 0.466078
vt 0.252303 0.472670
vt 0.246367 0.472670
vt 0.234496 0.459722
vt 0.240432 0.459722
vt 0.240432 0.466078
vt 0.234496 0.466078
vt 0.240432 0.459722
vt 0.246367 0.459722
vt 0.246367 0.466078
vt 0.240432 0.466078
vt 0.240432 0.466078
vt 0.246367 0.466078
vt 0.246367 0.472670
vt 0.240432 0.472670
vt 0.234496 0.466078
vt 0.240432 0.466078
vt 0.240432 0.472670
vt 0.234496 0.472670
vt 0.222625 0.459722
vt 0.228561 0.459722
vt 0.228561 0.466078
vt 0.222625 0.466078
vt 0.228561 0.459722
vt 0.234496 0.459722
vt 0.234496 0.466078
vt 0.228561 0.466078
vt 0.228561 0.466078
vt 0.234496 0.466078
vt 0.234496 0.472670
vt 0.228561 0.472670
vt 0.222625 0.466078
vt 0.228561 0.466078
vt 0.228561 0.472670
vt 0.222625 0.472670
vt 0.210755 0.459722
vt 0.216690 0.459722
vt 0.216690 0.466078
vt 0.210755 0.466078
vt 0.216690 0.459722
vt 0.222625 0.459722
vt 0.222625 0.466078
vt 0.216690 0.466078
vt 0.216690 0.466078
vt 0.222625 0.466078
vt 0.222625 0.472670
vt 0.216690 0.472670
vt 0.210755 0.466078
vt 0.216690 0.466078
vt 0.216690 0.472670
vt 0.210755 0.472670
vt 0.198884 0.459722
vt 0.204819 0.459722
vt 0.204819 0.466078
vt 0.198884 0.466078
vt 0.204819 0.459722
vt 0.210755 0.459722
vt 0.210755 0.466078
vt 0.204819 0.466078
vt 0.204819 0.466078
vt 0.210755 0.466078
vt 0.210755 0.472670
vt 0.204819 0.472670
vt 0.198884 0.466078
vt 0.204819 0.466078
vt 0.204819 0.472670
vt 0.198884 0.472670
vt 0.187013 0.459722
vt 0.192948 0.459722
vt 0.192948 0.466078
vt 0.187013 0.466078
vt 0.192948 0.459722
vt 0.198884 0.459722
vt 0.198884 0.466078
vt 0.192948 0.466078
vt 0.192948 0.466078
vt 0.198884 0.466078
vt 0.198884 0.472670
vt 0.192948 0.472670
vt 0.187013 0.466078
vt 0.192948 0.466078
vt 0.192948 0.472670
vt 0.187013 0.472670
vt 0.175142 0.459722
vt 0.181077 0.459722
vt 0.181077 0.466078
vt 0.175142 0.466078
vt 0.181077 0.459722
vt 0.187013 0.459722
vt 0.187013 0.466078
vt 0.181077 0.466078
vt 0.181077 0.466078
vt 0.187013 0.466078
vt 0.187013 0.472670
vt 0.181077 0.472670
vt 0.175142 0.466078
vt 0.181077 0.466078
vt 0.181077 0.472670
vt 0.175142 0.472670
vt 0.163271 0.459722
vt 0.169206 0.459722
vt 0.169206 0.466078
vt 0.163271 0.466078
vt 0.169206 0.459722
vt 0.175142 0.459722
vt 0.175142 0.466078
vt 0.169206 0.466078
vt 0.169206 0.466078
vt 0.175142 0.466078
vt 0.175142 0.472670
vt 0.169206 0.472670
vt 0.163271 0.466078
vt 0.169206 0.466078
vt 0.169206 0.472670
vt 0.163271 0.472670
vt 0.151400 0.459722
vt 0.157336 0.459722
vt 0.157336 0.466078
vt 0.151400 0.466078
vt 0.157336 0.459722
vt 0.163271 0.459722
vt 0.163271 0.466078
vt 0.157336 0.466078
vt 0.157336 0.466078
vt 0.163271 0.466078
vt 0.163271 0.472670
vt 0.157336 0.472670
vt 0.151400 0.466078
vt 0.157336 0.466078
vt 0.157336 0.472670
vt 0.151400 0.472670
vt 0.139529 0.457951
vt 0.145465 0.459722
vt 0.145465 0.466078
vt 0.139529 0.466078
vt 0.145465 0.459722
vt 0.151400 0.459722
vt 0.151400 0.466078
vt 0.145465 0.466078
vt 0.145465 0.466078
vt 0.151400 0.466078
vt 0.151400 0.472670
vt 0.145465 0.472670
vt 0.139529 0.466078
vt 0.145465 0.466078
vt 0.145465 0.472670
vt 0.139529 0.474204
vt 0.483786 0.459722
vt 0.489721 0.459722
vt 0.489721 0.466078
vt 0.483786 0.466078
vt 0.489721 0.459722
vt 0.495656 0.457951
vt 0.495656 0.466078
vt 0.489721 0.466078
vt 0.489721 0.466078
vt 0.495656 0.466078
vt 0.495656 0.474204
vt 0.489721 0.472670
vt 0.483786 0.466078
vt 0.489721 0.466078
vt 0.489721 0.472670
vt 0.483786 0.472670
vt 0.471915 0.459722
vt 0.477850 0.459722
vt 0.477850 0.466078
vt 0.471915 0.466078
vt 0.477850 0.459722
vt 0.483786 0.459722
vt 0.483786 0.466078
vt 0.477850 0.466078
vt 0.477850 0.466078
vt 0.483786 0.466078
vt 0.483786 0.472670
vt 0.477850 0.472670
vt 0.471915 0.466078
vt 0.477850 0.466078
vt 0.477850 0.472670
vt 0.471915 0.472670
vt 0.460044 0.459722
vt 0.465979 0.459722
vt 0.465979 0.466078
vt 0.460044 0.466078
vt 0.465979 0.459722
vt 0.471915 0.459722
vt 0.471915 0.466078
vt 0.465979 0.466078
vt 0.465979 0.466078
vt 0.471915 0.466078
vt 0.471915 0.472670
vt 0.465979 0.472670
vt 0.460044 0.466078
vt 0.465979 0.466078
vt 0.465979 0.472670
vt 0.460044 0.472670
vt 0.448173 0.459722
vt 0.454108 0.459722
vt 0.454108 0.466078
vt 0.448173 0.466078
vt 0.454108 0.459722
vt 0.460044 0.459722
vt 0.460044 0.466078
vt 0.454108 0.466078
vt 0.454108 0.466078
vt 0.460044 0.466078
vt 0.460044 0.472670
vt 0.454108 0.472670
vt 0.448173 0.466078
vt 0.454108 0.466078
vt 0.454108 0.472670
vt 0.448173 0.472670
vt 0.436302 0.459722
vt 0.442237 0.459722
vt 0.442237 0.466078
vt 0.436302 0.466078
vt 0.442237 0.459722
vt 0.448173 0.459722
vt 0.448173 0.466078
vt 0.442237 0.466078
vt 0.442237 0.466078
vt 0.448173 0.466078
vt 0.448173 0.472670
vt 0.442237 0.472670
vt 0.436302 0.466078
vt 0.442237 0.466078
vt 0.442237 0.472670
vt 0.436302 0.472670
vt 0.424431 0.459722
vt 0.430366 0.459722
vt 0.430366 0.466078
vt 0.424431 0.466078
vt 0.430366 0.459722
vt 0.436302 0.459722
vt 0.436302 0.466078
vt 0.430366 0.466078
vt 0.430366 0.466078
vt 0.436302 0.466078
vt 0.436302 0.472670
vt 0.430366 0.472670
vt 0.424431 0.466078
vt 0.430366 0.466078
vt 0.430366 0.472670
vt 0.424431 0.472670
vt 0.412560 0.459722
vt 0.418496 0.459722
vt 0.418496 0.466078
vt 0.412560 0.466078
vt 0.418496 0.459722
vt 0.424431 0.459722
vt 0.424431 0.466078
vt 0.418496 0.466078
vt 0.418496 0.466078
vt 0.424431 0.466078
vt 0.424431 0.472670
vt 0.418496 0.472670
vt 0.412560 0.466078
vt 0.418496 0.466078
vt 0.418496 0.472670
vt 0.412560 0.472670
vt 0.400689 0.459722
vt 0.406625 0.459722
vt 0.406625 0.466078
vt 0.400689 0.466078
vt 0.406625 0.459722
vt 0.412560 0.459722
vt 0.412560 0.466078
vt 0.406625 0.466078
vt 0.406625 0.466078
vt 0.412560 0.466078
vt 0.412560 0.472670
vt 0.406625 0.472670
vt 0.400689 0.466078
vt 0.406625 0.466078
vt 0.406625 0.472670
vt 0.400689 0.472670
vt 0.424431 0.973127
vt 0.430366 0.973127
vt 0.430366 0.990374
vt 0.424431 0.990374
vt 0.430366 0.973127
vt 0.436302 0.973127
vt 0.436302 0.990374
vt 0.430366 0.990374
vt 0.430366 0.990374
vt 0.436302 0.990374
vt 0.436302 0.991397
vt 0.430366 0.991397
vt 0.424431 0.990374
vt 0.430366 0.990374
vt 0.430366 0.991397
vt 0.424431 0.991397
vt 0.412560 0.973127
vt 0.418496 0.973127
vt 0.418496 0.990374
vt 0.412560 0.990374
vt 0.418496 0.973127
vt 0.424431 0.973127
vt 0.424431 0.990374
vt 0.418496 0.990374
vt 0.418496 0.990374
vt 0.424431 0.990374
vt 0.424431 0.991397
vt 0.418496 0.991397
vt 0.412560 0.990374
vt 0.418496 0.990374
vt 0.418496 0.991397
vt 0.412560 0.991397
vt 0.400689 0.973127
vt 0.406625 0.973127
vt 0.406625 0.990374
vt 0.400689 0.990374
vt 0.406625 0.973127
vt 0.412560 0.973127
vt 0.412560 0.990374
vt 0.406625 0.990374
vt 0.406625 0.990374
vt 0.412560 0.990374
vt 0.412560 0.991397
vt 0.406625 0.991397
vt 0.400689 0.990374
vt 0.406625 0.990374
vt 0.406625 0.991397
vt 0.400689 0.991397
vt 0.388818 0.973127
vt 0.394754 0.973127
vt 0.394754 0.990374
vt 0.388818 0.990374
vt 0.394754 0.973127
vt 0.400689 0.973127
vt 0.400689 0.990374
vt 0.394754 0.990374
vt 0.394754 0.990374
vt 0.400689 0.990374
vt 0.400689 0.991397
vt 0.394754 0.991397
vt 0.388818 0.990374
vt 0.394754 0.990374
vt 0.394754 0.991397
vt 0.388818 0.991397
vt 0.376947 0.973127
vt 0.382883 0.973127
vt 0.382883 0.990374
vt 0.376947 0.990374
vt 0.382883 0.973127
vt 0.388818 0.973127
vt 0.388818 0.990374
vt 0.382883 0.990374
vt 0.382883 0.990374
vt 0.388818 0.990374
vt 0.388818 0.991397
vt 0.382883 0.991397
vt 0.376947 0.990374
vt 0.382883 0.990374
vt 0.382883 0.991397
vt 0.376947 0.991397
vt 0.365076 0.973127
vt 0.371012 0.973127
vt 0.371012 0.990374
vt 0.365076 0.990374
vt 0.371012 0.973127
vt 0.376947 0.973127
vt 0.376947 0.990374
vt 0.371012 0.990374
vt 0.371012 0.990374
vt 0.376947 0.990374
vt 0.376947 0.991397
vt 0.371012 0.991397
vt 0.365076 0.990374
vt 0.371012 0.990374
vt 0.371012 0.991397
vt 0.365076 0.991397
vt 0.353206 0.973127
vt 0.359141 0.973127
vt 0.359141 0.990374
vt 0.353206 0.990374
vt 0.359141 0.973127
vt 0.365076 0.973127
vt 0.365076 0.990374
vt 0.359141 0.990374
vt 0.359141 0.990374
vt 0.365076 0.990374
vt 0.365076 0.991397
vt 0.359141 0.991397
vt 0.353206 0.990374
vt 0.359141 0.990374
vt 0.359141 0.991397
vt 0.353206 0.991397
vt 0.341335 0.973127
vt 0.347270 0.973127
vt 0.347270 0.990374
vt 0.341335 0.990374
vt 0.347270 0.973127
vt 0.353206 0.973127
vt 0.353206 0.990374
vt 0.347270 0.990374
vt 0.347270 0.990374
vt 0.353206 0.990374
vt 0.353206 0.991397
vt 0.347270 0.991397
vt 0.341335 0.990374
vt 0.347270 0.990374
vt 0.347270 0.991397
vt 0.341335 0.991397
vt 0.329464 0.973127
vt 0.335399 0.973127
vt 0.335399 0.990374
vt 0.329464 0.990374
vt 0.335399 0.973127
vt 0.341335 0.973127
vt 0.341335 0.990374
vt 0.335399 0.990374
vt 0.335399 0.990374
vt 0.341335 0.990374
vt 0.341335 0.991397
vt 0.335399 0.991397
vt 0.329464 0.990374
vt 0.335399 0.990374
vt 0.335399 0.991397
vt 0.329464 0.991397
vt 0.317593 0.973127
vt 0.323528 0.973127
vt 0.323528 0.990374
vt 0.317593 0.990374
vt 0.323528 0.973127
vt 0.329464 0.973127
vt 0.329464 0.990374
vt 0.323528 0.990374
vt 0.323528 0.990374
vt 0.329464 0.990374
vt 0.329464 0.991397
vt 0.323528 0.991397
vt 0.317593 0.990374
vt 0.323528 0.990374
vt 0.323528 0.991397
vt 0.317593 0.991397
vt 0.305722 0.973127
vt 0.311657 0.973127
vt 0.311657 0.990374
vt 0.305722 0.990374
vt 0.311657 0.973127
vt 0.317593 0.973127
vt 0.317593 0.990374
vt 0.311657 0.990374
vt 0.311657 0.990374
vt 0.317593 0.990374
vt 0.317593 0.991397
vt 0.311657 0.991397
vt 0.305722 0.990374
vt 0.311657 0.990374
vt 0.311657 0.991397
vt 0.305722 0.991397
vt 0.293851 0.973127
vt 0.299786 0.973127
vt 0.299786 0.990374
vt 0.293851 0.990374
vt 0.299786 0.973127
vt 0.305722 0.973127
vt 0.305722 0.990374
vt 0.299786 0.990374
vt 0.299786 0.990374
vt 0.305722 0.990374
vt 0.305722 0.991397
vt 0.299786 0.991397
vt 0.293851 0.990374
vt 0.299786 0.990374
vt 0.299786 0.991397
vt 0.293851 0.991397
vt 0.281980 0.973127
vt 0.287915 0.973127
vt 0.287915 0.990374
vt 0.281980 0.990374
vt 0.287915 0.973127
vt 0.293851 0.973127
vt 0.293851 0.990374
vt 0.287915 0.990374
vt 0.287915 0.990374
vt 0.293851 0.990374
vt 0.293851 0.991397
vt 0.287915 0.991397
vt 0.281980 0.990374
vt 0.287915 0.990374
vt 0.287915 0.991397
vt 0.281980 0.991397
vt 0.270109 0.973127
vt 0.276045 0.973127
vt 0.276045 0.990374
vt 0.270109 0.990374
vt 0.276045 0.973127
vt 0.281980 0.973127
vt 0.281980 0.990374
vt 0.276045 0.990374
vt 0.276045 0.990374
vt 0.281980 0.990374
vt 0.281980 0.991397
vt 0.276045 0.991397
vt 0.270109 0.990374
vt 0.276045 0.990374
vt 0.276045 0.991397
vt 0.270109 0.991397
vt 0.258238 0.973127
vt 0.264174 0.973127
vt 0.264174 0.990374
vt 0.258238 0.990374
vt 0.264174 0.973127
vt 0.270109 0.973127
vt 0.270109 0.990374
vt 0.264174 0.990374
vt 0.264174 0.990374
vt 0.270109 0.990374
vt 0.270109 0.991397
vt 0.264174 0.991397
vt 0.258238 0.990374
vt 0.264174 0.990374
vt 0.264174 0.991397
vt 0.258238 0.991397
vt 0.246367 0.973127
vt 0.252303 0.973127
vt 0.252303 0.990374
vt 0.246367 0.990374
vt 0.252303 0.973127
vt 0.258238 0.973127
vt 0.258238 0.990374
vt 0.252303 0.990374
vt 0.252303 0.990374
vt 0.258238 0.990374
vt 0.258238 0.991397
vt 0.252303 0.991397
vt 0.246367 0.990374
vt 0.252303 0.990374
vt 0.252303 0.991397
vt 0.246367 0.991397
vt 0.234496 0.973127
vt 0.240432 0.973127
vt 0.240432 0.990374
vt 0.234496 0.990374
vt 0.240432 0.973127
vt 0.246367 0.973127
vt 0.246367 0.990374
vt 0.240432 0.990374
vt 0.240432 0.990374
vt 0.246367 0.990374
vt 0.246367 0.991397
vt 0.240432 0.991397
vt 0.234496 0.990374
vt 0.240432 0.990374
vt 0.240432 0.991397
vt 0.234496 0.991397
vt 0.222625 0.973127
vt 0.228561 0.973127
vt 0.228561 0.990374
vt 0.222625 0.990374
vt 0.228561 0.973127
vt 0.234496 0.973127
vt 0.234496 0.990374
vt 0.228561 0.990374
vt 0.228561 0.990374
vt 0.234496 0.990374
vt 0.234496 0.991397
vt 0.228561 0.991397
vt 0.222625 0.990374
vt 0.228561 0.990374
vt 0.228561 0.991397
vt 0.222625 0.991397
vt 0.210755 0.973127
vt 0.216690 0.973127
vt 0.216690 0.990374
vt 0.210755 0.990374
vt 0.216690 0.973127
vt 0.222625 0.973127
vt 0.222625 0.990374
vt 0.216690 0.990374
vt 0.216690 0.990374
vt 0.222625 0.990374
vt 0.222625 0.991397
vt 0.216690 0.991397
vt 0.210755 0.990374
vt 0.216690 0.990374
vt 0.216690 0.991397
vt 0.210755 0.991397
vt 0.198884 0.973127
vt 0.204819 0.973127
vt 0.204819 0.990374
vt 0.198884 0.990374
vt 0.204819 0.973127
vt 0.210755 0.973127
vt 0.210755 0.990374
vt 0.204819 0.990374
vt 0.204819 0.990374
vt 0.210755 0.990374
vt 0.210755 0.991397
vt 0.204819 0.991397
vt 0.198884 0.990374
vt 0.204819 0.990374
vt 0.204819 0.991397
vt 0.198884 0.991397
vt 0.187013 0.973127
vt 0.192948 0.973127
vt 0.192948 0.990374
vt 0.187013 0.990374
vt 0.192948 0.973127
vt 0.198884 0.973127
vt 0.198884 0.990374
vt 0.192948 0.990374
vt 0.192948 0.990374
vt 0.198884 0.990374
vt 0.198884 0.991397
vt 0.192948 0.991397
vt 0.187013 0.990374
vt 0.192948 0.990374
vt 0.192948 0.991397
vt 0.187013 0.991397
vt 0.175142 0.973127
vt 0.181077 0.973127
vt 0.181077 0.990374
vt 0.175142 0.990374
vt 0.181077 0.973127
vt 0.187013 0.973127
vt 0.187013 0.990374
vt 0.181077 0.990374
vt 0.181077 0.990374
vt 0.187013 0.990374
vt 0.187013 0.991397
vt 0.181077 0.991397
vt 0.175142 0.990374
vt 0.181077 0.990374
vt 0.181077 0.991397
vt 0.175142 0.991397
vt 0.163271 0.973127
vt 0.169206 0.973127
vt 0.169206 0.990374
vt 0.163271 0.990374
vt 0.169206 0.973127
vt 0.175142 0.973127
vt 0.175142 0.990374
vt 0.169206 0.990374
vt 0.169206 0.990374
vt 0.175142 0.990374
vt 0.175142 0.991397
vt 0.169206 0.991397
vt 0.163271 0.990374
vt 0.169206 0.990374
vt 0.169206 0.991397
vt 0.163271 0.991397
vt 0.151400 0.973127
vt 0.157336 0.973127
vt 0.157336 0.990374
vt 0.151400 0.990374
vt 0.157336 0.973127
vt 0.163271 0.973127
vt 0.163271 0.990374
vt 0.157336 0.990374
vt 0.157336 0.990374
vt 0.163271 0.990374
vt 0.163271 0.991397
vt 0.157336 0.991397
vt 0.151400 0.990374
vt 0.157336 0.990374
vt 0.157336 0.991397
vt 0.151400 0.991397
vt 0.139529 0.989351
vt 0.145465 0.973127
vt 0.145465 0.990374
vt 0.139529 0.990374
vt 0.145465 0.973127
vt 0.151400 0.973127
vt 0.151400 0.990374
vt 0.145465 0.990374
vt 0.145465 0.990374
vt 0.151400 0.990374
vt 0.151400 0.991397
vt 0.145465 0.991397
vt 0.139529 0.990374
vt 0.145465 0.990374
vt 0.145465 0.991397
vt 0.139529 0.991397
vt 0.483786 0.973127
vt 0.489721 0.973127
vt 0.489721 0.990374
vt 0.483786 0.990374
vt 0.489721 0.973127
vt 0.495656 0.989351
vt 0.495656 0.990374
vt 0.489721 0.990374
vt 0.489721 0.990374
vt 0.495656 0.990374
vt 0.495656 0.991397
vt 0.489721 0.991397
vt 0.483786 0.990374
vt 0.489721 0.990374
vt 0.489721 0.991397
vt 0.483786 0.991397
vt 0.471915 0.973127
vt 0.477850 0.973127
vt 0.477850 0.990374
vt 0.471915 0.990374
vt 0.477850 0.973127
vt 0.483786 0.973127
vt 0.483786 0.990374
vt 0.477850 0.990374
vt 0.477850 0.990374
vt 0.483786 0.990374
vt 0.483786 0.991397
vt 0.477850 0.991397
vt 0.471915 0.990374
vt 0.477850 0.990374
vt 0.477850 0.991397
vt 0.471915 0.991397
vt 0.460044 0.973127
vt 0.465979 0.973127
vt 0.465979 0.990374
vt 0.460044 0.990374
vt 0.465979 0.973127
vt 0.471915 0.973127
vt 0.471915 0.990374
vt 0.465979 0.990374
vt 0.465979 0.990374
vt 0.471915 0.990374
vt 0.471915 0.991397
vt 0.465979 0.991397
vt 0.460044 0.990374
vt 0.465979 0.990374
vt 0.465979 0.991397
vt 0.460044 0.991397
vt 0.448173 0.973127
vt 0.454108 0.973127
vt 0.454108 0.990374
vt 0.448173 0.990374
vt 0.454108 0.973127
vt 0.460044 0.973127
vt 0.460044 0.990374
vt 0.454108 0.990374
vt 0.454108 0.990374
vt 0.460044 0.990374
vt 0.460044 0.991397
vt 0.454108 0.991397
vt 0.448173 0.990374
vt 0.454108 0.990374
vt 0.454108 0.991397
vt 0.448173 0.991397
vt 0.436302 0.973127
vt 0.442237 0.973127
vt 0.442237 0.990374
vt 0.436302 0.990374
vt 0.442237 0.973127
vt 0.448173 0.973127
vt 0.448173 0.990374
vt 0.442237 0.990374
vt 0.442237 0.990374
vt 0.448173 0.990374
vt 0.448173 0.991397
vt 0.442237 0.991397
vt 0.436302 0.990374
vt 0.442237 0.990374
vt 0.442237 0.991397
vt 0.436302 0.991397
vt 0.758660 0.736634
vt 0.758660 0.747296
vt 0.748554 0.747296
vt 0.748554 0.736634
vt 0.758660 0.757841
vt 0.748554 0.757841
vt 0.574324 0.020119
vt 0.615915 0.028031
vt 0.532274 0.017462
vt 0.758660 0.715427
vt 0.758660 0.725973
vt 0.748554 0.725973
vt 0.748554 0.715427
vt 0.490224 0.020119
vt 0.448634 0.028032
vt 0.758660 0.695148
vt 0.758660 0.705115
vt 0.748554 0.705115
vt 0.748554 0.695148
vt 0.407962 0.041142
vt 0.368649 0.059278
vt 0.758660 0.676681
vt 0.758660 0.685636
vt 0.748554 0.685636
vt 0.748554 0.676681
vt 0.331133 0.082269
vt 0.295815 0.109836
vt 0.758660 0.660834
vt 0.758660 0.668385
vt 0.748554 0.668385
vt 0.748554 0.660834
vt 0.263095 0.141702
vt 0.233316 0.177495
vt 0.758660 0.648301
vt 0.758660 0.654117
vt 0.748554 0.654117
vt 0.748554 0.648301
vt 0.206822 0.216844
vt 0.183883 0.259299
vt 0.778286 0.846383
vt 0.778286 0.836417
vt 0.788392 0.836417
vt 0.788392 0.846383
vt 0.778286 0.826903
vt 0.788392 0.826903
vt 0.164772 0.304411
vt 0.149676 0.351673
vt 0.778286 0.867241
vt 0.778286 0.856696
vt 0.788392 0.856696
vt 0.788392 0.867241
vt 0.138783 0.400576
vt 0.132190 0.450578
vt 0.778286 0.888564
vt 0.778286 0.877903
vt 0.788392 0.877903
vt 0.788392 0.888564
vt 0.129993 0.501136
vt 0.132190 0.551694
vt 0.778286 0.909422
vt 0.778286 0.899109
vt 0.788392 0.899109
vt 0.788392 0.909422
vt 0.138784 0.601696
vt 0.149676 0.650600
vt 0.778286 0.928902
vt 0.778286 0.919389
vt 0.788392 0.919389
vt 0.788392 0.928902
vt 0.164772 0.697861
vt 0.183883 0.742973
vt 0.673221 0.812434
vt 0.673221 0.819152
vt 0.663115 0.819152
vt 0.663115 0.812434
vt 0.673221 0.824968
vt 0.663115 0.824968
vt 0.206822 0.785429
vt 0.233316 0.824777
vt 0.673221 0.796587
vt 0.673221 0.804884
vt 0.663115 0.804884
vt 0.663115 0.796588
vt 0.263095 0.860571
vt 0.295815 0.892437
vt 0.673221 0.778121
vt 0.673221 0.787633
vt 0.663115 0.787633
vt 0.663115 0.778121
vt 0.331133 0.920004
vt 0.368649 0.942995
vt 0.673221 0.757841
vt 0.673221 0.768153
vt 0.663115 0.768153
vt 0.663115 0.757841
vt 0.407962 0.961131
vt 0.448634 0.974241
vt 0.673221 0.736634
vt 0.673221 0.747296
vt 0.663115 0.747296
vt 0.663115 0.736634
vt 0.490224 0.982154
vt 0.532274 0.984811
vt 0.673221 0.715428
vt 0.673221 0.725973
vt 0.663115 0.725973
vt 0.663115 0.715428
vt 0.574324 0.982154
vt 0.615915 0.974241
vt 0.673221 0.695148
vt 0.673221 0.705115
vt 0.663115 0.705115
vt 0.663115 0.695148
vt 0.656586 0.961131
vt 0.695899 0.942995
vt 0.673221 0.676681
vt 0.673221 0.685636
vt 0.663115 0.685636
vt 0.663115 0.676681
vt 0.733415 0.920004
vt 0.768733 0.892437
vt 0.673221 0.660834
vt 0.673221 0.668385
vt 0.663115 0.668385
vt 0.663115 0.660834
vt 0.801453 0.860571
vt 0.831232 0.824777
vt 0.673221 0.648301
vt 0.673221 0.654117
vt 0.663115 0.654117
vt 0.663115 0.648301
vt 0.857727 0.785429
vt 0.880666 0.742973
vt 0.629564 0.909422
vt 0.629564 0.919389
vt 0.619458 0.919389
vt 0.619458 0.909422
vt 0.629564 0.928902
vt 0.619458 0.928902
vt 0.899777 0.697861
vt 0.914873 0.650600
vt 0.629564 0.888565
vt 0.629564 0.899109
vt 0.619458 0.899109
vt 0.619458 0.888565
vt 0.925765 0.601696
vt 0.932358 0.551694
vt 0.629564 0.867241
vt 0.629564 0.877903
vt 0.619458 0.877903
vt 0.619458 0.867241
vt 0.934556 0.501136
vt 0.932358 0.450578
vt 0.629564 0.846383
vt 0.629564 0.856696
vt 0.619458 0.856696
vt 0.619458 0.846383
vt 0.925765 0.400576
vt 0.914873 0.351672
vt 0.629564 0.826903
vt 0.629564 0.836417
vt 0.619458 0.836417
vt 0.619458 0.826903
vt 0.899777 0.304411
vt 0.880666 0.259299
vt 0.758660 0.812434
vt 0.758660 0.819152
vt 0.748554 0.819152
vt 0.748554 0.812434
vt 0.758660 0.824968
vt 0.748554 0.824968
vt 0.857727 0.216844
vt 0.831232 0.177495
vt 0.758660 0.796588
vt 0.758660 0.804884
vt 0.748554 0.804884
vt 0.748554 0.796588
vt 0.801453 0.141702
vt 0.768733 0.109835
vt 0.758660 0.778121
vt 0.758660 0.787633
vt 0.748554 0.787633
vt 0.748554 0.778121
vt 0.733415 0.082268
vt 0.695899 0.059278
vt 0.758660 0.768153
vt 0.748554 0.768153
vt 0.656586 0.041141
vt 0.787094 0.768153
vt 0.787094 0.757841
vt 0.787094 0.778121
vt 0.787094 0.747296
vt 0.787094 0.736634
vt 0.787094 0.725973
vt 0.787094 0.715427
vt 0.787094 0.705115
vt 0.787094 0.695148
vt 0.787094 0.685636
vt 0.787094 0.676681
vt 0.787094 0.668385
vt 0.787094 0.660834
vt 0.787094 0.654117
vt 0.787094 0.648301
vt 0.749852 0.836417
vt 0.749852 0.846383
vt 0.749852 0.826903
vt 0.749852 0.856696
vt 0.749852 0.867241
vt 0.749852 0.877903
vt 0.749852 0.888564
vt 0.749852 0.899109
vt 0.749852 0.909422
vt 0.749852 0.919389
vt 0.749852 0.928902
vt 0.701655 0.819152
vt 0.701655 0.812434
vt 0.701655 0.824968
vt 0.701655 0.804884
vt 0.701655 0.796587
vt 0.701655 0.787633
vt 0.701655 0.778121
vt 0.701655 0.768153
vt 0.701655 0.757841
vt 0.701655 0.747296
vt 0.701655 0.736634
vt 0.701655 0.725973
vt 0.701655 0.715428
vt 0.701655 0.705115
vt 0.701655 0.695148
vt 0.701655 0.685636
vt 0.701655 0.676681
vt 0.701655 0.668385
vt 0.701655 0.660834
vt 0.701655 0.654117
vt 0.701655 0.648301
vt 0.657998 0.919389
vt 0.657998 0.909422
vt 0.657998 0.928902
vt 0.657998 0.899109
vt 0.657998 0.888565
vt 0.657998 0.877903
vt 0.657998 0.867241
vt 0.657998 0.856696
vt 0.657998 0.846383
vt 0.657998 0.836417
vt 0.657998 0.826903
vt 0.787094 0.819152
vt 0.787094 0.812434
vt 0.787094 0.824968
vt 0.787094 0.804884
vt 0.787094 0.796588
vt 0.787094 0.787633
vn 0.121656 0.000000 0.992572
vn 0.422424 0.000000 0.906398
vn 0.422424 0.000000 0.906398
vn 0.121656 0.000000 0.992572
vn 0.681841 0.000000 0.731500
vn 0.681841 0.000000 0.731500
vn 0.874516 0.000000 0.484997
vn 0.874516 0.000000 0.484997
vn 0.981586 0.000000 0.191019
vn 0.981586 0.000000 0.191019
vn 0.992572 0.000000 -0.121657
vn 0.992572 0.000000 -0.121657
vn 0.906398 0.000000 -0.422425
vn 0.906398 0.000000 -0.422425
vn 0.731500 0.000000 -0.681842
vn 0.731500 0.000000 -0.681842
vn 0.484997 0.000000 -0.874516
vn 0.484997 0.000000 -0.874516
vn 0.191019 0.000000 -0.981586
vn 0.191019 0.000000 -0.981586
vn -0.121658 0.000000 -0.992572
vn -0.121658 0.000000 -0.992572
vn -0.422425 0.000000 -0.906398
vn -0.422425 0.000000 -0.906398
vn -0.681841 0.000000 -0.731500
vn -0.681841 0.000000 -0.731500
vn -0.874516 0.000000 -0.484997
vn -0.874516 0.000000 -0.484997
vn -0.981586 0.000000 -0.191019
vn -0.981586 0.000000 -0.191019
vn -0.992572 0.000000 0.121657
vn -0.992572 0.000000 0.121657
vn -0.906398 0.000000 0.422425
vn -0.906398 0.000000 0.422425
vn -0.731500 0.000000 0.681841
vn -0.731500 0.000000 0.681841
vn -0.484998 0.000000 0.874516
vn -0.484998 0.000000 0.874516
vn -0.191021 0.000000 0.981586
vn -0.191021 0.000000 0.981586
vn 0.000093 -1.000000 0.000018
vn -0.000187 -1.000000 -0.000036
vn 0.000003 -1.000000 0.000001
vn 0.000093 -1.000000 0.000018
vn -0.000000 -1.000000 0.000000
vn -0.000000 -1.000000 0.000000
vn -0.000000 -1.000000 0.000000
vn -0.000000 -1.000000 0.000000
vn -0.000000 -1.000000 0.000000
vn 0.000187 -1.000000 0.000036
vn -0.000000 -1.000000 0.000000
vn -0.000187 -1.000000 -0.000036
vn 0.000093 -1.000000 0.000018
vn 0.000047 -1.000000 0.000009
vn -0.000060 -1.000000 -0.000012
vn -0.000013 -1.000000 -0.000003
vn 0.000093 -1.000000 0.000018
vn 0.000093 -1.000000 0.000018
vn -0.000000 -1.000000 0.000000
vn -0.000000 -1.000000 0.000000
vn -0.000187 -1.000000 -0.000036
vn 0.000000 1.000000 0.000000
vn 0.000000 1.000000 0.000000
vn 0.000027 1.000000 0.000005
vn -0.000093 1.000000 -0.000018
vn -0.000093 1.000000 -0.000018
vn 0.000000 1.000000 0.000000
vn 0.000000 1.000000 0.000000
vn 0.000093 1.000000 0.000018
vn 0.000093 1.000000 0.000018
vn 0.000000 1.000000 0.000000
vn 0.000187 1.000000 0.000036
vn 0.000187 1.000000 0.000036
vn 0.000000 1.000000 0.000000
vn 0.000000 1.000000 0.000000
vn 0.000000 1.000000 0.000000
vn -0.000014 1.000000 -0.000003
vn -0.000014 1.000000 -0.000003
vn -0.000093 1.000000 -0.000018
vn -0.000093 1.000000 -0.000018
vn 0.000187 1.000000 0.000036
vn 0.000187 1.000000 0.000036
vn 0.077342 0.771926 0.630990
vn 0.268539 0.771926 0.576209
vn 0.167246 0.918283 0.358866
vn 0.048167 0.918283 0.392985
vn 0.433447 0.771930 0.465024
vn 0.269954 0.918284 0.289619
vn 0.555947 0.771921 0.308319
vn 0.346241 0.918283 0.192022
vn 0.624023 0.771912 0.121436
vn 0.388634 0.918283 0.075629
vn 0.630998 0.771920 -0.077336
vn 0.392984 0.918283 -0.048167
vn 0.576208 0.771927 -0.268541
vn 0.358866 0.918283 -0.167249
vn 0.465019 0.771927 -0.433458
vn 0.289618 0.918283 -0.269960
vn 0.308324 0.771924 -0.555940
vn 0.192024 0.918282 -0.346243
vn 0.121436 0.771926 -0.624006
vn 0.075630 0.918283 -0.388635
vn -0.077342 0.771926 -0.630990
vn -0.048168 0.918283 -0.392984
vn -0.268539 0.771927 -0.576208
vn -0.167246 0.918283 -0.358866
vn -0.433447 0.771931 -0.465023
vn -0.269955 0.918284 -0.289619
vn -0.555931 0.771932 -0.308320
vn -0.346238 0.918285 -0.192022
vn -0.623993 0.771937 -0.121430
vn -0.388626 0.918287 -0.075627
vn -0.630984 0.771931 0.077342
vn -0.392982 0.918284 0.048168
vn -0.576208 0.771926 0.268541
vn -0.358866 0.918283 0.167249
vn -0.465020 0.771926 0.433459
vn -0.289618 0.918283 0.269959
vn -0.308321 0.771924 0.555941
vn -0.192024 0.918282 0.346243
vn -0.121432 0.771926 0.624007
vn -0.075629 0.918283 0.388635
vn 0.085329 0.979385 0.183093
vn 0.024573 0.979385 0.200500
vn 0.137732 0.979385 0.147763
vn 0.176649 0.979386 0.097969
vn 0.198276 0.979386 0.038585
vn 0.200497 0.979386 -0.024576
vn 0.183092 0.979386 -0.085331
vn 0.147761 0.979386 -0.137733
vn 0.097969 0.979385 -0.176653
vn 0.038585 0.979385 -0.198282
vn -0.024574 0.979385 -0.200500
vn -0.085328 0.979386 -0.183093
vn -0.137735 0.979385 -0.147764
vn -0.176655 0.979385 -0.097970
vn -0.198281 0.979385 -0.038586
vn -0.200500 0.979385 0.024575
vn -0.183092 0.979385 0.085330
vn -0.147762 0.979386 0.137733
vn -0.097969 0.979385 0.176653
vn -0.038586 0.979385 0.198281
vn 0.054751 0.991565 0.117480
vn 0.015768 0.991565 0.128650
vn 0.088375 0.991565 0.094811
vn 0.113349 0.991565 0.062862
vn 0.127229 0.991564 0.024759
vn 0.128650 0.991565 -0.015768
vn 0.117477 0.991565 -0.054752
vn 0.094809 0.991565 -0.088376
vn 0.062861 0.991565 -0.113348
vn 0.024758 0.991565 -0.127226
vn -0.015768 0.991565 -0.128650
vn -0.054751 0.991565 -0.117480
vn -0.088376 0.991565 -0.094811
vn -0.113350 0.991565 -0.062862
vn -0.127226 0.991565 -0.024759
vn -0.128649 0.991565 0.015768
vn -0.117481 0.991565 0.054751
vn -0.094811 0.991565 0.088375
vn -0.062861 0.991565 0.113348
vn -0.024758 0.991565 0.127226
vn 0.038514 0.995835 0.082638
vn 0.011093 0.995835 0.090495
vn 0.062166 0.995835 0.066692
vn 0.079732 0.995835 0.044218
vn 0.089494 0.995835 0.017416
vn 0.090495 0.995835 -0.011091
vn 0.082638 0.995835 -0.038513
vn 0.066692 0.995835 -0.062164
vn 0.044218 0.995835 -0.079731
vn 0.017415 0.995835 -0.089493
vn -0.011092 0.995835 -0.090494
vn -0.038513 0.995835 -0.082638
vn -0.062164 0.995835 -0.066692
vn -0.079731 0.995835 -0.044218
vn -0.089493 0.995835 -0.017416
vn -0.090494 0.995835 0.011092
vn -0.082639 0.995835 0.038513
vn -0.066693 0.995835 0.062164
vn -0.044218 0.995835 0.079731
vn -0.017416 0.995835 0.089493
vn 0.028092 0.997786 0.060274
vn 0.008090 0.997787 0.066004
vn 0.045343 0.997786 0.048643
vn 0.058154 0.997787 0.032251
vn 0.065273 0.997787 0.012702
vn 0.066005 0.997786 -0.008090
vn 0.060275 0.997786 -0.028090
vn 0.048643 0.997787 -0.045341
vn 0.032251 0.997787 -0.058153
vn 0.012702 0.997787 -0.065273
vn -0.008091 0.997787 -0.066004
vn -0.028091 0.997787 -0.060273
vn -0.045340 0.997787 -0.048643
vn -0.058154 0.997787 -0.032251
vn -0.065273 0.997787 -0.012702
vn -0.066001 0.997787 0.008090
vn -0.060272 0.997787 0.028090
vn -0.048643 0.997787 0.045341
vn -0.032251 0.997787 0.058153
vn -0.012703 0.997787 0.065273
vn 0.020554 0.998815 0.044103
vn 0.005919 0.998816 0.048296
vn 0.033177 0.998815 0.035593
vn 0.042552 0.998815 0.023599
vn 0.047760 0.998816 0.009294
vn 0.048295 0.998816 -0.005920
vn 0.044104 0.998815 -0.020554
vn 0.035593 0.998816 -0.033176
vn 0.023599 0.998816 -0.042551
vn 0.009294 0.998816 -0.047761
vn -0.005922 0.998815 -0.048296
vn -0.020555 0.998815 -0.044103
vn -0.033175 0.998816 -0.035592
vn -0.042552 0.998815 -0.023599
vn -0.047761 0.998816 -0.009294
vn -0.048295 0.998816 0.005920
vn -0.044102 0.998816 0.020554
vn -0.035593 0.998816 0.033176
vn -0.023599 0.998815 0.042551
vn -0.009295 0.998816 0.047761
vn 0.014629 0.999400 0.031389
vn 0.004213 0.999400 0.034374
vn 0.023613 0.999400 0.025332
vn 0.030285 0.999400 0.016796
vn 0.033990 0.999400 0.006615
vn 0.034373 0.999400 -0.004213
vn 0.031390 0.999400 -0.014629
vn 0.025333 0.999400 -0.023613
vn 0.016797 0.999400 -0.030285
vn 0.006615 0.999400 -0.033993
vn -0.004215 0.999400 -0.034374
vn -0.014630 0.999400 -0.031389
vn -0.023611 0.999400 -0.025332
vn -0.030285 0.999400 -0.016796
vn -0.033995 0.999400 -0.006615
vn -0.034375 0.999400 0.004213
vn -0.031390 0.999400 0.014629
vn -0.025333 0.999400 0.023613
vn -0.016796 0.999400 0.030285
vn -0.006615 0.999400 0.033993
vn 0.009694 0.999737 0.020804
vn 0.002791 0.999737 0.022782
vn 0.015649 0.999737 0.016790
vn 0.020072 0.999737 0.011132
vn 0.022530 0.999737 0.004384
vn 0.022783 0.999737 -0.002792
vn 0.020806 0.999737 -0.009696
vn 0.016790 0.999737 -0.015651
vn 0.011133 0.999737 -0.020073
vn 0.004385 0.999737 -0.022531
vn -0.002793 0.999737 -0.022783
vn -0.009695 0.999737 -0.020805
vn -0.015651 0.999737 -0.016790
vn -0.020074 0.999737 -0.011132
vn -0.022531 0.999737 -0.004385
vn -0.022782 0.999737 0.002793
vn -0.020804 0.999737 0.009696
vn -0.016792 0.999737 0.015650
vn -0.011134 0.999737 0.020073
vn -0.004386 0.999737 0.022530
vn 0.005599 0.999912 0.012018
vn 0.001613 0.999912 0.013161
vn 0.009039 0.999912 0.009699
vn 0.011595 0.999912 0.006431
vn 0.013017 0.999912 0.002533
vn 0.013163 0.999912 -0.001613
vn 0.012017 0.999912 -0.005601
vn 0.009698 0.999912 -0.009041
vn 0.006436 0.999912 -0.011595
vn 0.002533 0.999912 -0.013015
vn -0.001616 0.999912 -0.013162
vn -0.005600 0.999912 -0.012018
vn -0.009041 0.999912 -0.009699
vn -0.011595 0.999912 -0.006431
vn -0.013015 0.999912 -0.002533
vn -0.013161 0.999912 0.001613
vn -0.012018 0.999912 0.005601
vn -0.009700 0.999912 0.009041
vn -0.006433 0.999912 0.011595
vn -0.002533 0.999912 0.013015
vn 0.000001 1.000000 0.000000
vn 0.986599 0.000000 0.163167
vn 0.981912 0.000000 0.189340
vn 0.981912 0.000000 0.189340
vn 0.986599 0.000000 0.163167
vn 0.993468 0.000000 0.114115
vn 0.993468 0.000000 0.114115
vn 0.921434 0.000000 0.388535
vn 0.921434 0.000000 0.388535
vn 0.717347 0.000000 0.696716
vn 0.717347 0.000000 0.696716
vn 0.289458 0.955911 0.049471
vn 0.294714 0.953929 0.056239
vn -0.000084 1.000000 0.000372
vn 0.000677 0.999993 -0.003659
vn 0.325938 0.944098 0.049424
vn 0.002409 0.999916 -0.012715
vn 0.275648 0.958119 0.077627
vn -0.004482 0.999713 0.023528
vn 0.215963 0.973552 0.074544
vn -0.006302 0.999431 0.033133
vn -0.294791 0.953922 -0.055953
vn -0.287428 0.955901 -0.060320
vn -0.321325 0.944092 -0.073760
vn -0.284896 0.958118 -0.029053
vn -0.228241 0.973553 -0.009995
vn -0.977563 0.000000 -0.210645
vn -0.982818 0.000000 -0.184579
vn -0.982818 0.000000 -0.184579
vn -0.977563 0.000000 -0.210645
vn -0.965933 0.000000 -0.258791
vn -0.965933 0.000000 -0.258791
vn -0.999738 0.000000 0.022906
vn -0.999738 0.000000 0.022906
vn -0.923136 0.000000 0.384473
vn -0.923136 0.000000 0.384473
vn -0.287384 -0.955915 -0.060311
vn -0.294759 -0.953932 -0.055947
vn -0.000066 -1.000000 0.000376
vn 0.000706 -0.999993 -0.003653
vn -0.321312 -0.944097 -0.073758
vn 0.002415 -0.999916 -0.012714
vn -0.284906 -0.958115 -0.029055
vn -0.004477 -0.999713 0.023529
vn -0.228258 -0.973549 -0.009998
vn -0.006301 -0.999431 0.033133
vn 0.294713 -0.953929 0.056239
vn 0.289464 -0.955910 0.049472
vn 0.325935 -0.944099 0.049423
vn 0.275663 -0.958115 0.077630
vn 0.215980 -0.973548 0.074547
vn 0.186952 0.000000 -0.982369
vn -0.819209 0.000000 -0.573496
vn -0.819209 0.000000 -0.573496
vn 0.186952 0.000000 -0.982369
vn 0.972599 0.000000 -0.232489
vn 0.972599 0.000000 -0.232489
vn 0.982367 0.000000 0.186960
vn 0.982367 0.000000 0.186960
vn -0.000002 1.000000 -0.000000
vn 0.272847 0.960655 0.051927
vn -0.272852 0.960653 -0.051928
vn -0.982367 0.000000 -0.186960
vn -0.982367 0.000000 -0.186960
vn -0.000010 -1.000000 -0.000002
vn -0.272853 -0.960653 -0.051928
vn 0.272835 -0.960659 0.051925
vn 0.977563 0.000000 0.210644
vn 0.977563 0.000000 0.210644
vn 0.982818 0.000000 0.184579
vn 0.982818 0.000000 0.184579
vn 0.965933 0.000000 0.258791
vn 0.965933 0.000000 0.258791
vn 0.999738 0.000000 -0.022911
vn 0.999738 0.000000 -0.022911
vn 0.923124 0.000000 -0.384502
vn 0.923124 0.000000 -0.384502
vn 0.287401 0.955909 0.060315
vn -0.000691 0.999993 0.003656
vn 0.000061 1.000000 -0.000376
vn 0.294761 0.953932 0.055947
vn -0.002431 0.999916 0.012711
vn 0.321308 0.944098 0.073757
vn 0.004484 0.999713 -0.023528
vn 0.284900 0.958117 0.029054
vn 0.006309 0.999431 -0.033131
vn 0.228243 0.973553 0.009995
vn -0.289456 0.955912 -0.049470
vn -0.294723 0.953926 -0.056241
vn -0.325960 0.944091 -0.049428
vn -0.275645 0.958120 -0.077627
vn -0.215951 0.973555 -0.074542
vn -0.986599 0.000000 -0.163166
vn -0.986599 0.000000 -0.163166
vn -0.981912 0.000000 -0.189340
vn -0.981912 0.000000 -0.189340
vn -0.993468 0.000000 -0.114112
vn -0.993468 0.000000 -0.114112
vn -0.921436 0.000000 -0.388531
vn -0.921436 0.000000 -0.388531
vn -0.717369 0.000000 -0.696693
vn -0.717369 0.000000 -0.696693
vn -0.289464 -0.955910 -0.049472
vn -0.000708 -0.999993 0.003653
vn 0.000067 -1.000000 -0.000375
vn -0.294713 -0.953929 -0.056239
vn -0.002416 -0.999916 0.012714
vn -0.325940 -0.944098 -0.049424
vn 0.004480 -0.999713 -0.023529
vn -0.275660 -0.958115 -0.077629
vn 0.006305 -0.999431 -0.033132
vn -0.215983 -0.973547 -0.074548
vn 0.287378 -0.955917 0.060310
vn 0.294761 -0.953932 0.055947
vn 0.321315 -0.944095 0.073759
vn 0.284908 -0.958114 0.029056
vn 0.228267 -0.973547 0.010000
vn -0.186952 0.000000 0.982369
vn -0.186952 0.000000 0.982369
vn -0.972599 0.000000 0.232489
vn -0.972599 0.000000 0.232489
vn 0.819209 0.000000 0.573496
vn 0.819209 0.000000 0.573496
vn 0.000017 -0.999999 0.001013
vn 0.000160 -0.999999 0.001325
vn 0.001956 -0.999871 0.015952
vn 0.000276 -0.999870 0.016109
vn 0.000229 -1.000000 0.000988
vn 0.003624 -0.999870 0.015700
vn 0.076543 -0.940215 0.331870
vn 0.041435 -0.940213 0.338056
vn 0.005871 -0.940215 0.340531
vn 0.000437 -0.999999 0.001263
vn 0.005230 -0.999871 0.015197
vn 0.000429 -0.999999 0.000919
vn 0.006808 -0.999870 0.014604
vn 0.143888 -0.940211 0.308706
vn 0.110835 -0.940209 0.322059
vn 0.000690 -0.999999 0.001145
vn 0.008277 -0.999871 0.013778
vn 0.000611 -1.000000 0.000810
vn 0.009694 -0.999870 0.012869
vn 0.204900 -0.940217 0.272044
vn 0.175343 -0.940215 0.291977
vn 0.000910 -0.999999 0.000977
vn 0.010957 -0.999871 0.011756
vn 0.000764 -1.000000 0.000665
vn 0.012157 -0.999870 0.010573
vn 0.256996 -0.940214 0.223498
vn 0.232230 -0.940212 0.249139
vn 0.001094 -0.999999 0.000766
vn 0.013166 -0.999871 0.009222
vn 0.000887 -1.000000 0.000492
vn 0.014092 -0.999870 0.007814
vn 0.297856 -0.940211 0.165183
vn 0.278939 -0.940217 0.195411
vn 0.001228 -0.999999 0.000522
vn 0.014797 -0.999871 0.006284
vn 0.000969 -0.999999 0.000296
vn 0.015405 -0.999870 0.004713
vn 0.325717 -0.940201 0.099653
vn 0.313515 -0.940202 0.133151
vn 0.001311 -0.999999 0.000255
vn 0.015775 -0.999871 0.003070
vn 0.001011 -0.999999 0.000089
vn 0.016049 -0.999870 0.001407
vn 0.339277 -0.940216 0.029756
vn 0.334345 -0.940202 0.065064
vn 0.001335 -0.999999 -0.000023
vn 0.016068 -0.999871 -0.000277
vn 0.001005 -1.000000 -0.000123
vn 0.015993 -0.999870 -0.001960
vn 0.338051 -0.940215 -0.041435
vn 0.340530 -0.940215 -0.005873
vn 0.001299 -0.999999 -0.000301
vn 0.015660 -0.999871 -0.003612
vn 0.000957 -0.999999 -0.000330
vn 0.015233 -0.999870 -0.005242
vn 0.322067 -0.940210 -0.110811
vn 0.331886 -0.940209 -0.076542
vn 0.001210 -0.999999 -0.000564
vn 0.014568 -0.999871 -0.006789
vn 0.000869 -0.999999 -0.000522
vn 0.013813 -0.999870 -0.008295
vn 0.291991 -0.940210 -0.175345
vn 0.308723 -0.940208 -0.143869
vn 0.001065 -0.999999 -0.000804
vn 0.012838 -0.999871 -0.009669
vn 0.000740 -1.000000 -0.000691
vn 0.011786 -0.999870 -0.010985
vn 0.249144 -0.940213 -0.232222
vn 0.272058 -0.940211 -0.204909
vn 0.000878 -0.999999 -0.001007
vn 0.010543 -0.999871 -0.012128
vn 0.000583 -1.000000 -0.000830
vn 0.009244 -0.999870 -0.013196
vn 0.195400 -0.940216 -0.278950
vn 0.223502 -0.940212 -0.256998
vn 0.000648 -0.999999 -0.001168
vn 0.007796 -0.999871 -0.014055
vn 0.000395 -1.000000 -0.000933
vn 0.006299 -0.999870 -0.014829
vn 0.133145 -0.940214 -0.313480
vn 0.165175 -0.940214 -0.297851
vn 0.000390 -0.999999 -0.001277
vn 0.004703 -0.999871 -0.015368
vn 0.000193 -1.000000 -0.000995
vn 0.003078 -0.999870 -0.015815
vn 0.065059 -0.940215 -0.334310
vn 0.099654 -0.940213 -0.325682
vn 0.000115 -0.999999 -0.001330
vn 0.001403 -0.999871 -0.016010
vn -0.000018 -0.999999 -0.001014
vn -0.000279 -0.999870 -0.016109
vn -0.005878 -0.940214 -0.340533
vn 0.029755 -0.940213 -0.339284
vn -0.000161 -0.999999 -0.001325
vn -0.001958 -0.999871 -0.015953
vn -0.000229 -1.000000 -0.000988
vn -0.003621 -0.999870 -0.015699
vn -0.076528 -0.940217 -0.331868
vn -0.041437 -0.940212 -0.338059
vn -0.000435 -0.999999 -0.001263
vn -0.005226 -0.999871 -0.015197
vn -0.000428 -0.999999 -0.000919
vn -0.006806 -0.999870 -0.014603
vn -0.143865 -0.940216 -0.308703
vn -0.110797 -0.940216 -0.322051
vn -0.000690 -0.999999 -0.001145
vn -0.008274 -0.999871 -0.013778
vn -0.000611 -1.000000 -0.000810
vn -0.009691 -0.999870 -0.012869
vn -0.204902 -0.940216 -0.272044
vn -0.175343 -0.940215 -0.291977
vn -0.000909 -0.999999 -0.000977
vn -0.010955 -0.999871 -0.011756
vn -0.000764 -1.000000 -0.000665
vn -0.012154 -0.999870 -0.010572
vn -0.256995 -0.940214 -0.223498
vn -0.232231 -0.940212 -0.249141
vn -0.001093 -0.999999 -0.000766
vn -0.013163 -0.999871 -0.009221
vn -0.000887 -1.000000 -0.000492
vn -0.014087 -0.999870 -0.007813
vn -0.297860 -0.940209 -0.165184
vn -0.278973 -0.940206 -0.195415
vn -0.001229 -0.999999 -0.000522
vn -0.014791 -0.999871 -0.006282
vn -0.000970 -0.999999 -0.000297
vn -0.015405 -0.999870 -0.004713
vn -0.325682 -0.940214 -0.099647
vn -0.313470 -0.940218 -0.133143
vn -0.001310 -0.999999 -0.000255
vn -0.015773 -0.999871 -0.003070
vn -0.001010 -1.000000 -0.000089
vn -0.016048 -0.999870 -0.001407
vn -0.339259 -0.940222 -0.029752
vn -0.334329 -0.940208 -0.065061
vn -0.001335 -0.999999 0.000023
vn -0.016068 -0.999871 0.000277
vn -0.001005 -1.000000 0.000124
vn -0.015993 -0.999870 0.001960
vn -0.338048 -0.940216 0.041436
vn -0.340504 -0.940225 0.005879
vn -0.001300 -0.999999 0.000300
vn -0.015663 -0.999871 0.003612
vn -0.000957 -0.999999 0.000330
vn -0.015234 -0.999870 0.005242
vn -0.322065 -0.940210 0.110810
vn -0.331886 -0.940209 0.076542
vn -0.001210 -0.999999 0.000564
vn -0.014568 -0.999871 0.006789
vn -0.000869 -0.999999 0.000522
vn -0.013813 -0.999870 0.008295
vn -0.291992 -0.940210 0.175345
vn -0.308720 -0.940209 0.143868
vn -0.001068 -0.999999 0.000803
vn -0.012838 -0.999871 0.009669
vn -0.000743 -1.000000 0.000691
vn -0.011783 -0.999870 0.010986
vn -0.249130 -0.940216 0.232224
vn -0.272059 -0.940211 0.204909
vn -0.000877 -0.999999 0.001007
vn -0.010540 -0.999871 0.012128
vn -0.000583 -1.000000 0.000830
vn -0.009244 -0.999870 0.013196
vn -0.195408 -0.940216 0.278944
vn -0.223488 -0.940216 0.256998
vn -0.000648 -0.999999 0.001168
vn -0.007797 -0.999871 0.014055
vn -0.000395 -1.000000 0.000933
vn -0.006300 -0.999870 0.014829
vn -0.133145 -0.940215 0.313479
vn -0.165190 -0.940213 0.297845
vn -0.000390 -0.999999 0.001277
vn -0.004704 -0.999871 0.015368
vn -0.000194 -1.000000 0.000995
vn -0.003077 -0.999870 0.015815
vn -0.065056 -0.940216 0.334308
vn -0.099647 -0.940214 0.325682
vn -0.000116 -0.999999 0.001330
vn -0.001403 -0.999871 0.016011
vn -0.029759 -0.940214 0.339281
vn 0.011642 -0.737427 0.675327
vn 0.082167 -0.737436 0.670400
vn 0.106210 -0.487673 0.866542
vn 0.015048 -0.487663 0.872902
vn 0.151795 -0.737428 0.658148
vn 0.196208 -0.487663 0.850698
vn 0.224742 0.000001 0.974418
vn 0.121658 -0.000001 0.992572
vn 0.017237 -0.000000 0.999851
vn 0.219756 -0.737437 0.638666
vn 0.284052 -0.487672 0.825524
vn 0.285315 -0.737428 0.612206
vn 0.368788 -0.487664 0.791315
vn 0.422425 0.000001 0.906398
vn 0.325366 0.000002 0.945588
vn 0.347741 -0.737436 0.579020
vn 0.449481 -0.487673 0.748427
vn 0.406364 -0.737428 0.539507
vn 0.525255 -0.487663 0.697347
vn 0.601645 0.000001 0.798763
vn 0.514855 0.000001 0.857277
vn 0.460527 -0.737436 0.494067
vn 0.595269 -0.487670 0.638618
vn 0.509657 -0.737426 0.443229
vn 0.658765 -0.487661 0.572901
vn 0.754571 -0.000000 0.656219
vn 0.681844 -0.000000 0.731498
vn 0.553186 -0.737436 0.387522
vn 0.715033 -0.487674 0.500902
vn 0.590671 -0.737427 0.327581
vn 0.763479 -0.487665 0.423419
vn 0.874516 -0.000002 0.484997
vn 0.819029 -0.000001 0.573752
vn 0.621668 -0.737436 0.264040
vn 0.803552 -0.487674 0.341291
vn 0.645872 -0.737427 0.197614
vn 0.834830 -0.487663 0.255429
vn 0.956242 0.000000 0.292577
vn 0.920421 -0.000002 0.390928
vn 0.662983 -0.737433 0.129018
vn 0.856951 -0.487673 0.166765
vn 0.672848 -0.737423 0.059012
vn 0.869693 -0.487664 0.076275
vn 0.996176 -0.000000 0.087369
vn 0.981586 0.000001 0.191019
vn 0.675318 -0.737435 -0.011642
vn 0.872898 -0.487671 -0.015048
vn 0.670409 -0.737428 -0.082171
vn 0.866547 -0.487663 -0.106210
vn 0.992572 0.000001 -0.121657
vn 0.999851 -0.000000 -0.017238
vn 0.658134 -0.737439 -0.151797
vn 0.850692 -0.487674 -0.196208
vn 0.638670 -0.737431 -0.219764
vn 0.825528 -0.487664 -0.284056
vn 0.945588 -0.000000 -0.325367
vn 0.974418 0.000000 -0.224743
vn 0.612193 -0.737438 -0.285315
vn 0.791311 -0.487671 -0.368787
vn 0.579028 -0.737427 -0.347747
vn 0.748431 -0.487662 -0.449485
vn 0.857277 0.000001 -0.514856
vn 0.906398 0.000001 -0.422425
vn 0.539499 -0.737436 -0.406361
vn 0.697344 -0.487670 -0.525252
vn 0.494071 -0.737428 -0.460537
vn 0.638623 -0.487661 -0.595271
vn 0.731501 0.000001 -0.681841
vn 0.798764 0.000001 -0.601644
vn 0.443221 -0.737436 -0.509650
vn 0.572899 -0.487670 -0.658760
vn 0.387529 -0.737426 -0.553194
vn 0.500906 -0.487661 -0.715038
vn 0.573752 0.000000 -0.819029
vn 0.656220 0.000000 -0.754569
vn 0.327577 -0.737436 -0.590662
vn 0.423417 -0.487670 -0.763476
vn 0.264043 -0.737427 -0.621677
vn 0.341292 -0.487661 -0.803559
vn 0.390929 -0.000001 -0.920421
vn 0.484997 -0.000000 -0.874516
vn 0.197610 -0.737436 -0.645862
vn 0.255426 -0.487672 -0.834825
vn 0.129020 -0.737427 -0.662990
vn 0.166765 -0.487665 -0.856956
vn 0.191019 -0.000001 -0.981586
vn 0.292576 -0.000001 -0.956242
vn 0.059010 -0.737437 -0.672834
vn 0.076275 -0.487673 -0.869688
vn -0.011645 -0.737428 -0.675326
vn -0.015049 -0.487663 -0.872902
vn -0.017238 0.000000 -0.999851
vn 0.087369 0.000000 -0.996176
vn -0.082170 -0.737435 -0.670401
vn -0.106210 -0.487671 -0.866543
vn -0.151797 -0.737426 -0.658149
vn -0.196207 -0.487662 -0.850699
vn -0.224741 0.000000 -0.974419
vn -0.121655 0.000000 -0.992572
vn -0.219759 -0.737435 -0.638667
vn -0.284052 -0.487671 -0.825525
vn -0.285320 -0.737426 -0.612206
vn -0.368788 -0.487662 -0.791316
vn -0.422424 -0.000000 -0.906398
vn -0.325364 0.000000 -0.945589
vn -0.347743 -0.737435 -0.579020
vn -0.449481 -0.487672 -0.748427
vn -0.406368 -0.737426 -0.539507
vn -0.525255 -0.487662 -0.697347
vn -0.601645 -0.000000 -0.798764
vn -0.514855 -0.000001 -0.857277
vn -0.460527 -0.737437 -0.494067
vn -0.595269 -0.487670 -0.638618
vn -0.509655 -0.737428 -0.443229
vn -0.658767 -0.487660 -0.572900
vn -0.754570 -0.000001 -0.656220
vn -0.681843 -0.000001 -0.731499
vn -0.553189 -0.737434 -0.387521
vn -0.715037 -0.487670 -0.500900
vn -0.590675 -0.737424 -0.327580
vn -0.763481 -0.487662 -0.423418
vn -0.874516 -0.000000 -0.484998
vn -0.819029 -0.000001 -0.573752
vn -0.621669 -0.737435 -0.264040
vn -0.803553 -0.487671 -0.341291
vn -0.645872 -0.737426 -0.197614
vn -0.834830 -0.487662 -0.255429
vn -0.956242 0.000000 -0.292576
vn -0.920421 0.000000 -0.390928
vn -0.662980 -0.737436 -0.129017
vn -0.856952 -0.487672 -0.166765
vn -0.672842 -0.737428 -0.059011
vn -0.869694 -0.487662 -0.076276
vn -0.996176 0.000002 -0.087369
vn -0.981586 0.000001 -0.191019
vn -0.675314 -0.737438 0.011644
vn -0.872898 -0.487671 0.015050
vn -0.670409 -0.737428 0.082172
vn -0.866547 -0.487663 0.106212
vn -0.992572 0.000000 0.121657
vn -0.999851 0.000001 0.017238
vn -0.658136 -0.737438 0.151796
vn -0.850693 -0.487673 0.196207
vn -0.638670 -0.737431 0.219764
vn -0.825529 -0.487662 0.284055
vn -0.945588 -0.000000 0.325365
vn -0.974418 -0.000000 0.224743
vn -0.612194 -0.737438 0.285314
vn -0.791311 -0.487671 0.368787
vn -0.579026 -0.737428 0.347748
vn -0.748430 -0.487663 0.449485
vn -0.857277 0.000001 0.514856
vn -0.906399 0.000000 0.422423
vn -0.539497 -0.737437 0.406362
vn -0.697342 -0.487673 0.525252
vn -0.494077 -0.737426 0.460534
vn -0.638624 -0.487662 0.595270
vn -0.731499 -0.000000 0.681843
vn -0.798765 -0.000000 0.601644
vn -0.443224 -0.737435 0.509649
vn -0.572897 -0.487671 0.658761
vn -0.387524 -0.737427 0.553196
vn -0.500902 -0.487663 0.715040
vn -0.573751 0.000001 0.819030
vn -0.656218 0.000002 0.754572
vn -0.327575 -0.737435 0.590664
vn -0.423415 -0.487671 0.763477
vn -0.264044 -0.737427 0.621677
vn -0.341292 -0.487663 0.803558
vn -0.390927 0.000000 0.920422
vn -0.484996 -0.000000 0.874517
vn -0.197610 -0.737436 0.645863
vn -0.255428 -0.487673 0.834824
vn -0.129020 -0.737427 0.662990
vn -0.166767 -0.487663 0.856956
vn -0.191021 -0.000001 0.981586
vn -0.292578 -0.000001 0.956242
vn -0.059012 -0.737436 0.672834
vn -0.076277 -0.487671 0.869689
vn -0.087372 0.000000 0.996176
vn 0.100227 0.566781 0.817749
vn 0.014201 0.566766 0.823757
vn 0.185160 0.566765 0.802803
vn 0.122925 0.837162 0.532963
vn 0.066539 0.837171 0.542879
vn 0.009428 0.837162 0.546873
vn 0.268059 0.566779 0.779041
vn 0.348027 0.566765 0.746763
vn 0.231046 0.837162 0.495759
vn 0.177954 0.837171 0.517181
vn 0.424177 0.566778 0.706284
vn 0.495686 0.566763 0.658084
vn 0.329074 0.837161 0.436888
vn 0.281597 0.837170 0.468881
vn 0.561749 0.566779 0.602660
vn 0.621673 0.566766 0.540647
vn 0.412713 0.837163 0.358923
vn 0.372926 0.837171 0.400088
vn 0.674773 0.566781 0.472696
vn 0.720495 0.566766 0.399579
vn 0.478320 0.837163 0.265271
vn 0.447960 0.837172 0.313808
vn 0.758307 0.566779 0.322073
vn 0.787828 0.566765 0.241047
vn 0.523021 0.837162 0.160026
vn 0.503416 0.837171 0.213815
vn 0.808699 0.566780 0.157375
vn 0.820729 0.566766 0.071982
vn 0.544862 0.837163 0.047787
vn 0.536870 0.837171 0.104476
vn 0.823747 0.566780 -0.014202
vn 0.817760 0.566764 -0.100230
vn 0.542892 0.837162 -0.066541
vn 0.546861 0.837170 -0.009428
vn 0.802793 0.566780 -0.185159
vn 0.779049 0.566767 -0.268064
vn 0.517194 0.837162 -0.177960
vn 0.532949 0.837171 -0.122921
vn 0.746754 0.566780 -0.348023
vn 0.706296 0.566763 -0.424177
vn 0.468894 0.837161 -0.281602
vn 0.495748 0.837170 -0.231041
vn 0.658078 0.566779 -0.495677
vn 0.602667 0.566765 -0.561756
vn 0.400097 0.837162 -0.372937
vn 0.436878 0.837171 -0.329064
vn 0.540640 0.566779 -0.621667
vn 0.472702 0.566764 -0.674783
vn 0.313816 0.837162 -0.447972
vn 0.358914 0.837171 -0.412705
vn 0.399575 0.566778 -0.720488
vn 0.322079 0.566764 -0.758316
vn 0.213820 0.837162 -0.503429
vn 0.265265 0.837170 -0.478310
vn 0.241045 0.566780 -0.787818
vn 0.157378 0.566766 -0.808708
vn 0.104480 0.837162 -0.536884
vn 0.160021 0.837171 -0.523009
vn 0.071981 0.566780 -0.820718
vn -0.014203 0.566764 -0.823758
vn -0.009429 0.837162 -0.546873
vn 0.047787 0.837171 -0.544850
vn -0.100230 0.566778 -0.817751
vn -0.185160 0.566765 -0.802803
vn -0.122925 0.837162 -0.532963
vn -0.066541 0.837170 -0.542879
vn -0.268059 0.566779 -0.779042
vn -0.348027 0.566765 -0.746763
vn -0.231043 0.837163 -0.495759
vn -0.177954 0.837171 -0.517182
vn -0.424172 0.566780 -0.706285
vn -0.495681 0.566765 -0.658086
vn -0.329071 0.837163 -0.436888
vn -0.281593 0.837172 -0.468881
vn -0.561749 0.566779 -0.602660
vn -0.621673 0.566766 -0.540647
vn -0.412716 0.837162 -0.358923
vn -0.372928 0.837171 -0.400087
vn -0.674772 0.566781 -0.472697
vn -0.720494 0.566767 -0.399579
vn -0.478320 0.837162 -0.265271
vn -0.447962 0.837170 -0.313808
vn -0.758306 0.566781 -0.322074
vn -0.787828 0.566765 -0.241048
vn -0.523021 0.837162 -0.160026
vn -0.503416 0.837171 -0.213815
vn -0.808699 0.566780 -0.157375
vn -0.820729 0.566765 -0.071981
vn -0.544863 0.837162 -0.047787
vn -0.536870 0.837171 -0.104476
vn -0.823748 0.566778 0.014202
vn -0.817761 0.566764 0.100229
vn -0.542895 0.837160 0.066540
vn -0.546861 0.837170 0.009429
vn -0.802793 0.566780 0.185158
vn -0.779050 0.566765 0.268062
vn -0.517193 0.837163 0.177961
vn -0.532951 0.837170 0.122920
vn -0.746753 0.566781 0.348022
vn -0.706294 0.566765 0.424177
vn -0.468892 0.837162 0.281602
vn -0.495747 0.837171 0.231042
vn -0.658079 0.566780 0.495674
vn -0.602666 0.566766 0.561756
vn -0.400098 0.837162 0.372936
vn -0.436878 0.837171 0.329064
vn -0.540638 0.566780 0.621668
vn -0.472702 0.566765 0.674781
vn -0.313817 0.837162 0.447972
vn -0.358915 0.837171 0.412705
vn -0.399573 0.566780 0.720487
vn -0.322076 0.566765 0.758317
vn -0.213819 0.837162 0.503429
vn -0.265265 0.837171 0.478309
vn -0.241045 0.566780 0.787818
vn -0.157379 0.566766 0.808708
vn -0.104480 0.837162 0.536883
vn -0.160022 0.837171 0.523009
vn -0.071983 0.566780 0.820718
vn -0.047786 0.837171 0.544850
vn 0.047539 0.920493 0.387855
vn 0.006735 0.920493 0.390702
vn 0.087823 0.920492 0.380764
vn 0.076541 0.940223 0.331847
vn 0.041432 0.940222 0.338033
vn 0.005869 0.940223 0.340508
vn 0.127140 0.920494 0.369496
vn 0.165069 0.920492 0.354184
vn 0.143864 0.940223 0.308682
vn 0.110811 0.940221 0.322033
vn 0.201184 0.920494 0.334988
vn 0.235098 0.920493 0.312125
vn 0.204890 0.940225 0.272025
vn 0.175338 0.940222 0.291957
vn 0.266436 0.920493 0.285839
vn 0.294858 0.920492 0.256425
vn 0.256980 0.940222 0.223482
vn 0.232213 0.940221 0.249122
vn 0.320042 0.920493 0.224198
vn 0.341725 0.920493 0.189517
vn 0.297823 0.940224 0.165170
vn 0.278931 0.940222 0.195398
vn 0.359661 0.920494 0.152758
vn 0.373660 0.920493 0.114327
vn 0.325659 0.940222 0.099640
vn 0.313465 0.940221 0.133136
vn 0.383561 0.920494 0.074642
vn 0.389266 0.920493 0.034140
vn 0.339260 0.940222 0.029755
vn 0.334294 0.940221 0.065054
vn 0.390701 0.920493 -0.006736
vn 0.387856 0.920493 -0.047539
vn 0.338029 0.940223 -0.041431
vn 0.340514 0.940221 -0.005870
vn 0.380760 0.920494 -0.087820
vn 0.369499 0.920492 -0.127140
vn 0.322031 0.940223 -0.110805
vn 0.331852 0.940221 -0.076539
vn 0.354182 0.920494 -0.165065
vn 0.334990 0.920493 -0.201185
vn 0.291955 0.940223 -0.175338
vn 0.308685 0.940222 -0.143862
vn 0.312124 0.920494 -0.235097
vn 0.285840 0.920493 -0.266437
vn 0.249118 0.940223 -0.232207
vn 0.272035 0.940221 -0.204896
vn 0.256422 0.920494 -0.294854
vn 0.224200 0.920492 -0.320043
vn 0.195397 0.940223 -0.278927
vn 0.223482 0.940222 -0.256979
vn 0.189517 0.920493 -0.341724
vn 0.152758 0.920493 -0.359664
vn 0.133133 0.940224 -0.313457
vn 0.165174 0.940221 -0.297827
vn 0.114325 0.920494 -0.373659
vn 0.074643 0.920493 -0.383565
vn 0.065053 0.940223 -0.334287
vn 0.099641 0.940222 -0.325660
vn 0.034139 0.920493 -0.389264
vn -0.006736 0.920493 -0.390702
vn -0.005870 0.940223 -0.340508
vn 0.029752 0.940222 -0.339261
vn -0.047536 0.920494 -0.387855
vn -0.087820 0.920493 -0.380763
vn -0.076534 0.940224 -0.331846
vn -0.041426 0.940222 -0.338033
vn -0.127138 0.920494 -0.369495
vn -0.165064 0.920493 -0.354184
vn -0.143856 0.940224 -0.308681
vn -0.110806 0.940222 -0.322032
vn -0.201185 0.920493 -0.334988
vn -0.235099 0.920493 -0.312125
vn -0.204895 0.940223 -0.272026
vn -0.175341 0.940222 -0.291957
vn -0.266433 0.920494 -0.285839
vn -0.294857 0.920492 -0.256425
vn -0.256973 0.940224 -0.223481
vn -0.232207 0.940223 -0.249121
vn -0.320046 0.920492 -0.224198
vn -0.341727 0.920492 -0.189518
vn -0.297826 0.940223 -0.165170
vn -0.278928 0.940223 -0.195398
vn -0.359663 0.920493 -0.152758
vn -0.373661 0.920493 -0.114327
vn -0.325651 0.940225 -0.099638
vn -0.313461 0.940222 -0.133135
vn -0.383562 0.920494 -0.074642
vn -0.389265 0.920493 -0.034140
vn -0.339252 0.940225 -0.029753
vn -0.334286 0.940224 -0.065053
vn -0.390700 0.920494 0.006736
vn -0.387861 0.920491 0.047538
vn -0.338032 0.940222 0.041431
vn -0.340517 0.940220 0.005870
vn -0.380763 0.920493 0.087819
vn -0.369498 0.920493 0.127140
vn -0.322033 0.940222 0.110805
vn -0.331852 0.940221 0.076539
vn -0.354180 0.920494 0.165066
vn -0.334989 0.920493 0.201185
vn -0.291953 0.940224 0.175338
vn -0.308686 0.940221 0.143862
vn -0.312124 0.920493 0.235097
vn -0.285841 0.920492 0.266436
vn -0.249119 0.940223 0.232207
vn -0.272031 0.940221 0.204897
vn -0.256423 0.920494 0.294854
vn -0.224198 0.920493 0.320044
vn -0.195395 0.940223 0.278928
vn -0.223482 0.940222 0.256979
vn -0.189516 0.920494 0.341724
vn -0.152758 0.920493 0.359664
vn -0.133134 0.940223 0.313457
vn -0.165173 0.940222 0.297828
vn -0.114327 0.920494 0.373659
vn -0.074643 0.920493 0.383565
vn -0.065053 0.940223 0.334287
vn -0.099642 0.940222 0.325660
vn -0.034139 0.920493 0.389264
vn -0.029755 0.940222 0.339261
vn 0.000014 -1.000000 0.000130
vn -0.000015 -1.000000 -0.000058
vn -0.000000 -1.000000 -0.000059
vn -0.000001 -1.000000 -0.000000
vn 0.000044 -1.000000 0.000125
vn -0.000026 -1.000000 -0.000054
vn 0.000070 -1.000000 0.000113
vn -0.000036 -1.000000 -0.000047
vn 0.000088 -1.000000 0.000096
vn -0.000046 -1.000000 -0.000039
vn 0.000108 -1.000000 0.000076
vn -0.000049 -1.000000 -0.000028
vn 0.000122 -1.000000 0.000052
vn -0.000055 -1.000000 -0.000017
vn 0.000130 -1.000000 0.000025
vn -0.000058 -1.000000 -0.000005
vn 0.000133 -1.000000 -0.000002
vn -0.000056 -1.000000 0.000008
vn 0.000129 -1.000000 -0.000029
vn -0.000056 -1.000000 0.000019
vn 0.000118 -1.000000 -0.000056
vn -0.000051 -1.000000 0.000030
vn 0.000103 -1.000000 -0.000080
vn -0.000042 -1.000000 0.000040
vn 0.000089 -1.000000 -0.000099
vn -0.000036 -1.000000 0.000048
vn 0.000062 -1.000000 -0.000115
vn -0.000025 -1.000000 0.000054
vn 0.000037 -1.000000 -0.000126
vn -0.000011 -1.000000 0.000058
vn 0.000010 -1.000000 -0.000131
vn 0.000000 -1.000000 0.000059
vn -0.000014 -1.000000 -0.000130
vn 0.000015 -1.000000 0.000058
vn -0.000042 -1.000000 -0.000124
vn 0.000026 -1.000000 0.000054
vn -0.000071 -1.000000 -0.000113
vn 0.000036 -1.000000 0.000047
vn -0.000088 -1.000000 -0.000096
vn 0.000046 -1.000000 0.000039
vn -0.000109 -1.000000 -0.000076
vn 0.000051 -1.000000 0.000028
vn -0.000121 -1.000000 -0.000051
vn 0.000056 -1.000000 0.000017
vn -0.000130 -1.000000 -0.000025
vn 0.000058 -1.000000 0.000005
vn -0.000132 -1.000000 0.000002
vn 0.000058 -1.000000 -0.000007
vn -0.000128 -1.000000 0.000030
vn 0.000055 -1.000000 -0.000019
vn -0.000119 -1.000000 0.000056
vn 0.000049 -1.000000 -0.000031
vn -0.000107 -1.000000 0.000079
vn 0.000039 -1.000000 -0.000041
vn -0.000090 -1.000000 0.000098
vn 0.000028 -1.000000 -0.000049
vn -0.000066 -1.000000 0.000115
vn 0.000020 -1.000000 -0.000055
vn -0.000037 -1.000000 0.000126
vn 0.000011 -1.000000 -0.000058
vn -0.000011 -1.000000 0.000131
vn -0.000054 0.999995 -0.003160
vn -0.000491 0.999992 -0.004029
vn -0.000085 1.000000 -0.000693
vn -0.000008 1.000000 -0.000152
vn -0.000706 0.999995 -0.003079
vn -0.000039 1.000000 -0.000148
vn -0.000000 1.000000 -0.000000
vn -0.001318 0.999992 -0.003838
vn -0.000226 1.000000 -0.000660
vn -0.001335 0.999995 -0.002865
vn -0.000067 1.000000 -0.000138
vn -0.002089 0.999992 -0.003480
vn -0.000359 1.000000 -0.000598
vn -0.001901 0.999995 -0.002524
vn -0.000091 1.000000 -0.000121
vn -0.002770 0.999992 -0.002970
vn -0.000477 1.000000 -0.000511
vn -0.002385 0.999995 -0.002074
vn -0.000114 1.000000 -0.000099
vn -0.003323 0.999992 -0.002329
vn -0.000570 1.000000 -0.000400
vn -0.002764 0.999995 -0.001533
vn -0.000131 1.000000 -0.000073
vn -0.003738 0.999992 -0.001587
vn -0.000643 1.000000 -0.000273
vn -0.003022 0.999995 -0.000925
vn -0.000144 1.000000 -0.000044
vn -0.003983 0.999992 -0.000775
vn -0.000685 1.000000 -0.000133
vn -0.003149 0.999995 -0.000276
vn -0.000151 1.000000 -0.000013
vn -0.004059 0.999992 0.000070
vn -0.000698 1.000000 0.000012
vn -0.003137 0.999995 0.000385
vn -0.000150 1.000000 0.000018
vn -0.003954 0.999992 0.000913
vn -0.000679 1.000000 0.000157
vn -0.002985 0.999995 0.001029
vn -0.000142 1.000000 0.000049
vn -0.003679 0.999992 0.001715
vn -0.000632 1.000000 0.000295
vn -0.002710 0.999995 0.001627
vn -0.000127 1.000000 0.000078
vn -0.003241 0.999992 0.002442
vn -0.000555 1.000000 0.000420
vn -0.002309 0.999995 0.002155
vn -0.000108 1.000000 0.000104
vn -0.002662 0.999992 0.003063
vn -0.000457 1.000000 0.000527
vn -0.001814 0.999995 0.002588
vn -0.000087 1.000000 0.000124
vn -0.001968 0.999992 0.003550
vn -0.000339 1.000000 0.000610
vn -0.001235 0.999995 0.002909
vn -0.000059 1.000000 0.000139
vn -0.001189 0.999992 0.003881
vn -0.000204 1.000000 0.000667
vn -0.000603 0.999995 0.003102
vn -0.000029 1.000000 0.000148
vn -0.000352 0.999992 0.004044
vn -0.000059 1.000000 0.000696
vn 0.000056 0.999995 0.003160
vn 0.000003 1.000000 0.000151
vn 0.000497 0.999992 0.004030
vn 0.000086 1.000000 0.000693
vn 0.000712 0.999995 0.003080
vn 0.000037 1.000000 0.000148
vn 0.001320 0.999992 0.003838
vn 0.000228 1.000000 0.000660
vn 0.001337 0.999995 0.002865
vn 0.000064 1.000000 0.000137
vn 0.002090 0.999992 0.003480
vn 0.000357 1.000000 0.000598
vn 0.001900 0.999995 0.002524
vn 0.000088 1.000000 0.000120
vn 0.002766 0.999992 0.002969
vn 0.000475 1.000000 0.000510
vn 0.002384 0.999995 0.002074
vn 0.000113 1.000000 0.000099
vn 0.003326 0.999992 0.002329
vn 0.000571 1.000000 0.000400
vn 0.002764 0.999995 0.001533
vn 0.000131 1.000000 0.000073
vn 0.003737 0.999992 0.001587
vn 0.000644 1.000000 0.000273
vn 0.003024 0.999995 0.000925
vn 0.000145 1.000000 0.000044
vn 0.003984 0.999992 0.000775
vn 0.000685 1.000000 0.000133
vn 0.003149 0.999995 0.000276
vn 0.000149 1.000000 0.000013
vn 0.004060 0.999992 -0.000070
vn 0.000698 1.000000 -0.000012
vn 0.003137 0.999995 -0.000384
vn 0.000150 1.000000 -0.000018
vn 0.003956 0.999992 -0.000912
vn 0.000681 1.000000 -0.000157
vn 0.002989 0.999995 -0.001028
vn 0.000144 1.000000 -0.000049
vn 0.003678 0.999992 -0.001715
vn 0.000633 1.000000 -0.000295
vn 0.002710 0.999995 -0.001627
vn 0.000130 1.000000 -0.000078
vn 0.003244 0.999992 -0.002442
vn 0.000560 1.000000 -0.000419
vn 0.002314 0.999995 -0.002155
vn 0.000108 1.000000 -0.000104
vn 0.002663 0.999992 -0.003063
vn 0.000456 1.000000 -0.000527
vn 0.001813 0.999995 -0.002588
vn 0.000087 1.000000 -0.000124
vn 0.001971 0.999992 -0.003550
vn 0.000342 1.000000 -0.000610
vn 0.001236 0.999995 -0.002909
vn 0.000065 1.000000 -0.000138
vn 0.001186 0.999992 -0.003882
vn 0.000205 1.000000 -0.000667
vn 0.000602 0.999995 -0.003102
vn 0.000029 1.000000 -0.000148
vn 0.000354 0.999992 -0.004044
vn 0.000058 1.000000 -0.000696
vn 0.001614 0.995699 0.092636
vn 0.011302 0.995699 0.091954
vn 0.001347 0.999938 0.011083
vn 0.000194 0.999938 0.011169
vn 0.020840 0.995699 0.090279
vn 0.002487 0.999938 0.010880
vn -0.000006 1.000000 -0.000001
vn -0.000013 1.000000 -0.000003
vn -0.000008 1.000000 -0.000002
vn 0.030132 0.995701 0.087593
vn 0.003611 0.999938 0.010556
vn 0.039110 0.995701 0.083969
vn 0.004702 0.999938 0.010122
vn 0.000004 1.000000 0.000001
vn 0.000001 1.000000 0.000000
vn 0.047673 0.995701 0.079409
vn 0.005786 0.999937 0.009581
vn 0.055693 0.995702 0.073993
vn 0.006742 0.999937 0.008927
vn 0.000007 1.000000 0.000001
vn 0.000012 1.000000 0.000002
vn 0.063164 0.995700 0.067763
vn 0.007593 0.999938 0.008165
vn 0.069952 0.995695 0.060805
vn 0.008448 0.999937 0.007334
vn 0.000014 1.000000 0.000003
vn 0.000007 1.000000 0.000001
vn 0.075809 0.995706 0.053138
vn 0.009172 0.999937 0.006413
vn 0.080938 0.995707 0.044918
vn 0.009773 0.999938 0.005419
vn 0.000025 1.000000 0.000005
vn 0.000017 1.000000 0.000003
vn 0.085227 0.995703 0.036207
vn 0.010283 0.999938 0.004367
vn 0.088576 0.995701 0.027103
vn 0.010701 0.999937 0.003272
vn -0.000013 1.000000 -0.000003
vn 0.000008 1.000000 0.000002
vn 0.090837 0.995709 0.017677
vn 0.011001 0.999937 0.002141
vn 0.092231 0.995705 0.008082
vn 0.011178 0.999937 0.000986
vn 0.000016 1.000000 0.000003
vn 0.000008 1.000000 0.000002
vn 0.092648 0.995698 -0.001592
vn 0.011186 0.999937 -0.000189
vn 0.091990 0.995696 -0.011265
vn 0.011088 0.999938 -0.001359
vn -0.000012 1.000000 -0.000002
vn -0.000007 1.000000 -0.000001
vn 0.090245 0.995702 -0.020823
vn 0.010895 0.999938 -0.002507
vn 0.087527 0.995706 -0.030160
vn 0.010547 0.999938 -0.003638
vn -0.000022 1.000000 -0.000004
vn -0.000016 1.000000 -0.000003
vn 0.083984 0.995699 -0.039129
vn 0.010129 0.999938 -0.004716
vn 0.079400 0.995701 -0.047705
vn 0.009600 0.999937 -0.005747
vn 0.000004 1.000000 0.000001
vn -0.000012 1.000000 -0.000002
vn 0.073938 0.995704 -0.055746
vn 0.008904 0.999938 -0.006722
vn 0.067766 0.995699 -0.063172
vn 0.008159 0.999938 -0.007619
vn -0.000004 1.000000 -0.000001
vn 0.000001 1.000000 0.000000
vn 0.060771 0.995701 -0.069903
vn 0.007327 0.999938 -0.008428
vn 0.053147 0.995700 -0.075880
vn 0.006409 0.999938 -0.009149
vn 0.000006 1.000000 0.000001
vn 0.000006 1.000000 0.000001
vn 0.044926 0.995700 -0.081011
vn 0.005414 0.999938 -0.009767
vn 0.036219 0.995699 -0.085275
vn 0.004365 0.999938 -0.010282
vn 0.000001 1.000000 0.000000
vn 0.000002 1.000000 0.000000
vn 0.027100 0.995700 -0.088585
vn 0.003270 0.999938 -0.010679
vn 0.017699 0.995699 -0.090943
vn 0.002135 0.999938 -0.010965
vn 0.000002 1.000000 0.000000
vn 0.000001 1.000000 0.000000
vn 0.008093 0.995700 -0.092281
vn 0.000974 0.999938 -0.011126
vn -0.001613 0.995699 -0.092635
vn -0.000186 0.999938 -0.011168
vn 0.000002 1.000000 0.000000
vn -0.000002 1.000000 -0.000000
vn -0.011313 0.995699 -0.091956
vn -0.001362 0.999938 -0.011086
vn -0.020841 0.995698 -0.090282
vn -0.002532 0.999938 -0.010889
vn 0.000001 1.000000 0.000000
vn 0.000011 1.000000 0.000002
vn -0.030124 0.995701 -0.087593
vn -0.003638 0.999938 -0.010561
vn -0.039143 0.995699 -0.083976
vn -0.004706 0.999938 -0.010123
vn 0.000009 1.000000 0.000002
vn -0.000008 1.000000 -0.000002
vn -0.047660 0.995702 -0.079408
vn -0.005737 0.999938 -0.009572
vn -0.055684 0.995703 -0.073993
vn -0.006698 0.999938 -0.008918
vn 0.000009 1.000000 0.000002
vn 0.000008 1.000000 0.000001
vn -0.063140 0.995702 -0.067759
vn -0.007569 0.999938 -0.008160
vn -0.069930 0.995697 -0.060801
vn -0.008407 0.999938 -0.007326
vn 0.000011 1.000000 0.000002
vn 0.000010 1.000000 0.000002
vn -0.075898 0.995698 -0.053155
vn -0.009133 0.999938 -0.006405
vn -0.080999 0.995701 -0.044929
vn -0.009750 0.999938 -0.005414
vn 0.000009 1.000000 0.000002
vn 0.000017 1.000000 0.000003
vn -0.085351 0.995692 -0.036231
vn -0.010295 0.999937 -0.004369
vn -0.088629 0.995696 -0.027113
vn -0.010737 0.999937 -0.003279
vn -0.000032 1.000000 -0.000006
vn -0.000002 1.000000 -0.000000
vn -0.090828 0.995710 -0.017675
vn -0.011006 0.999937 -0.002142
vn -0.092277 0.995700 -0.008091
vn -0.011124 0.999938 -0.000975
vn -0.000016 1.000000 -0.000003
vn -0.000045 1.000000 -0.000009
vn -0.092641 0.995698 0.001593
vn -0.011168 0.999938 0.000192
vn -0.091904 0.995704 0.011282
vn -0.011098 0.999938 0.001357
vn -0.000005 1.000000 -0.000001
vn 0.000010 1.000000 0.000002
vn -0.090137 0.995711 0.020845
vn -0.010888 0.999938 0.002509
vn -0.087570 0.995702 0.030152
vn -0.010598 0.999937 0.003628
vn -0.000014 1.000000 -0.000003
vn -0.000020 1.000000 -0.000004
vn -0.084047 0.995694 0.039116
vn -0.010158 0.999937 0.004711
vn -0.079436 0.995698 0.047698
vn -0.009577 0.999938 0.005751
vn -0.000001 1.000000 -0.000000
vn 0.000004 1.000000 0.000001
vn -0.073961 0.995702 0.055741
vn -0.008910 0.999938 0.006721
vn -0.067752 0.995700 0.063174
vn -0.008159 0.999938 0.007619
vn -0.000013 1.000000 -0.000002
vn -0.000009 1.000000 -0.000002
vn -0.060801 0.995700 0.069897
vn -0.007328 0.999938 0.008427
vn -0.053164 0.995699 0.075877
vn -0.006404 0.999938 0.009150
vn -0.000002 1.000000 -0.000000
vn -0.000009 1.000000 -0.000002
vn -0.044931 0.995700 0.081011
vn -0.005413 0.999938 0.009767
vn -0.036236 0.995699 0.085272
vn -0.004370 0.999938 0.010281
vn 0.000000 1.000000 0.000000
vn -0.000005 1.000000 -0.000001
vn -0.027099 0.995700 0.088584
vn -0.003267 0.999938 0.010679
vn -0.017698 0.995699 0.090941
vn -0.002132 0.999938 0.010965
vn 0.000003 1.000000 0.000001
vn 0.000000 1.000000 0.000000
vn -0.008094 0.995700 0.092282
vn -0.000974 0.999938 0.011126
vn 0.000001 1.000000 0.000000
vn -0.014558 0.536307 -0.843897
vn -0.102697 0.536275 -0.837772
vn -0.121108 0.097291 -0.987860
vn -0.017158 0.097297 -0.995107
vn -0.189683 0.536318 -0.822425
vn -0.223695 0.097292 -0.969791
vn -0.224734 -0.000000 -0.974420
vn -0.121648 -0.000009 -0.992573
vn -0.017230 -0.000009 -0.999852
vn -0.274592 0.536279 -0.798126
vn -0.323826 0.097299 -0.941100
vn -0.356525 0.536314 -0.765021
vn -0.420399 0.097303 -0.902107
vn -0.422428 -0.000001 -0.906396
vn -0.325371 -0.000000 -0.945587
vn -0.434559 0.536255 -0.723594
vn -0.512426 0.097297 -0.853201
vn -0.507736 0.536335 -0.674202
vn -0.598788 0.097300 -0.794976
vn -0.601658 0.000011 -0.798754
vn -0.514897 0.000005 -0.857252
vn -0.575446 0.536307 -0.617444
vn -0.678575 0.097308 -0.728057
vn -0.636877 0.536301 -0.553868
vn -0.750978 0.097312 -0.653117
vn -0.754598 0.000004 -0.656188
vn -0.681842 0.000009 -0.731500
vn -0.691303 0.536264 -0.484274
vn -0.815155 0.097289 -0.571014
vn -0.738068 0.536357 -0.409361
vn -0.870378 0.097292 -0.482676
vn -0.874507 0.000004 -0.485012
vn -0.819032 -0.000000 -0.573747
vn -0.776870 0.536275 -0.329971
vn -0.916056 0.097299 -0.389068
vn -0.807098 0.536292 -0.246947
vn -0.951704 0.097302 -0.291191
vn -0.956244 0.000007 -0.292571
vn -0.920423 0.000008 -0.390924
vn -0.828479 0.536311 -0.161223
vn -0.976929 0.097300 -0.190112
vn -0.840813 0.536279 -0.073747
vn -0.991449 0.097306 -0.086954
vn -0.996176 0.000003 -0.087369
vn -0.981586 0.000007 -0.191019
vn -0.843991 0.536161 0.014503
vn -0.995108 0.097298 0.017142
vn -0.837826 0.536205 0.102624
vn -0.987864 0.097302 0.121065
vn -0.992572 0.000005 0.121660
vn -0.999851 -0.000000 0.017239
vn -0.822505 0.536208 0.189648
vn -0.969792 0.097305 0.223686
vn -0.798115 0.536291 0.274599
vn -0.941101 0.097308 0.323820
vn -0.945590 -0.000009 0.325361
vn -0.974413 0.000004 0.224767
vn -0.765055 0.536260 0.356534
vn -0.902098 0.097306 0.420417
vn -0.723555 0.536313 0.434554
vn -0.853197 0.097305 0.512432
vn -0.857312 -0.000015 0.514797
vn -0.906417 -0.000014 0.422383
vn -0.674193 0.536263 0.507825
vn -0.794983 0.097295 0.598779
vn -0.617365 0.536330 0.575509
vn -0.728046 0.097298 0.678588
vn -0.731502 -0.000016 0.681839
vn -0.798793 -0.000018 0.601605
vn -0.553872 0.536297 0.636876
vn -0.653128 0.097299 0.750970
vn -0.484292 0.536331 0.691238
vn -0.571032 0.097303 0.815141
vn -0.573733 -0.000000 0.819043
vn -0.656223 -0.000008 0.754567
vn -0.409386 0.536272 0.738116
vn -0.482700 0.097310 0.870363
vn -0.329944 0.536306 0.776861
vn -0.389079 0.097316 0.916050
vn -0.390932 0.000000 0.920419
vn -0.484976 -0.000000 0.874527
vn -0.246943 0.536267 0.807117
vn -0.291186 0.097285 0.951707
vn -0.161220 0.536321 0.828473
vn -0.190111 0.097283 0.976931
vn -0.191019 -0.000000 0.981586
vn -0.292577 -0.000000 0.956242
vn -0.073727 0.536275 0.840817
vn -0.086955 0.097290 0.991450
vn 0.014568 0.536316 0.843892
vn 0.017166 0.097297 0.995107
vn 0.017234 -0.000000 0.999851
vn -0.087378 -0.000000 0.996175
vn 0.102697 0.536278 0.837771
vn 0.121094 0.097299 0.987861
vn 0.189687 0.536317 0.822425
vn 0.223679 0.097293 0.969795
vn 0.224752 0.000005 0.974416
vn 0.121670 -0.000000 0.992571
vn 0.274617 0.536278 0.798117
vn 0.323826 0.097300 0.941100
vn 0.356513 0.536324 0.765020
vn 0.420416 0.097319 0.902097
vn 0.422429 -0.000016 0.906396
vn 0.325371 -0.000004 0.945586
vn 0.434546 0.536261 0.723598
vn 0.512422 0.097303 0.853203
vn 0.507809 0.536299 0.674176
vn 0.598788 0.097295 0.794976
vn 0.601656 -0.000001 0.798755
vn 0.514850 -0.000007 0.857280
vn 0.575502 0.536274 0.617421
vn 0.678588 0.097296 0.728046
vn 0.636860 0.536315 0.553873
vn 0.750980 0.097306 0.653116
vn 0.754573 0.000003 0.656217
vn 0.681876 0.000000 0.731468
vn 0.691313 0.536250 0.484275
vn 0.815148 0.097303 0.571021
vn 0.738087 0.536337 0.409353
vn 0.870358 0.097313 0.482708
vn 0.874511 -0.000002 0.485005
vn 0.819028 0.000002 0.573754
vn 0.776834 0.536333 0.329965
vn 0.916047 0.097318 0.389085
vn 0.807091 0.536306 0.246942
vn 0.951701 0.097320 0.291193
vn 0.956239 0.000000 0.292587
vn 0.920416 -0.000001 0.390941
vn 0.828506 0.536267 0.161231
vn 0.976928 0.097307 0.190115
vn 0.840794 0.536310 0.073741
vn 0.991449 0.097306 0.086956
vn 0.996176 0.000000 0.087365
vn 0.981586 0.000000 0.191019
vn 0.843932 0.536254 -0.014536
vn 0.995107 0.097306 -0.017159
vn 0.837768 0.536288 -0.102663
vn 0.987859 0.097311 -0.121096
vn 0.992572 -0.000004 -0.121660
vn 0.999851 0.000000 -0.017242
vn 0.822504 0.536210 -0.189648
vn 0.969793 0.097304 -0.223680
vn 0.798131 0.536281 -0.274572
vn 0.941106 0.097298 -0.323810
vn 0.945590 -0.000004 -0.325361
vn 0.974413 -0.000007 -0.224766
vn 0.765043 0.536281 -0.356528
vn 0.902091 0.097302 -0.420432
vn 0.723522 0.536339 -0.434575
vn 0.853197 0.097312 -0.512430
vn 0.857274 0.000000 -0.514861
vn 0.906414 0.000005 -0.422391
vn 0.674173 0.536276 -0.507838
vn 0.794983 0.097292 -0.598779
vn 0.617407 0.536301 -0.575490
vn 0.728049 0.097293 -0.678586
vn 0.731507 -0.000008 -0.681834
vn 0.798756 -0.000013 -0.601655
vn 0.553841 0.536278 -0.636919
vn 0.653105 0.097305 -0.750989
vn 0.484197 0.536323 -0.691311
vn 0.570994 0.097309 -0.815167
vn 0.573735 -0.000007 -0.819041
vn 0.656215 0.000003 -0.754574
vn 0.409335 0.536269 -0.738147
vn 0.482677 0.097300 -0.870377
vn 0.329938 0.536307 -0.776863
vn 0.389061 0.097306 -0.916058
vn 0.390924 0.000006 -0.920423
vn 0.484995 -0.000004 -0.874517
vn 0.246954 0.536267 -0.807113
vn 0.291182 0.097295 -0.951707
vn 0.161226 0.536319 -0.828474
vn 0.190112 0.097300 -0.976929
vn 0.191019 0.000000 -0.981586
vn 0.292568 0.000000 -0.956245
vn 0.073744 0.536264 -0.840822
vn 0.086961 0.097298 -0.991449
vn 0.087378 -0.000000 -0.996175
vn 0.065053 -0.940226 -0.334280
vn 0.029755 -0.940225 -0.339252
vn 0.038961 -0.895071 -0.444219
vn 0.085183 -0.895066 -0.437723
vn -0.005869 -0.940227 -0.340498
vn -0.007688 -0.895066 -0.445868
vn 0.133130 -0.940227 -0.313449
vn 0.099637 -0.940225 -0.325653
vn 0.130466 -0.895071 -0.426411
vn 0.174331 -0.895066 -0.410446
vn 0.195393 -0.940226 -0.278920
vn 0.165170 -0.940225 -0.297819
vn 0.216275 -0.895071 -0.389966
vn 0.255856 -0.895066 -0.365233
vn 0.249113 -0.940226 -0.232201
vn 0.223481 -0.940225 -0.256971
vn 0.292624 -0.895071 -0.336480
vn 0.326201 -0.895066 -0.304056
vn 0.291947 -0.940226 -0.175333
vn 0.272020 -0.940225 -0.204893
vn 0.356187 -0.895071 -0.268287
vn 0.382285 -0.895068 -0.229592
vn 0.322017 -0.940228 -0.110804
vn 0.308679 -0.940225 -0.143858
vn 0.404176 -0.895074 -0.188371
vn 0.421664 -0.895068 -0.145093
vn 0.338015 -0.940228 -0.041431
vn 0.331838 -0.940226 -0.076538
vn 0.434515 -0.895071 -0.100218
vn 0.442620 -0.895067 -0.054252
vn 0.339244 -0.940228 0.029753
vn 0.340500 -0.940226 -0.005871
vn 0.445859 -0.895070 -0.007686
vn 0.444237 -0.895062 0.038963
vn 0.325651 -0.940225 0.099637
vn 0.334285 -0.940224 0.065053
vn 0.437717 -0.895069 0.085181
vn 0.426422 -0.895065 0.130470
vn 0.297815 -0.940227 0.165165
vn 0.313456 -0.940224 0.133133
vn 0.410437 -0.895071 0.174324
vn 0.389975 -0.895067 0.216276
vn 0.256969 -0.940226 0.223476
vn 0.278922 -0.940225 0.195393
vn 0.365225 -0.895071 0.255849
vn 0.336487 -0.895066 0.292630
vn 0.204896 -0.940225 0.272020
vn 0.232208 -0.940224 0.249116
vn 0.304046 -0.895073 0.326192
vn 0.268288 -0.895068 0.356195
vn 0.143852 -0.940228 0.308673
vn 0.175334 -0.940225 0.291949
vn 0.229584 -0.895072 0.382280
vn 0.188375 -0.895065 0.404194
vn 0.076537 -0.940226 0.331838
vn 0.110804 -0.940225 0.322024
vn 0.145089 -0.895071 0.421660
vn 0.100221 -0.895066 0.434527
vn 0.005868 -0.940227 0.340498
vn 0.041431 -0.940225 0.338025
vn 0.054250 -0.895071 0.442612
vn 0.007685 -0.895066 0.445867
vn -0.065053 -0.940227 0.334278
vn -0.029757 -0.940225 0.339251
vn -0.038963 -0.895072 0.444217
vn -0.085183 -0.895066 0.437722
vn -0.133130 -0.940227 0.313449
vn -0.099637 -0.940225 0.325652
vn -0.130466 -0.895071 0.426411
vn -0.174331 -0.895066 0.410446
vn -0.195393 -0.940226 0.278920
vn -0.165170 -0.940225 0.297820
vn -0.216274 -0.895071 0.389966
vn -0.255855 -0.895066 0.365233
vn -0.249113 -0.940226 0.232200
vn -0.223481 -0.940225 0.256971
vn -0.292628 -0.895070 0.336479
vn -0.326205 -0.895065 0.304055
vn -0.291947 -0.940226 0.175333
vn -0.272024 -0.940224 0.204892
vn -0.356187 -0.895071 0.268288
vn -0.382285 -0.895067 0.229592
vn -0.322017 -0.940228 0.110804
vn -0.308675 -0.940226 0.143859
vn -0.404177 -0.895074 0.188371
vn -0.421661 -0.895070 0.145094
vn -0.338022 -0.940226 0.041430
vn -0.331843 -0.940225 0.076537
vn -0.434514 -0.895072 0.100218
vn -0.442620 -0.895066 0.054251
vn -0.339245 -0.940227 -0.029753
vn -0.340502 -0.940226 0.005871
vn -0.445856 -0.895071 0.007688
vn -0.444226 -0.895067 -0.038960
vn -0.325649 -0.940226 -0.099637
vn -0.334283 -0.940225 -0.065052
vn -0.437713 -0.895071 -0.085180
vn -0.426426 -0.895063 -0.130471
vn -0.297814 -0.940227 -0.165165
vn -0.313453 -0.940225 -0.133132
vn -0.410436 -0.895072 -0.174324
vn -0.389975 -0.895066 -0.216276
vn -0.256970 -0.940226 -0.223476
vn -0.278925 -0.940225 -0.195393
vn -0.365226 -0.895071 -0.255849
vn -0.336483 -0.895068 -0.292631
vn -0.204896 -0.940225 -0.272020
vn -0.232209 -0.940224 -0.249116
vn -0.304046 -0.895072 -0.326193
vn -0.268296 -0.895065 -0.356197
vn -0.143853 -0.940227 -0.308673
vn -0.175335 -0.940225 -0.291949
vn -0.229590 -0.895070 -0.382281
vn -0.188377 -0.895065 -0.404194
vn -0.076537 -0.940226 -0.331838
vn -0.110804 -0.940225 -0.322024
vn -0.145089 -0.895071 -0.421660
vn -0.100220 -0.895066 -0.434526
vn -0.041431 -0.940225 -0.338024
vn -0.054250 -0.895071 -0.442611
vn 0.139927 -0.680731 -0.719045
vn 0.063974 -0.680756 -0.729711
vn 0.015903 0.983269 -0.181465
vn 0.034798 0.983265 -0.178826
vn -0.012615 -0.680783 -0.732376
vn -0.003148 0.983265 -0.182156
vn -0.001900 0.993873 -0.110512
vn 0.009657 0.993873 -0.110109
vn 0.021113 0.993873 -0.108496
vn 0.286347 -0.680761 -0.674219
vn 0.214307 -0.680733 -0.700482
vn 0.053290 0.983269 -0.174192
vn 0.071237 0.983265 -0.167674
vn 0.032338 0.993872 -0.105696
vn 0.043213 0.993873 -0.101734
vn 0.420281 -0.680757 -0.599944
vn 0.355283 -0.680760 -0.640578
vn 0.088357 0.983269 -0.159298
vn 0.104532 0.983265 -0.149206
vn 0.053620 0.993872 -0.096660
vn 0.063427 0.993872 -0.090527
vn 0.535852 -0.680722 -0.499481
vn 0.480685 -0.680751 -0.552739
vn 0.119566 0.983266 -0.137445
vn 0.133294 0.983262 -0.124211
vn 0.072536 0.993872 -0.083405
vn 0.080857 0.993872 -0.075365
vn 0.627957 -0.680762 -0.377138
vn 0.585094 -0.680755 -0.440724
vn 0.145456 0.983275 -0.109607
vn 0.156044 0.983284 -0.093823
vn 0.088274 0.993874 -0.066505
vn 0.094731 0.993875 -0.056913
vn 0.692685 -0.680736 -0.238295
vn 0.664042 -0.680682 -0.309388
vn 0.165066 0.983275 -0.076959
vn 0.172273 0.983264 -0.059273
vn 0.100165 0.993874 -0.046697
vn 0.104530 0.993871 -0.035961
vn 0.727047 -0.680779 -0.089117
vn 0.713800 -0.680740 -0.164567
vn 0.177485 0.983272 -0.040940
vn 0.180825 0.983266 -0.022164
vn 0.107708 0.993872 -0.024841
vn 0.109695 0.993874 -0.013450
vn 0.729655 -0.680817 0.063968
vn 0.732314 -0.680849 -0.012685
vn 0.182135 0.983268 -0.003142
vn 0.181425 0.983276 0.015904
vn 0.110540 0.993870 -0.001901
vn 0.110127 0.993871 0.009661
vn 0.700494 -0.680716 0.214323
vn 0.719037 -0.680739 0.139927
vn 0.178811 0.983268 0.034798
vn 0.174197 0.983267 0.053298
vn 0.108513 0.993871 0.021117
vn 0.105687 0.993874 0.032337
vn 0.640752 -0.680607 0.355262
vn 0.674329 -0.680652 0.286345
vn 0.167674 0.983267 0.071210
vn 0.159385 0.983254 0.088369
vn 0.101723 0.993874 0.043208
vn 0.096647 0.993874 0.053605
vn 0.552627 -0.680829 0.480703
vn 0.599853 -0.680823 0.420306
vn 0.149150 0.983276 0.104509
vn 0.137436 0.983270 0.119545
vn 0.090497 0.993876 0.063412
vn 0.083371 0.993876 0.072527
vn 0.440560 -0.680804 0.585161
vn 0.499332 -0.680804 0.535885
vn 0.124178 0.983272 0.133251
vn 0.109534 0.983275 0.145506
vn 0.075366 0.993872 0.080855
vn 0.066524 0.993871 0.088293
vn 0.309506 -0.680684 0.663985
vn 0.377186 -0.680693 0.628003
vn 0.093790 0.983268 0.156164
vn 0.076987 0.983262 0.165135
vn 0.056908 0.993872 0.094758
vn 0.046683 0.993873 0.100184
vn 0.164646 -0.680701 0.713819
vn 0.238356 -0.680713 0.692687
vn 0.059266 0.983269 0.172251
vn 0.040914 0.983267 0.177513
vn 0.035964 0.993872 0.104519
vn 0.024847 0.993872 0.107705
vn 0.012619 -0.680729 0.732426
vn 0.089098 -0.680732 0.727094
vn 0.022110 0.983271 0.180800
vn 0.003132 0.983266 0.182151
vn 0.013453 0.993872 0.109713
vn 0.001907 0.993873 0.110514
vn -0.139940 -0.680729 0.719044
vn -0.063975 -0.680715 0.729750
vn -0.015913 0.983268 0.181466
vn -0.034802 0.983265 0.178827
vn -0.009660 0.993873 0.110109
vn -0.021114 0.993873 0.108495
vn -0.286421 -0.680726 0.674222
vn -0.214369 -0.680729 0.700467
vn -0.053303 0.983269 0.174188
vn -0.071219 0.983266 0.167677
vn -0.032339 0.993872 0.105695
vn -0.043214 0.993873 0.101734
vn -0.420355 -0.680753 0.599898
vn -0.355383 -0.680727 0.640557
vn -0.088328 0.983270 0.159307
vn -0.104541 0.983264 0.149207
vn -0.053606 0.993872 0.096664
vn -0.063414 0.993873 0.090529
vn -0.535840 -0.680737 0.499472
vn -0.480670 -0.680772 0.552726
vn -0.119566 0.983266 0.137444
vn -0.133296 0.983262 0.124213
vn -0.072538 0.993872 0.083403
vn -0.080858 0.993872 0.075364
vn -0.627963 -0.680752 0.377147
vn -0.585105 -0.680741 0.440732
vn -0.145461 0.983274 0.109606
vn -0.156043 0.983284 0.093821
vn -0.088275 0.993873 0.066505
vn -0.094732 0.993875 0.056912
vn -0.692788 -0.680640 0.238272
vn -0.664051 -0.680671 0.309391
vn -0.165064 0.983276 0.076960
vn -0.172312 0.983258 0.059267
vn -0.100166 0.993874 0.046696
vn -0.104530 0.993871 0.035960
vn -0.727170 -0.680654 0.089066
vn -0.713855 -0.680679 0.164581
vn -0.177487 0.983271 0.040941
vn -0.180791 0.983272 0.022170
vn -0.107720 0.993871 0.024838
vn -0.109687 0.993875 0.013451
vn -0.729617 -0.680857 -0.063969
vn -0.732389 -0.680769 0.012633
vn -0.182097 0.983275 0.003147
vn -0.181482 0.983265 -0.015918
vn -0.110496 0.993875 0.001909
vn -0.110089 0.993875 -0.009653
vn -0.700581 -0.680625 -0.214327
vn -0.719014 -0.680765 -0.139920
vn -0.178897 0.983252 -0.034813
vn -0.174274 0.983253 -0.053313
vn -0.108502 0.993872 -0.021115
vn -0.105692 0.993873 -0.032338
vn -0.640546 -0.680786 -0.355290
vn -0.674281 -0.680694 -0.286357
vn -0.167732 0.983256 -0.071222
vn -0.159418 0.983248 -0.088375
vn -0.101726 0.993874 -0.043208
vn -0.096686 0.993870 -0.053612
vn -0.552642 -0.680810 -0.480713
vn -0.599869 -0.680803 -0.420315
vn -0.149144 0.983277 -0.104507
vn -0.137357 0.983283 -0.119528
vn -0.090535 0.993872 -0.063420
vn -0.083371 0.993876 -0.072527
vn -0.440560 -0.680816 -0.585146
vn -0.499339 -0.680799 -0.535886
vn -0.124173 0.983273 -0.133246
vn -0.109531 0.983276 -0.145504
vn -0.075365 0.993873 -0.080855
vn -0.066523 0.993871 -0.088293
vn -0.309499 -0.680712 -0.663959
vn -0.377165 -0.680735 -0.627970
vn -0.093785 0.983270 -0.156159
vn -0.076986 0.983262 -0.165131
vn -0.056908 0.993872 -0.094757
vn -0.046684 0.993873 -0.100184
vn -0.164643 -0.680725 -0.713797
vn -0.238354 -0.680723 -0.692678
vn -0.059268 0.983268 -0.172252
vn -0.040918 0.983267 -0.177518
vn -0.035966 0.993872 -0.104519
vn -0.024848 0.993872 -0.107706
vn -0.089111 -0.680757 -0.727068
vn -0.022126 0.983270 -0.180806
vn -0.013446 0.993873 -0.109711
vn -0.090892 0.976585 -0.194988
vn -0.110790 0.976579 -0.184445
vn -0.229979 -0.894685 -0.382947
vn -0.188679 -0.894694 -0.404873
vn -0.129459 0.976582 -0.171838
vn -0.268784 -0.894675 -0.356807
vn -0.204886 -0.940226 -0.272023
vn -0.175336 -0.940223 -0.291955
vn -0.143854 -0.940225 -0.308679
vn -0.048344 0.976587 -0.209622
vn -0.070016 0.976581 -0.203441
vn -0.145355 -0.894684 -0.422389
vn -0.100405 -0.894688 -0.435261
vn -0.110802 -0.940224 -0.322029
vn -0.076537 -0.940224 -0.331844
vn -0.003711 0.976587 -0.215092
vn -0.026162 0.976582 -0.213549
vn -0.054353 -0.894685 -0.443379
vn -0.007704 -0.894687 -0.446627
vn -0.041434 -0.940222 -0.338032
vn -0.005870 -0.940224 -0.340505
vn 0.041089 0.976588 -0.211157
vn 0.018794 0.976582 -0.214322
vn 0.039030 -0.894683 -0.444993
vn 0.085325 -0.894691 -0.438461
vn 0.029757 -0.940223 -0.339257
vn 0.065052 -0.940225 -0.334284
vn 0.084097 0.976587 -0.198003
vn 0.062942 0.976583 -0.205729
vn 0.130690 -0.894687 -0.427147
vn 0.174619 -0.894692 -0.411139
vn 0.099638 -0.940223 -0.325657
vn 0.133134 -0.940225 -0.313453
vn 0.123440 0.976586 -0.176188
vn 0.104344 0.976582 -0.188148
vn 0.216648 -0.894687 -0.390639
vn 0.256292 -0.894689 -0.365850
vn 0.165173 -0.940223 -0.297825
vn 0.195391 -0.940225 -0.278926
vn 0.157351 0.976589 -0.146681
vn 0.141198 0.976580 -0.162338
vn 0.293129 -0.894686 -0.337064
vn 0.326725 -0.894697 -0.304577
vn 0.223476 -0.940224 -0.256978
vn 0.249109 -0.940226 -0.232207
vn 0.184414 0.976588 -0.110760
vn 0.171838 0.976584 -0.129443
vn 0.356800 -0.894687 -0.268753
vn 0.382977 -0.894674 -0.229970
vn 0.272020 -0.940224 -0.204898
vn 0.291947 -0.940225 -0.175338
vn 0.203362 0.976598 -0.070006
vn 0.194963 0.976590 -0.090896
vn 0.404908 -0.894675 -0.188694
vn 0.422386 -0.894689 -0.145336
vn 0.308690 -0.940221 -0.143859
vn 0.322041 -0.940219 -0.110801
vn 0.213528 0.976586 -0.026171
vn 0.209667 0.976577 -0.048347
vn 0.435274 -0.894683 -0.100389
vn 0.443360 -0.894695 -0.054346
vn 0.331859 -0.940219 -0.076536
vn 0.338024 -0.940225 -0.041431
vn 0.214326 0.976581 0.018800
vn 0.215098 0.976585 -0.003712
vn 0.446628 -0.894687 -0.007700
vn 0.445011 -0.894674 0.039033
vn 0.340511 -0.940222 -0.005871
vn 0.339259 -0.940222 0.029755
vn 0.205718 0.976585 0.062941
vn 0.211183 0.976582 0.041096
vn 0.438461 -0.894691 0.085326
vn 0.427126 -0.894698 0.130687
vn 0.334288 -0.940223 0.065053
vn 0.325657 -0.940223 0.099639
vn 0.188123 0.976588 0.104333
vn 0.198025 0.976582 0.084106
vn 0.411172 -0.894675 0.174627
vn 0.390668 -0.894675 0.216645
vn 0.313464 -0.940221 0.133135
vn 0.297824 -0.940223 0.165169
vn 0.162278 0.976596 0.141157
vn 0.176197 0.976585 0.123438
vn 0.365861 -0.894684 0.256292
vn 0.337039 -0.894699 0.293118
vn 0.278926 -0.940224 0.195397
vn 0.256970 -0.940225 0.223479
vn 0.129456 0.976582 0.171838
vn 0.146701 0.976581 0.157378
vn 0.304602 -0.894678 0.326755
vn 0.268770 -0.894680 0.356804
vn 0.232204 -0.940224 0.249119
vn 0.204883 -0.940227 0.272022
vn 0.090875 0.976587 0.194984
vn 0.110772 0.976581 0.184441
vn 0.229965 -0.894690 0.382944
vn 0.188680 -0.894695 0.404872
vn 0.175336 -0.940223 0.291954
vn 0.143858 -0.940224 0.308679
vn 0.048343 0.976587 0.209620
vn 0.070014 0.976581 0.203440
vn 0.145353 -0.894684 0.422389
vn 0.100404 -0.894686 0.435264
vn 0.110803 -0.940223 0.322029
vn 0.076538 -0.940224 0.331844
vn 0.003706 0.976587 0.215090
vn 0.026163 0.976583 0.213547
vn 0.054350 -0.894685 0.443379
vn 0.007695 -0.894693 0.446616
vn 0.041433 -0.940222 0.338031
vn 0.005870 -0.940225 0.340504
vn -0.041091 0.976587 0.211164
vn -0.018799 0.976582 0.214325
vn -0.039030 -0.894687 0.444986
vn -0.085328 -0.894690 0.438462
vn -0.029755 -0.940223 0.339258
vn -0.065054 -0.940224 0.334286
vn -0.084099 0.976586 0.198006
vn -0.062949 0.976581 0.205734
vn -0.130687 -0.894687 0.427149
vn -0.174612 -0.894693 0.411139
vn -0.099638 -0.940222 0.325659
vn -0.133133 -0.940224 0.313455
vn -0.123441 0.976586 0.176188
vn -0.104343 0.976582 0.188149
vn -0.216648 -0.894688 0.390638
vn -0.256293 -0.894690 0.365847
vn -0.165173 -0.940222 0.297825
vn -0.195391 -0.940225 0.278926
vn -0.157369 0.976586 0.146679
vn -0.141200 0.976580 0.162340
vn -0.293133 -0.894686 0.337062
vn -0.326756 -0.894688 0.304570
vn -0.223476 -0.940224 0.256978
vn -0.249113 -0.940225 0.232206
vn -0.184447 0.976582 0.110753
vn -0.171889 0.976576 0.129434
vn -0.356825 -0.894680 0.268746
vn -0.382973 -0.894676 0.229970
vn -0.272031 -0.940222 0.204895
vn -0.291955 -0.940223 0.175336
vn -0.203379 0.976594 0.070002
vn -0.194963 0.976590 0.090895
vn -0.404906 -0.894677 0.188693
vn -0.422372 -0.894695 0.145339
vn -0.308691 -0.940220 0.143859
vn -0.322038 -0.940221 0.110802
vn -0.213499 0.976592 0.026178
vn -0.209652 0.976580 0.048351
vn -0.435264 -0.894688 0.100393
vn -0.443348 -0.894700 0.054351
vn -0.331852 -0.940221 0.076537
vn -0.338023 -0.940225 0.041431
vn -0.214287 0.976590 -0.018792
vn -0.215073 0.976591 0.003718
vn -0.446584 -0.894708 0.007714
vn -0.444960 -0.894700 -0.039021
vn -0.340515 -0.940221 0.005870
vn -0.339264 -0.940220 -0.029756
vn -0.205709 0.976587 -0.062940
vn -0.211168 0.976586 -0.041094
vn -0.438464 -0.894689 -0.085326
vn -0.427126 -0.894698 -0.130688
vn -0.334292 -0.940222 -0.065054
vn -0.325655 -0.940224 -0.099639
vn -0.188137 0.976585 -0.104334
vn -0.198037 0.976579 -0.084108
vn -0.411136 -0.894692 -0.174624
vn -0.390617 -0.894699 -0.216638
vn -0.313469 -0.940219 -0.133136
vn -0.297832 -0.940221 -0.165170
vn -0.162345 0.976584 -0.141168
vn -0.176260 0.976572 -0.123447
vn -0.365821 -0.894702 -0.256286
vn -0.337041 -0.894698 -0.293120
vn -0.278927 -0.940223 -0.195397
vn -0.256971 -0.940225 -0.223479
vn -0.146702 0.976581 -0.157378
vn -0.304604 -0.894676 -0.326759
vn -0.232204 -0.940224 -0.249119
vn -0.292577 0.000003 0.956242
vn -0.390925 0.000000 0.920423
vn -0.191019 0.000003 0.981586
vn -0.191019 -0.000000 0.981586
vn -0.292577 0.000000 0.956242
vn -0.390929 0.000000 0.920421
vn -0.484992 0.000001 0.874518
vn -0.573754 0.000002 0.819028
vn -0.484998 -0.000000 0.874515
vn -0.573752 -0.000001 0.819029
vn -0.656225 0.000002 0.754565
vn -0.731503 -0.000004 0.681839
vn -0.656221 -0.000001 0.754569
vn -0.731501 -0.000002 0.681841
vn -0.798766 -0.000009 0.601642
vn -0.857279 -0.000004 0.514852
vn -0.798762 -0.000002 0.601647
vn -0.857274 -0.000001 0.514861
vn -0.906400 0.000001 0.422420
vn -0.945591 0.000002 0.325357
vn -0.906396 0.000002 0.422429
vn -0.945588 0.000003 0.325367
vn -0.974420 0.000003 0.224736
vn -0.992572 0.000002 0.121656
vn -0.974418 0.000003 0.224743
vn -0.992572 0.000002 0.121658
vn -0.999851 0.000001 0.017238
vn -0.996176 0.000001 -0.087369
vn -0.999851 0.000002 0.017238
vn -0.996176 0.000001 -0.087369
vn -0.981586 0.000002 -0.191019
vn -0.956242 0.000002 -0.292576
vn -0.981586 0.000000 -0.191019
vn -0.956242 0.000001 -0.292577
vn -0.920421 0.000002 -0.390927
vn -0.874515 0.000001 -0.484999
vn -0.920421 0.000001 -0.390929
vn -0.874517 0.000001 -0.484995
vn -0.819027 -0.000000 -0.573755
vn -0.754569 0.000000 -0.656220
vn -0.819030 0.000000 -0.573751
vn -0.754567 -0.000000 -0.656223
vn -0.681845 0.000002 -0.731497
vn -0.601649 0.000003 -0.798761
vn -0.681841 -0.000001 -0.731501
vn -0.601641 -0.000000 -0.798766
vn -0.514863 0.000002 -0.857272
vn -0.422428 0.000000 -0.906396
vn -0.514849 -0.000000 -0.857281
vn -0.422421 0.000000 -0.906400
vn -0.325360 -0.000003 -0.945590
vn -0.224740 -0.000003 -0.974419
vn -0.325364 0.000000 -0.945589
vn -0.224745 0.000000 -0.974418
vn -0.121658 -0.000000 -0.992572
vn -0.017237 -0.000000 -0.999851
vn -0.121659 0.000001 -0.992572
vn -0.017237 0.000001 -0.999851
vn 0.087372 0.000002 -0.996176
vn 0.191020 0.000005 -0.981586
vn 0.087372 -0.000000 -0.996176
vn 0.191021 -0.000000 -0.981586
vn 0.292577 0.000003 -0.956242
vn 0.390930 0.000002 -0.920421
vn 0.292576 -0.000000 -0.956242
vn 0.390928 -0.000001 -0.920421
vn 0.484999 -0.000001 -0.874515
vn 0.573755 -0.000003 -0.819027
vn 0.484998 -0.000001 -0.874515
vn 0.573754 -0.000000 -0.819028
vn 0.656222 -0.000002 -0.754568
vn 0.731500 -0.000007 -0.681841
vn 0.656220 -0.000002 -0.754569
vn 0.731498 -0.000003 -0.681844
vn 0.798768 -0.000004 -0.601640
vn 0.857281 0.000000 -0.514848
vn 0.798765 -0.000001 -0.601643
vn 0.857279 0.000000 -0.514853
vn 0.906400 0.000001 -0.422421
vn 0.945589 0.000002 -0.325365
vn 0.906398 0.000000 -0.422425
vn 0.945587 0.000000 -0.325369
vn 0.974417 0.000001 -0.224746
vn 0.992572 0.000000 -0.121659
vn 0.974418 0.000001 -0.224744
vn 0.992572 0.000000 -0.121657
vn 0.999851 0.000001 -0.017243
vn 0.996176 0.000002 0.087367
vn 0.999851 0.000000 -0.017238
vn 0.996176 0.000000 0.087369
vn 0.981586 0.000000 0.191019
vn 0.956242 -0.000001 0.292576
vn 0.981586 0.000000 0.191019
vn 0.956242 0.000001 0.292576
vn 0.920421 0.000002 0.390928
vn 0.874515 0.000005 0.484999
vn 0.920421 0.000002 0.390928
vn 0.874516 0.000003 0.484997
vn 0.819027 0.000006 0.573755
vn 0.754570 0.000005 0.656219
vn 0.819030 0.000003 0.573751
vn 0.754570 0.000002 0.656220
vn 0.681843 0.000002 0.731498
vn 0.601647 -0.000001 0.798762
vn 0.681839 -0.000001 0.731503
vn 0.601641 -0.000002 0.798766
vn 0.514852 -0.000002 0.857279
vn 0.422423 -0.000002 0.906399
vn 0.514855 -0.000003 0.857277
vn 0.422423 -0.000003 0.906399
vn 0.325375 -0.000001 0.945585
vn 0.224747 0.000000 0.974417
vn 0.325364 -0.000002 0.945589
vn 0.224743 -0.000001 0.974418
vn 0.121654 0.000000 0.992573
vn 0.017235 0.000003 0.999851
vn 0.121656 0.000000 0.992572
vn 0.017237 -0.000000 0.999851
vn -0.087367 0.000003 0.996176
vn -0.087369 -0.000000 0.996176
vn -0.000006 1.000000 -0.000001
vn -0.000003 1.000000 -0.000001
vn 0.011641 0.995412 0.094970
vn 0.001636 0.995415 0.095634
vn -0.000003 1.000000 -0.000001
vn 0.021509 0.995414 0.093208
vn -0.000002 1.000000 -0.000000
vn -0.000005 1.000000 -0.000001
vn -0.008362 0.995412 0.095312
vn -0.018273 0.995415 0.093891
vn -0.000001 1.000000 -0.000000
vn 0.000003 1.000000 0.000001
vn -0.027992 0.995412 0.091496
vn -0.037381 0.995415 0.088045
vn 0.000002 1.000000 0.000000
vn 0.000001 1.000000 0.000000
vn -0.046401 0.995412 0.083677
vn -0.054872 0.995415 0.078345
vn -0.000004 1.000000 -0.000001
vn 0.000005 1.000000 0.000001
vn -0.062771 0.995413 0.072201
vn -0.069967 0.995415 0.065221
vn 0.000028 1.000000 0.000005
vn 0.000006 1.000000 0.000001
vn -0.076412 0.995413 0.057569
vn -0.081957 0.995418 0.049255
vn 0.000005 1.000000 0.000001
vn 0.000008 1.000000 0.000002
vn -0.086749 0.995410 0.040411
vn -0.090492 0.995411 0.031111
vn 0.000013 1.000000 0.000002
vn 0.000021 1.000000 0.000004
vn -0.093241 0.995412 0.021499
vn -0.094966 0.995413 0.011630
vn 0.000004 1.000000 0.000001
vn 0.000008 1.000000 0.000002
vn -0.095678 0.995411 0.001647
vn -0.095291 0.995414 -0.008358
vn 0.000001 1.000000 0.000000
vn 0.000006 1.000000 0.000001
vn -0.093869 0.995417 -0.018267
vn -0.091438 0.995418 -0.027980
vn -0.000005 1.000000 -0.000001
vn -0.000021 1.000000 -0.000004
vn -0.088069 0.995412 -0.037405
vn -0.083583 0.995421 -0.046378
vn -0.000008 1.000000 -0.000002
vn 0.000003 1.000000 0.000000
vn -0.078366 0.995412 -0.054896
vn -0.072196 0.995413 -0.062775
vn -0.000022 1.000000 -0.000004
vn -0.000010 1.000000 -0.000002
vn -0.065208 0.995414 -0.069986
vn -0.057531 0.995416 -0.076400
vn -0.000004 1.000000 -0.000001
vn -0.000019 1.000000 -0.000004
vn -0.049248 0.995413 -0.082022
vn -0.040395 0.995415 -0.086699
vn -0.000001 1.000000 -0.000000
vn 0.000004 1.000000 0.000001
vn -0.031118 0.995413 -0.090473
vn -0.021497 0.995415 -0.093204
vn 0.000000 1.000000 0.000000
vn -0.000006 1.000000 -0.000001
vn -0.011647 0.995412 -0.094969
vn -0.001656 0.995415 -0.095639
vn -0.000001 1.000000 -0.000000
vn 0.000003 1.000000 0.000001
vn 0.008357 0.995412 -0.095316
vn 0.018270 0.995415 -0.093894
vn 0.000002 1.000000 0.000000
vn 0.000000 1.000000 0.000000
vn 0.027995 0.995412 -0.091497
vn 0.037403 0.995414 -0.088041
vn -0.000000 1.000000 -0.000000
vn -0.000002 1.000000 -0.000000
vn 0.046398 0.995412 -0.083678
vn 0.054849 0.995416 -0.078350
vn 0.000005 1.000000 0.000001
vn 0.000004 1.000000 0.000001
vn 0.062769 0.995413 -0.072201
vn 0.069965 0.995415 -0.065220
vn -0.000005 1.000000 -0.000001
vn -0.000001 1.000000 -0.000000
vn 0.076414 0.995413 -0.057568
vn 0.082002 0.995415 -0.049246
vn -0.000007 1.000000 -0.000001
vn -0.000002 1.000000 -0.000000
vn 0.086776 0.995408 -0.040407
vn 0.090477 0.995412 -0.031116
vn -0.000003 1.000000 -0.000001
vn -0.000021 1.000000 -0.000004
vn 0.093244 0.995411 -0.021500
vn 0.094970 0.995412 -0.011631
vn 0.000003 1.000000 0.000001
vn 0.000021 1.000000 0.000004
vn 0.095677 0.995411 -0.001647
vn 0.095251 0.995418 0.008350
vn 0.000033 1.000000 0.000006
vn 0.000014 1.000000 0.000003
vn 0.093924 0.995412 0.018278
vn 0.091492 0.995412 0.027991
vn 0.000008 1.000000 0.000001
vn 0.000015 1.000000 0.000003
vn 0.088040 0.995415 0.037400
vn 0.083651 0.995415 0.046391
vn -0.000018 1.000000 -0.000003
vn -0.000010 1.000000 -0.000002
vn 0.078381 0.995411 0.054899
vn 0.072191 0.995414 0.062771
vn 0.000006 1.000000 0.000001
vn -0.000005 1.000000 -0.000001
vn 0.065234 0.995413 0.069989
vn 0.057548 0.995415 0.076403
vn 0.000002 1.000000 0.000000
vn 0.000008 1.000000 0.000002
vn 0.049261 0.995412 0.082025
vn 0.040392 0.995415 0.086699
vn -0.000000 1.000000 -0.000000
vn 0.031128 0.995412 0.090475
vn 0.000003 1.000000 0.000001
vn -0.000003 1.000000 -0.000001
vn 0.000002 1.000000 0.000000
vn -0.000003 1.000000 -0.000000
vn 0.000000 1.000000 0.000000
vn 0.000001 1.000000 0.000000
vn -0.000001 1.000000 -0.000000
vn 0.000002 1.000000 0.000000
vn 0.000002 1.000000 0.000000
vn -0.000000 1.000000 -0.000000
vn -0.000003 1.000000 -0.000001
vn 0.000001 1.000000 0.000000
vn -0.000003 1.000000 -0.000001
vn 0.000004 1.000000 0.000001
vn 0.000009 1.000000 0.000002
vn -0.000002 1.000000 -0.000000
vn -0.000000 1.000000 -0.000000
vn -0.000012 1.000000 -0.000002
vn -0.000010 1.000000 -0.000002
vn -0.000004 1.000000 -0.000001
vn -0.000004 1.000000 -0.000001
vn 0.000003 1.000000 0.000000
vn 0.000006 1.000000 0.000001
vn 0.000009 1.000000 0.000002
vn 0.000011 1.000000 0.000002
vn 0.000009 1.000000 0.000002
vn -0.000012 1.000000 -0.000002
vn -0.000014 1.000000 -0.000003
vn 0.000002 1.000000 0.000000
vn 0.000004 1.000000 0.000001
vn 0.000001 1.000000 0.000000
vn -0.000005 1.000000 -0.000001
vn -0.000001 1.000000 -0.000000
vn 0.000004 1.000000 0.000001
vn 0.000001 1.000000 0.000000
vn 0.000000 1.000000 0.000000
vn -0.000001 1.000000 -0.000000
vn -0.000004 1.000000 -0.000001
vn -0.000002 1.000000 -0.000000
vn -0.000004 1.000000 -0.000001
vn -0.000007 1.000000 -0.000001
vn -0.000006 1.000000 -0.000001
vn -0.000008 1.000000 -0.000001
vn 0.000001 1.000000 0.000000
vn -0.000004 1.000000 -0.000001
vn -0.000014 1.000000 -0.000003
vn 0.000004 1.000000 0.000001
vn 0.000017 1.000000 0.000003
vn 0.000006 1.000000 0.000001
vn -0.000000 1.000000 -0.000000
vn -0.000004 1.000000 -0.000001
vn -0.000003 1.000000 -0.000000
vn 0.000001 1.000000 0.000000
vn -0.000003 1.000000 -0.000001
vn -0.000008 1.000000 -0.000002
vn 0.000002 1.000000 0.000000
vn 0.000015 1.000000 0.000003
vn 0.000012 1.000000 0.000002
vn 0.000006 1.000000 0.000001
vn -0.000001 1.000000 -0.000000
vn -0.313463 -0.940221 -0.133135
vn -0.297828 -0.940222 -0.165170
vn -0.325650 -0.940226 -0.099638
vn -0.278930 -0.940222 -0.195398
vn -0.256973 -0.940224 -0.223480
vn -0.232209 -0.940222 -0.249120
vn -0.204894 -0.940224 -0.272024
vn -0.175338 -0.940223 -0.291955
vn -0.143855 -0.940225 -0.308679
vn -0.110804 -0.940223 -0.322030
vn -0.076536 -0.940224 -0.331845
vn -0.041430 -0.940223 -0.338031
vn -0.005869 -0.940224 -0.340506
vn 0.029757 -0.940223 -0.339258
vn 0.065054 -0.940224 -0.334286
vn 0.099638 -0.940222 -0.325659
vn 0.133133 -0.940224 -0.313455
vn 0.165172 -0.940223 -0.297825
vn 0.195395 -0.940224 -0.278926
vn 0.223482 -0.940222 -0.256978
vn 0.249113 -0.940225 -0.232207
vn 0.272025 -0.940223 -0.204898
vn 0.291953 -0.940224 -0.175337
vn 0.308689 -0.940221 -0.143860
vn 0.322029 -0.940223 -0.110805
vn 0.331848 -0.940223 -0.076539
vn 0.338022 -0.940226 -0.041432
vn 0.340509 -0.940223 -0.005871
vn 0.339252 -0.940225 0.029754
vn 0.334288 -0.940223 0.065053
vn 0.325659 -0.940222 0.099640
vn 0.313461 -0.940222 0.133135
vn 0.297818 -0.940225 0.165168
vn 0.278930 -0.940222 0.195398
vn 0.256977 -0.940223 0.223481
vn 0.232209 -0.940222 0.249121
vn 0.204895 -0.940224 0.272024
vn 0.175339 -0.940223 0.291955
vn 0.143855 -0.940225 0.308679
vn 0.110804 -0.940223 0.322030
vn 0.076536 -0.940224 0.331844
vn 0.041430 -0.940222 0.338032
vn 0.005869 -0.940224 0.340507
vn -0.029757 -0.940222 0.339259
vn -0.065054 -0.940224 0.334286
vn -0.099638 -0.940222 0.325660
vn -0.133133 -0.940224 0.313456
vn -0.165172 -0.940222 0.297827
vn -0.195395 -0.940224 0.278926
vn -0.223482 -0.940222 0.256977
vn -0.249113 -0.940225 0.232207
vn -0.272029 -0.940222 0.204896
vn -0.291954 -0.940223 0.175337
vn -0.308685 -0.940222 0.143861
vn -0.322031 -0.940223 0.110804
vn -0.331852 -0.940221 0.076538
vn -0.338027 -0.940224 0.041431
vn -0.340512 -0.940222 0.005870
vn -0.339255 -0.940224 -0.029754
vn -0.334285 -0.940224 -0.065053
vn -0.297810 -0.940230 -0.165158
vn -0.313411 -0.940241 -0.133121
vn -0.337149 -0.930498 -0.143193
vn -0.320305 -0.930509 -0.177645
vn -0.325578 -0.940252 -0.099622
vn -0.350267 -0.930499 -0.107169
vn -0.256953 -0.940234 -0.223464
vn -0.278922 -0.940227 -0.195385
vn -0.300037 -0.930489 -0.210162
vn -0.276394 -0.930501 -0.240364
vn -0.204876 -0.940234 -0.272003
vn -0.232186 -0.940233 -0.249101
vn -0.249700 -0.930518 -0.267930
vn -0.220358 -0.930507 -0.292573
vn -0.143845 -0.940233 -0.308658
vn -0.175331 -0.940230 -0.291935
vn -0.188576 -0.930505 -0.314005
vn -0.154713 -0.930506 -0.331999
vn -0.076519 -0.940234 -0.331820
vn -0.110779 -0.940234 -0.322006
vn -0.119164 -0.930504 -0.346354
vn -0.082342 -0.930499 -0.356920
vn -0.005874 -0.940232 -0.340483
vn -0.041430 -0.940231 -0.338008
vn -0.044578 -0.930501 -0.363566
vn -0.006316 -0.930502 -0.366233
vn 0.065048 -0.940233 -0.334261
vn 0.029751 -0.940231 -0.339234
vn 0.031999 -0.930502 -0.364887
vn 0.069966 -0.930501 -0.359546
vn 0.133122 -0.940232 -0.313436
vn 0.099630 -0.940231 -0.325638
vn 0.107154 -0.930501 -0.350265
vn 0.143179 -0.930503 -0.337142
vn 0.195371 -0.940234 -0.278907
vn 0.165157 -0.940231 -0.297806
vn 0.177652 -0.930502 -0.320322
vn 0.210170 -0.930500 -0.299997
vn 0.249091 -0.940234 -0.232191
vn 0.223466 -0.940232 -0.256958
vn 0.240362 -0.930503 -0.276389
vn 0.267913 -0.930506 -0.249762
vn 0.291905 -0.940239 -0.175332
vn 0.271980 -0.940238 -0.204890
vn 0.292521 -0.930516 -0.220390
vn 0.314001 -0.930505 -0.188584
vn 0.322010 -0.940231 -0.110796
vn 0.308657 -0.940233 -0.143852
vn 0.332035 -0.930492 -0.154717
vn 0.346400 -0.930487 -0.119167
vn 0.338018 -0.940228 -0.041425
vn 0.331832 -0.940229 -0.076531
vn 0.356946 -0.930491 -0.082312
vn 0.363552 -0.930507 -0.044565
vn 0.339233 -0.940232 0.029753
vn 0.340505 -0.940225 -0.005866
vn 0.366212 -0.930510 -0.006319
vn 0.364863 -0.930511 0.031997
vn 0.325609 -0.940241 0.099627
vn 0.334238 -0.940242 0.065043
vn 0.359495 -0.930521 0.069958
vn 0.350245 -0.930508 0.107164
vn 0.297820 -0.940226 0.165160
vn 0.313426 -0.940235 0.133123
vn 0.337161 -0.930493 0.143196
vn 0.320348 -0.930493 0.177652
vn 0.256952 -0.940234 0.223464
vn 0.278940 -0.940221 0.195388
vn 0.299977 -0.930510 0.210156
vn 0.276316 -0.930525 0.240359
vn 0.204876 -0.940234 0.272004
vn 0.232187 -0.940233 0.249102
vn 0.249703 -0.930516 0.267933
vn 0.220360 -0.930507 0.292573
vn 0.143834 -0.940236 0.308655
vn 0.175319 -0.940234 0.291932
vn 0.188557 -0.930509 0.314005
vn 0.154695 -0.930509 0.331997
vn 0.076518 -0.940235 0.331817
vn 0.110779 -0.940235 0.322004
vn 0.119166 -0.930505 0.346352
vn 0.082322 -0.930503 0.356915
vn 0.005875 -0.940233 0.340481
vn 0.041432 -0.940232 0.338006
vn 0.044567 -0.930503 0.363562
vn 0.006322 -0.930500 0.366237
vn -0.065048 -0.940233 0.334261
vn -0.029751 -0.940231 0.339234
vn -0.031999 -0.930502 0.364886
vn -0.069964 -0.930503 0.359539
vn -0.133118 -0.940234 0.313433
vn -0.099628 -0.940232 0.325636
vn -0.107160 -0.930504 0.350256
vn -0.143189 -0.930505 0.337132
vn -0.195372 -0.940234 0.278909
vn -0.165157 -0.940231 0.297805
vn -0.177659 -0.930502 0.320317
vn -0.210170 -0.930499 0.299999
vn -0.249091 -0.940235 0.232191
vn -0.223466 -0.940232 0.256957
vn -0.240360 -0.930504 0.276387
vn -0.267911 -0.930508 0.249759
vn -0.291905 -0.940240 0.175330
vn -0.271980 -0.940238 0.204889
vn -0.292521 -0.930516 0.220392
vn -0.314007 -0.930503 0.188586
vn -0.322000 -0.940234 0.110798
vn -0.308656 -0.940233 0.143852
vn -0.332041 -0.930490 0.154718
vn -0.346378 -0.930494 0.119172
vn -0.337984 -0.940239 0.041432
vn -0.331803 -0.940239 0.076539
vn -0.356925 -0.930499 0.082317
vn -0.363557 -0.930505 0.044564
vn -0.339261 -0.940221 -0.029759
vn -0.340488 -0.940230 0.005870
vn -0.366223 -0.930506 0.006318
vn -0.364891 -0.930500 -0.032002
vn -0.334261 -0.940233 -0.065048
vn -0.359528 -0.930508 -0.069965
vn -0.122664 0.992161 -0.023871
vn -0.119491 0.992162 -0.036560
vn -0.124485 0.992161 -0.010918
vn -0.115022 0.992161 -0.048853
vn -0.109300 0.992159 -0.060609
vn -0.102388 0.992157 -0.071706
vn -0.094295 0.992161 -0.082002
vn -0.085203 0.992162 -0.091411
vn -0.075206 0.992159 -0.099818
vn -0.064348 0.992160 -0.107131
vn -0.052781 0.992162 -0.113262
vn -0.040647 0.992162 -0.118163
vn -0.028075 0.992162 -0.121761
vn -0.015201 0.992161 -0.124035
vn -0.002152 0.992162 -0.124940
vn 0.010917 0.992161 -0.124486
vn 0.023868 0.992162 -0.122658
vn 0.036560 0.992161 -0.119495
vn 0.048849 0.992162 -0.115015
vn 0.060610 0.992161 -0.109282
vn 0.071693 0.992162 -0.102345
vn 0.081999 0.992162 -0.094295
vn 0.091412 0.992161 -0.085202
vn 0.099817 0.992161 -0.075183
vn 0.107122 0.992162 -0.064336
vn 0.113249 0.992163 -0.052791
vn 0.118140 0.992164 -0.040661
vn 0.121784 0.992159 -0.028081
vn 0.124040 0.992161 -0.015200
vn 0.124945 0.992161 -0.002154
vn 0.124500 0.992160 0.010921
vn 0.122688 0.992158 0.023876
vn 0.119498 0.992161 0.036562
vn 0.115014 0.992162 0.048851
vn 0.109280 0.992162 0.060605
vn 0.102332 0.992163 0.071695
vn 0.094257 0.992166 0.081994
vn 0.085201 0.992162 0.091410
vn 0.075204 0.992160 0.099818
vn 0.064346 0.992161 0.107130
vn 0.052780 0.992162 0.113262
vn 0.040648 0.992162 0.118162
vn 0.028077 0.992162 0.121762
vn 0.015208 0.992161 0.124037
vn 0.002157 0.992162 0.124940
vn -0.010918 0.992161 0.124485
vn -0.023871 0.992162 0.122658
vn -0.036564 0.992161 0.119495
vn -0.048855 0.992162 0.115014
vn -0.060613 0.992161 0.109282
vn -0.071693 0.992162 0.102346
vn -0.082001 0.992161 0.094295
vn -0.091414 0.992161 0.085201
vn -0.099835 0.992160 0.075180
vn -0.107141 0.992160 0.064332
vn -0.113251 0.992163 0.052791
vn -0.118150 0.992163 0.040660
vn -0.121776 0.992160 0.028083
vn -0.124032 0.992162 0.015202
vn -0.124948 0.992161 0.002154
vn -0.334301 -0.940219 -0.065056
vn -0.325652 -0.940225 -0.099640
vn -0.339268 -0.940219 -0.029755
vn -0.313462 -0.940221 -0.133139
vn -0.297845 -0.940215 -0.165178
vn -0.278935 -0.940219 -0.195405
vn -0.256982 -0.940219 -0.223491
vn -0.232232 -0.940213 -0.249134
vn -0.204915 -0.940215 -0.272039
vn -0.175360 -0.940214 -0.291971
vn -0.143867 -0.940218 -0.308695
vn -0.110806 -0.940218 -0.322044
vn -0.076532 -0.940220 -0.331858
vn -0.041434 -0.940217 -0.338047
vn -0.005875 -0.940219 -0.340521
vn 0.029754 -0.940217 -0.339273
vn 0.065058 -0.940219 -0.334300
vn 0.099650 -0.940217 -0.325673
vn 0.133144 -0.940218 -0.313470
vn 0.165178 -0.940217 -0.297840
vn 0.195395 -0.940220 -0.278940
vn 0.223500 -0.940216 -0.256987
vn 0.249134 -0.940217 -0.232214
vn 0.272044 -0.940216 -0.204905
vn 0.291963 -0.940219 -0.175347
vn 0.308698 -0.940216 -0.143869
vn 0.322048 -0.940216 -0.110808
vn 0.331862 -0.940217 -0.076542
vn 0.338040 -0.940219 -0.041434
vn 0.340537 -0.940213 -0.005868
vn 0.339284 -0.940213 0.029759
vn 0.334318 -0.940212 0.065059
vn 0.325685 -0.940213 0.099646
vn 0.313469 -0.940218 0.133140
vn 0.297830 -0.940221 0.165175
vn 0.278941 -0.940217 0.195406
vn 0.256996 -0.940215 0.223491
vn 0.232231 -0.940213 0.249133
vn 0.204899 -0.940219 0.272037
vn 0.175343 -0.940218 0.291969
vn 0.143873 -0.940217 0.308696
vn 0.110822 -0.940215 0.322048
vn 0.076549 -0.940217 0.331863
vn 0.041439 -0.940216 0.338049
vn 0.005869 -0.940219 0.340520
vn -0.029757 -0.940217 0.339273
vn -0.065057 -0.940218 0.334301
vn -0.099642 -0.940217 0.325674
vn -0.133140 -0.940218 0.313470
vn -0.165185 -0.940216 0.297839
vn -0.195403 -0.940219 0.278938
vn -0.223493 -0.940217 0.256988
vn -0.249127 -0.940219 0.232216
vn -0.272045 -0.940216 0.204904
vn -0.291962 -0.940219 0.175346
vn -0.308697 -0.940217 0.143868
vn -0.322048 -0.940216 0.110808
vn -0.331864 -0.940217 0.076542
vn -0.338039 -0.940219 0.041434
vn -0.340520 -0.940219 0.005872
vn -0.298261 0.944310 0.138993
vn -0.311151 0.944311 0.107057
vn -0.282085 0.944314 0.169409
vn -0.320616 0.944318 0.073953
vn -0.326587 0.944319 0.040033
vn -0.328996 0.944314 0.005672
vn -0.327778 0.944317 -0.028747
vn -0.322960 0.944323 -0.062849
vn -0.314624 0.944322 -0.096267
vn -0.302859 0.944315 -0.128633
vn -0.287757 0.944314 -0.159586
vn -0.269485 0.944318 -0.188788
vn -0.248280 0.944317 -0.215924
vn -0.224357 0.944314 -0.240696
vn -0.197966 0.944315 -0.262828
vn -0.169402 0.944317 -0.282081
vn -0.138981 0.944318 -0.298242
vn -0.107051 0.944316 -0.311139
vn -0.073948 0.944315 -0.320626
vn -0.040028 0.944315 -0.326599
vn -0.005674 0.944315 -0.328995
vn 0.028741 0.944315 -0.327786
vn 0.062853 0.944315 -0.322983
vn 0.096273 0.944315 -0.314645
vn 0.128635 0.944314 -0.302859
vn 0.159583 0.944315 -0.287755
vn 0.188785 0.944316 -0.269497
vn 0.215925 0.944315 -0.248286
vn 0.240701 0.944314 -0.224354
vn 0.262835 0.944313 -0.197965
vn 0.282075 0.944317 -0.169411
vn 0.298233 0.944318 -0.138999
vn 0.311128 0.944318 -0.107062
vn 0.320631 0.944313 -0.073949
vn 0.326600 0.944315 -0.040030
vn 0.328984 0.944319 -0.005675
vn 0.327783 0.944316 0.028748
vn 0.322981 0.944316 0.062853
vn 0.314639 0.944317 0.096269
vn 0.302858 0.944315 0.128632
vn 0.287744 0.944318 0.159584
vn 0.269484 0.944319 0.188788
vn 0.248288 0.944314 0.215925
vn 0.224353 0.944315 0.240695
vn 0.197948 0.944320 0.262826
vn 0.169393 0.944318 0.282080
vn 0.138992 0.944316 0.298243
vn 0.107062 0.944314 0.311140
vn 0.073950 0.944315 0.320626
vn 0.040034 0.944314 0.326601
vn 0.005674 0.944315 0.328994
vn -0.028749 0.944315 0.327785
vn -0.062854 0.944315 0.322985
vn -0.096270 0.944314 0.314646
vn -0.128629 0.944315 0.302860
vn -0.159584 0.944314 0.287756
vn -0.188792 0.944314 0.269496
vn -0.215933 0.944313 0.248285
vn -0.240701 0.944314 0.224354
vn -0.262827 0.944315 0.197968
vn 0.191022 -0.000000 -0.981586
vn 0.087373 0.000000 -0.996176
vn 0.013336 0.988282 -0.152057
vn 0.029181 0.988263 -0.149951
vn -0.017236 -0.000000 -0.999851
vn -0.002631 0.988263 -0.152741
vn 0.390928 -0.000001 -0.920421
vn 0.292578 -0.000000 -0.956242
vn 0.044656 0.988282 -0.145962
vn 0.059718 0.988263 -0.140608
vn 0.573750 -0.000001 -0.819030
vn 0.484996 -0.000001 -0.874517
vn 0.074033 0.988282 -0.133486
vn 0.087649 0.988263 -0.125118
vn 0.731502 -0.000001 -0.681840
vn 0.656220 -0.000001 -0.754569
vn 0.100164 0.988282 -0.115178
vn 0.111746 0.988263 -0.104161
vn 0.857279 -0.000000 -0.514852
vn 0.798767 -0.000001 -0.601640
vn 0.121923 0.988282 -0.091835
vn 0.130960 0.988263 -0.078651
vn 0.945589 0.000000 -0.325363
vn 0.906400 0.000000 -0.422421
vn 0.138353 0.988282 -0.064479
vn 0.144453 0.988262 -0.049704
vn 0.992572 0.000000 -0.121659
vn 0.974418 -0.000000 -0.224743
vn 0.148737 0.988282 -0.034304
vn 0.151630 0.988263 -0.018585
vn 0.996176 -0.000002 0.087369
vn 0.999851 -0.000001 -0.017240
vn 0.152620 0.988282 -0.002631
vn 0.152181 0.988262 0.013347
vn 0.956242 0.000000 0.292577
vn 0.981586 -0.000001 0.191019
vn 0.149831 0.988282 0.029157
vn 0.146079 0.988263 0.044695
vn 0.874516 0.000002 0.484997
vn 0.920421 0.000001 0.390929
vn 0.140494 0.988282 0.059672
vn 0.133597 0.988262 0.074090
vn 0.754572 0.000001 0.656218
vn 0.819030 0.000002 0.573751
vn 0.125018 0.988282 0.087578
vn 0.115271 0.988263 0.100246
vn 0.601647 -0.000002 0.798762
vn 0.681845 -0.000000 0.731497
vn 0.104073 0.988282 0.111656
vn 0.091904 0.988263 0.122021
vn 0.422424 -0.000003 0.906398
vn 0.514858 -0.000003 0.857276
vn 0.078588 0.988282 0.130855
vn 0.064535 0.988262 0.138466
vn 0.224741 -0.000000 0.974419
vn 0.325364 -0.000002 0.945589
vn 0.049663 0.988282 0.144335
vn 0.034335 0.988263 0.148856
vn 0.017239 0.000000 0.999851
vn 0.121657 -0.000000 0.992572
vn 0.018575 0.988281 0.151508
vn 0.002631 0.988263 0.152741
vn -0.191019 -0.000000 0.981586
vn -0.087368 -0.000000 0.996176
vn -0.013335 0.988282 0.152057
vn -0.029181 0.988263 0.149951
vn -0.390928 0.000000 0.920421
vn -0.292576 0.000000 0.956242
vn -0.044663 0.988282 0.145960
vn -0.059718 0.988263 0.140607
vn -0.573750 -0.000000 0.819030
vn -0.484997 0.000000 0.874516
vn -0.074026 0.988282 0.133487
vn -0.087647 0.988263 0.125119
vn -0.731500 -0.000003 0.681842
vn -0.656219 -0.000002 0.754571
vn -0.100163 0.988282 0.115179
vn -0.111742 0.988263 0.104162
vn -0.857279 -0.000001 0.514851
vn -0.798766 -0.000003 0.601641
vn -0.121922 0.988282 0.091835
vn -0.130960 0.988263 0.078651
vn -0.945589 0.000003 0.325363
vn -0.906400 0.000002 0.422421
vn -0.138353 0.988282 0.064478
vn -0.144457 0.988262 0.049702
vn -0.992572 0.000002 0.121660
vn -0.974418 0.000004 0.224744
vn -0.148739 0.988281 0.034304
vn -0.151627 0.988263 0.018585
vn -0.996176 -0.000000 -0.087368
vn -0.999851 0.000001 0.017241
vn -0.152619 0.988282 0.002631
vn -0.152180 0.988263 -0.013347
vn -0.956242 -0.000000 -0.292576
vn -0.981586 -0.000001 -0.191019
vn -0.149823 0.988283 -0.029156
vn -0.146075 0.988263 -0.044694
vn -0.874516 -0.000000 -0.484997
vn -0.920422 0.000000 -0.390927
vn -0.140495 0.988282 -0.059672
vn -0.133593 0.988263 -0.074089
vn -0.754571 0.000000 -0.656219
vn -0.819029 -0.000000 -0.573753
vn -0.125018 0.988282 -0.087578
vn -0.115277 0.988262 -0.100249
vn -0.601646 -0.000001 -0.798763
vn -0.681843 0.000000 -0.731498
vn -0.104079 0.988281 -0.111657
vn -0.091909 0.988263 -0.122023
vn -0.422426 0.000001 -0.906397
vn -0.514859 -0.000000 -0.857275
vn -0.078586 0.988282 -0.130855
vn -0.064527 0.988263 -0.138464
vn -0.224740 -0.000000 -0.974419
vn -0.325365 0.000001 -0.945588
vn -0.049662 0.988282 -0.144335
vn -0.034332 0.988263 -0.148856
vn -0.121653 0.000000 -0.992573
vn -0.018565 0.988282 -0.151506
vn -0.121655 0.000000 -0.992572
vn -0.017236 0.000001 -0.999851
vn -0.224742 0.000001 -0.974418
vn 0.087372 -0.000000 -0.996176
vn 0.191022 -0.000001 -0.981586
vn 0.292577 0.000000 -0.956242
vn 0.390927 0.000000 -0.920421
vn 0.484995 -0.000001 -0.874517
vn 0.573751 -0.000001 -0.819030
vn 0.656220 -0.000002 -0.754569
vn 0.731500 -0.000001 -0.681842
vn 0.798765 -0.000001 -0.601642
vn 0.857278 -0.000001 -0.514853
vn 0.906398 -0.000001 -0.422425
vn 0.945588 -0.000000 -0.325367
vn 0.974418 0.000000 -0.224742
vn 0.992572 0.000000 -0.121657
vn 0.999851 0.000000 -0.017239
vn 0.996176 0.000000 0.087369
vn 0.981586 0.000000 0.191019
vn 0.956242 0.000001 0.292576
vn 0.920421 0.000001 0.390928
vn 0.874516 0.000002 0.484996
vn 0.819030 0.000003 0.573751
vn 0.754569 0.000002 0.656220
vn 0.681842 -0.000001 0.731499
vn 0.601646 -0.000003 0.798763
vn 0.514856 -0.000003 0.857277
vn 0.422424 -0.000003 0.906398
vn 0.325364 -0.000001 0.945589
vn 0.224742 0.000000 0.974418
vn 0.121658 0.000000 0.992572
vn 0.017239 0.000000 0.999851
vn -0.087369 -0.000000 0.996176
vn -0.191019 -0.000000 0.981586
vn -0.292576 0.000000 0.956242
vn -0.390929 -0.000000 0.920421
vn -0.484997 -0.000001 0.874516
vn -0.573752 -0.000002 0.819029
vn -0.656220 -0.000003 0.754569
vn -0.731499 -0.000003 0.681843
vn -0.798765 -0.000003 0.601643
vn -0.857279 -0.000002 0.514853
vn -0.906398 0.000001 0.422425
vn -0.945587 0.000003 0.325369
vn -0.974418 0.000004 0.224745
vn -0.992572 0.000003 0.121658
vn -0.999851 0.000002 0.017240
vn -0.996176 0.000001 -0.087368
vn -0.981586 -0.000000 -0.191019
vn -0.956242 -0.000000 -0.292576
vn -0.920421 0.000000 -0.390928
vn -0.874516 0.000000 -0.484997
vn -0.819028 0.000000 -0.573753
vn -0.754569 0.000000 -0.656221
vn -0.681843 0.000000 -0.731499
vn -0.601644 0.000000 -0.798764
vn -0.514856 0.000000 -0.857277
vn -0.422425 0.000001 -0.906398
vn -0.325365 0.000001 -0.945588
s 1
g pCylinder4
usemtl blinn16SG
f 1/21/1 2/22/2 22/43/3 21/42/4
f 2/22/2 3/23/5 23/44/6 22/43/3
f 3/23/5 4/24/7 24/45/8 23/44/6
f 4/24/7 5/25/9 25/46/10 24/45/8
f 5/25/9 6/26/11 26/47/12 25/46/10
f 6/26/11 7/27/13 27/48/14 26/47/12
f 7/27/13 8/28/15 28/49/16 27/48/14
f 8/28/15 9/29/17 29/50/18 28/49/16
f 9/29/17 10/30/19 30/51/20 29/50/18
f 10/30/19 11/31/21 31/52/22 30/51/20
f 11/31/21 12/32/23 32/53/24 31/52/22
f 12/32/23 13/33/25 33/54/26 32/53/24
f 13/33/25 14/34/27 34/55/28 33/54/26
f 14/34/27 15/35/29 35/56/30 34/55/28
f 15/35/29 16/36/31 36/57/32 35/56/30
f 16/36/31 17/37/33 37/58/34 36/57/32
f 17/37/33 18/38/35 38/59/36 37/58/34
f 18/38/35 19/39/37 39/60/38 38/59/36
f 19/39/37 20/40/39 40/61/40 39/60/38
f 20/40/39 1/41/1 21/62/4 40/61/40
s 2
f 2/2/41 1/1/42 41/83/43
f 3/3/44 2/2/41 41/83/43
f 4/4/45 3/3/44 41/83/43
f 5/5/46 4/4/45 41/83/43
f 6/6/47 5/5/46 41/83/43
f 7/7/48 6/6/47 41/83/43
f 8/8/49 7/7/48 41/83/43
f 9/9/50 8/8/49 41/83/43
f 10/10/51 9/9/50 41/83/43
f 11/11/52 10/10/51 41/83/43
f 12/12/53 11/11/52 41/83/43
f 13/13/54 12/12/53 41/83/43
f 14/14/55 13/13/54 41/83/43
f 15/15/56 14/14/55 41/83/43
f 16/16/57 15/15/56 41/83/43
f 17/17/58 16/16/57 41/83/43
f 18/18/59 17/17/58 41/83/43
f 19/19/60 18/18/59 41/83/43
f 20/20/61 19/19/60 41/83/43
f 1/1/42 20/20/61 41/83/43
s 3
f 21/81/62 22/80/63 42/84/64
f 22/80/63 23/79/65 42/84/64
f 23/79/65 24/78/66 42/84/64
f 24/78/66 25/77/67 42/84/64
f 25/77/67 26/76/68 42/84/64
f 26/76/68 27/75/69 42/84/64
f 27/75/69 28/74/70 42/84/64
f 28/74/70 29/73/71 42/84/64
f 29/73/71 30/72/72 42/84/64
f 30/72/72 31/71/73 42/84/64
f 31/71/73 32/70/74 42/84/64
f 32/70/74 33/69/75 42/84/64
f 33/69/75 34/68/76 42/84/64
f 34/68/76 35/67/77 42/84/64
f 35/67/77 36/66/78 42/84/64
f 36/66/78 37/65/79 42/84/64
f 37/65/79 38/64/80 42/84/64
f 38/64/80 39/63/81 42/84/64
f 39/63/81 40/82/82 42/84/64
f 40/82/82 21/81/62 42/84/64
s 4
usemtl blinn23SG
f 43/85/83 44/86/84 64/87/85 63/88/86
f 44/86/84 45/89/87 65/90/88 64/87/85
f 45/89/87 46/91/89 66/92/90 65/90/88
f 46/91/89 47/93/91 67/94/92 66/92/90
f 47/93/91 48/95/93 68/96/94 67/94/92
f 48/95/93 49/97/95 69/98/96 68/96/94
f 49/97/95 50/99/97 70/100/98 69/98/96
f 50/99/97 51/101/99 71/102/100 70/100/98
f 51/101/99 52/103/101 72/104/102 71/102/100
f 52/103/101 53/105/103 73/106/104 72/104/102
f 53/105/103 54/107/105 74/108/106 73/106/104
f 54/107/105 55/109/107 75/110/108 74/108/106
f 55/109/107 56/111/109 76/112/110 75/110/108
f 56/111/109 57/113/111 77/114/112 76/112/110
f 57/113/111 58/115/113 78/116/114 77/114/112
f 58/115/113 59/117/115 79/118/116 78/116/114
f 59/117/115 60/119/117 80/120/118 79/118/116
f 60/119/117 61/121/119 81/122/120 80/120/118
f 61/121/119 62/123/121 82/124/122 81/122/120
f 62/123/121 43/125/83 63/126/86 82/124/122
f 63/88/86 64/87/85 84/127/123 83/128/124
f 64/87/85 65/90/88 85/129/125 84/127/123
f 65/90/88 66/92/90 86/130/126 85/129/125
f 66/92/90 67/94/92 87/131/127 86/130/126
f 67/94/92 68/96/94 88/132/128 87/131/127
f 68/96/94 69/98/96 89/133/129 88/132/128
f 69/98/96 70/100/98 90/134/130 89/133/129
f 70/100/98 71/102/100 91/135/131 90/134/130
f 71/102/100 72/104/102 92/136/132 91/135/131
f 72/104/102 73/106/104 93/137/133 92/136/132
f 73/106/104 74/108/106 94/138/134 93/137/133
f 74/108/106 75/110/108 95/139/135 94/138/134
f 75/110/108 76/112/110 96/140/136 95/139/135
f 76/112/110 77/114/112 97/141/137 96/140/136
f 77/114/112 78/116/114 98/142/138 97/141/137
f 78/116/114 79/118/116 99/143/139 98/142/138
f 79/118/116 80/120/118 100/144/140 99/143/139
f 80/120/118 81/122/120 101/145/141 100/144/140
f 81/122/120 82/124/122 102/146/142 101/145/141
f 82/124/122 63/126/86 83/147/124 102/146/142
f 83/128/124 84/127/123 104/148/143 103/149/144
f 84/127/123 85/129/125 105/150/145 104/148/143
f 85/129/125 86/130/126 106/151/146 105/150/145
f 86/130/126 87/131/127 107/152/147 106/151/146
f 87/131/127 88/132/128 108/153/148 107/152/147
f 88/132/128 89/133/129 109/154/149 108/153/148
f 89/133/129 90/134/130 110/155/150 109/154/149
f 90/134/130 91/135/131 111/156/151 110/155/150
f 91/135/131 92/136/132 112/157/152 111/156/151
f 92/136/132 93/137/133 113/158/153 112/157/152
f 93/137/133 94/138/134 114/159/154 113/158/153
f 94/138/134 95/139/135 115/160/155 114/159/154
f 95/139/135 96/140/136 116/161/156 115/160/155
f 96/140/136 97/141/137 117/162/157 116/161/156
f 97/141/137 98/142/138 118/163/158 117/162/157
f 98/142/138 99/143/139 119/164/159 118/163/158
f 99/143/139 100/144/140 120/165/160 119/164/159
f 100/144/140 101/145/141 121/166/161 120/165/160
f 101/145/141 102/146/142 122/167/162 121/166/161
f 102/146/142 83/147/124 103/168/144 122/167/162
f 103/149/144 104/148/143 124/169/163 123/170/164
f 104/148/143 105/150/145 125/171/165 124/169/163
f 105/150/145 106/151/146 126/172/166 125/171/165
f 106/151/146 107/152/147 127/173/167 126/172/166
f 107/152/147 108/153/148 128/174/168 127/173/167
f 108/153/148 109/154/149 129/175/169 128/174/168
f 109/154/149 110/155/150 130/176/170 129/175/169
f 110/155/150 111/156/151 131/177/171 130/176/170
f 111/156/151 112/157/152 132/178/172 131/177/171
f 112/157/152 113/158/153 133/179/173 132/178/172
f 113/158/153 114/159/154 134/180/174 133/179/173
f 114/159/154 115/160/155 135/181/175 134/180/174
f 115/160/155 116/161/156 136/182/176 135/181/175
f 116/161/156 117/162/157 137/183/177 136/182/176
f 117/162/157 118/163/158 138/184/178 137/183/177
f 118/163/158 119/164/159 139/185/179 138/184/178
f 119/164/159 120/165/160 140/186/180 139/185/179
f 120/165/160 121/166/161 141/187/181 140/186/180
f 121/166/161 122/167/162 142/188/182 141/187/181
f 122/167/162 103/168/144 123/189/164 142/188/182
f 123/170/164 124/169/163 144/190/183 143/191/184
f 124/169/163 125/171/165 145/192/185 144/190/183
f 125/171/165 126/172/166 146/193/186 145/192/185
f 126/172/166 127/173/167 147/194/187 146/193/186
f 127/173/167 128/174/168 148/195/188 147/194/187
f 128/174/168 129/175/169 149/196/189 148/195/188
f 129/175/169 130/176/170 150/197/190 149/196/189
f 130/176/170 131/177/171 151/198/191 150/197/190
f 131/177/171 132/178/172 152/199/192 151/198/191
f 132/178/172 133/179/173 153/200/193 152/199/192
f 133/179/173 134/180/174 154/201/194 153/200/193
f 134/180/174 135/181/175 155/202/195 154/201/194
f 135/181/175 136/182/176 156/203/196 155/202/195
f 136/182/176 137/183/177 157/204/197 156/203/196
f 137/183/177 138/184/178 158/205/198 157/204/197
f 138/184/178 139/185/179 159/206/199 158/205/198
f 139/185/179 140/186/180 160/207/200 159/206/199
f 140/186/180 141/187/181 161/208/201 160/207/200
f 141/187/181 142/188/182 162/209/202 161/208/201
f 142/188/182 123/189/164 143/210/184 162/209/202
f 143/191/184 144/190/183 164/211/203 163/212/204
f 144/190/183 145/192/185 165/213/205 164/211/203
f 145/192/185 146/193/186 166/214/206 165/213/205
f 146/193/186 147/194/187 167/215/207 166/214/206
f 147/194/187 148/195/188 168/216/208 167/215/207
f 148/195/188 149/196/189 169/217/209 168/216/208
f 149/196/189 150/197/190 170/218/210 169/217/209
f 150/197/190 151/198/191 171/219/211 170/218/210
f 151/198/191 152/199/192 172/220/212 171/219/211
f 152/199/192 153/200/193 173/221/213 172/220/212
f 153/200/193 154/201/194 174/222/214 173/221/213
f 154/201/194 155/202/195 175/223/215 174/222/214
f 155/202/195 156/203/196 176/224/216 175/223/215
f 156/203/196 157/204/197 177/225/217 176/224/216
f 157/204/197 158/205/198 178/226/218 177/225/217
f 158/205/198 159/206/199 179/227/219 178/226/218
f 159/206/199 160/207/200 180/228/220 179/227/219
f 160/207/200 161/208/201 181/229/221 180/228/220
f 161/208/201 162/209/202 182/230/222 181/229/221
f 162/209/202 143/210/184 163/231/204 182/230/222
f 163/212/204 164/211/203 184/232/223 183/233/224
f 164/211/203 165/213/205 185/234/225 184/232/223
f 165/213/205 166/214/206 186/235/226 185/234/225
f 166/214/206 167/215/207 187/236/227 186/235/226
f 167/215/207 168/216/208 188/237/228 187/236/227
f 168/216/208 169/217/209 189/238/229 188/237/228
f 169/217/209 170/218/210 190/239/230 189/238/229
f 170/218/210 171/219/211 191/240/231 190/239/230
f 171/219/211 172/220/212 192/241/232 191/240/231
f 172/220/212 173/221/213 193/242/233 192/241/232
f 173/221/213 174/222/214 194/243/234 193/242/233
f 174/222/214 175/223/215 195/244/235 194/243/234
f 175/223/215 176/224/216 196/245/236 195/244/235
f 176/224/216 177/225/217 197/246/237 196/245/236
f 177/225/217 178/226/218 198/247/238 197/246/237
f 178/226/218 179/227/219 199/248/239 198/247/238
f 179/227/219 180/228/220 200/249/240 199/248/239
f 180/228/220 181/229/221 201/250/241 200/249/240
f 181/229/221 182/230/222 202/251/242 201/250/241
f 182/230/222 163/231/204 183/252/224 202/251/242
f 183/233/224 184/232/223 204/253/243 203/254/244
f 184/232/223 185/234/225 205/255/245 204/253/243
f 185/234/225 186/235/226 206/256/246 205/255/245
f 186/235/226 187/236/227 207/257/247 206/256/246
f 187/236/227 188/237/228 208/258/248 207/257/247
f 188/237/228 189/238/229 209/259/249 208/258/248
f 189/238/229 190/239/230 210/260/250 209/259/249
f 190/239/230 191/240/231 211/261/251 210/260/250
f 191/240/231 192/241/232 212/262/252 211/261/251
f 192/241/232 193/242/233 213/263/253 212/262/252
f 193/242/233 194/243/234 214/264/254 213/263/253
f 194/243/234 195/244/235 215/265/255 214/264/254
f 195/244/235 196/245/236 216/266/256 215/265/255
f 196/245/236 197/246/237 217/267/257 216/266/256
f 197/246/237 198/247/238 218/268/258 217/267/257
f 198/247/238 199/248/239 219/269/259 218/268/258
f 199/248/239 200/249/240 220/270/260 219/269/259
f 200/249/240 201/250/241 221/271/261 220/270/260
f 201/250/241 202/251/242 222/272/262 221/271/261
f 202/251/242 183/252/224 203/273/244 222/272/262
f 203/254/244 204/253/243 224/274/263 223/275/264
f 204/253/243 205/255/245 225/276/265 224/274/263
f 205/255/245 206/256/246 226/277/266 225/276/265
f 206/256/246 207/257/247 227/278/267 226/277/266
f 207/257/247 208/258/248 228/279/268 227/278/267
f 208/258/248 209/259/249 229/280/269 228/279/268
f 209/259/249 210/260/250 230/281/270 229/280/269
f 210/260/250 211/261/251 231/282/271 230/281/270
f 211/261/251 212/262/252 232/283/272 231/282/271
f 212/262/252 213/263/253 233/284/273 232/283/272
f 213/263/253 214/264/254 234/285/274 233/284/273
f 214/264/254 215/265/255 235/286/275 234/285/274
f 215/265/255 216/266/256 236/287/276 235/286/275
f 216/266/256 217/267/257 237/288/277 236/287/276
f 217/267/257 218/268/258 238/289/278 237/288/277
f 218/268/258 219/269/259 239/290/279 238/289/278
f 219/269/259 220/270/260 240/291/280 239/290/279
f 220/270/260 221/271/261 241/292/281 240/291/280
f 221/271/261 222/272/262 242/293/282 241/292/281
f 222/272/262 203/273/244 223/294/264 242/293/282
f 223/275/264 224/274/263 243/295/283
f 224/274/263 225/276/265 243/296/283
f 225/276/265 226/277/266 243/297/283
f 226/277/266 227/278/267 243/298/283
f 227/278/267 228/279/268 243/299/283
f 228/279/268 229/280/269 243/300/283
f 229/280/269 230/281/270 243/301/283
f 230/281/270 231/282/271 243/302/283
f 231/282/271 232/283/272 243/303/283
f 232/283/272 233/284/273 243/304/283
f 233/284/273 234/285/274 243/305/283
f 234/285/274 235/286/275 243/306/283
f 235/286/275 236/287/276 243/307/283
f 236/287/276 237/288/277 243/308/283
f 237/288/277 238/289/278 243/309/283
f 238/289/278 239/290/279 243/310/283
f 239/290/279 240/291/280 243/311/283
f 240/291/280 241/292/281 243/312/283
f 241/292/281 242/293/282 243/313/283
f 242/293/282 223/294/264 243/314/283
s 5
usemtl blinn20SG
f 244/315/284 245/316/285 250/317/286 249/318/287
f 245/316/285 246/319/288 251/320/289 250/317/286
f 246/319/288 247/321/290 252/322/291 251/320/289
f 247/321/290 248/323/292 253/324/293 252/322/291
s 6
f 249/318/294 250/317/295 255/325/296 254/326/297
f 250/317/295 251/320/298 256/327/299 255/325/296
f 251/320/298 252/322/300 257/328/301 256/327/299
f 252/322/300 253/324/302 258/329/303 257/328/301
f 254/326/297 255/325/296 260/330/304 259/331/305
f 255/325/296 256/327/299 261/332/306 260/330/304
f 256/327/299 257/328/301 262/333/307 261/332/306
f 257/328/301 258/329/303 263/334/308 262/333/307
s 7
f 259/331/309 260/330/310 265/335/311 264/336/312
f 260/330/310 261/332/313 266/337/314 265/335/311
f 261/332/313 262/333/315 267/338/316 266/337/314
f 262/333/315 263/334/317 268/339/318 267/338/316
s 8
f 264/336/319 265/335/320 270/340/321 269/341/322
f 265/335/320 266/337/323 271/342/324 270/340/321
f 266/337/323 267/338/325 272/343/326 271/342/324
f 267/338/325 268/339/327 273/344/328 272/343/326
f 269/341/322 270/340/321 245/345/329 244/346/330
f 270/340/321 271/342/324 246/347/331 245/345/329
f 271/342/324 272/343/326 247/348/332 246/347/331
f 272/343/326 273/344/328 248/349/333 247/348/332
s 9
f 273/350/334 268/351/335 263/352/336 258/353/337
f 248/323/338 273/350/334 258/353/337 253/324/339
s 5
f 275/354/340 274/355/341 244/315/284 249/318/287
s 6
f 276/356/342 275/354/343 249/318/294 254/326/297
f 277/357/344 276/356/342 254/326/297 259/331/305
s 7
f 278/358/345 277/357/346 259/331/309 264/336/312
s 8
f 279/359/347 278/358/348 264/336/319 269/341/322
f 274/360/349 279/359/347 269/341/322 244/346/330
s 5
usemtl blinn21SG
f 280/361/350 285/362/351 286/363/352 281/364/353
f 281/364/353 286/363/352 287/365/354 282/366/355
f 282/366/355 287/365/354 288/367/356 283/368/357
f 283/368/357 288/367/356 289/369/358 284/370/359
s 6
f 285/362/360 290/371/361 291/372/362 286/363/363
f 286/363/363 291/372/362 292/373/364 287/365/365
f 287/365/365 292/373/364 293/374/366 288/367/367
f 288/367/367 293/374/366 294/375/368 289/369/369
f 290/371/361 295/376/370 296/377/371 291/372/362
f 291/372/362 296/377/371 297/378/372 292/373/364
f 292/373/364 297/378/372 298/379/373 293/374/366
f 293/374/366 298/379/373 299/380/374 294/375/368
s 7
f 295/376/375 300/381/376 301/382/377 296/377/378
f 296/377/378 301/382/377 302/383/379 297/378/380
f 297/378/380 302/383/379 303/384/381 298/379/382
f 298/379/382 303/384/381 304/385/383 299/380/384
s 8
f 300/381/385 305/386/386 306/387/387 301/382/388
f 301/382/388 306/387/387 307/388/389 302/383/390
f 302/383/390 307/388/389 308/389/391 303/384/392
f 303/384/392 308/389/391 309/390/393 304/385/394
f 305/386/386 280/391/395 281/392/396 306/387/387
f 306/387/387 281/392/396 282/393/397 307/388/389
f 307/388/389 282/393/397 283/394/398 308/389/391
f 308/389/391 283/394/398 284/395/399 309/390/393
s 10
f 309/396/400 294/397/401 299/398/402 304/399/403
f 284/370/404 289/369/405 294/397/401 309/396/400
s 5
f 275/400/340 285/362/351 280/361/350 274/401/341
s 6
f 276/402/342 290/371/361 285/362/360 275/400/343
f 277/403/344 295/376/370 290/371/361 276/402/342
s 7
f 278/404/345 300/381/376 295/376/375 277/403/346
s 8
f 279/405/347 305/386/386 300/381/385 278/404/348
f 274/406/349 280/391/395 305/386/386 279/405/347
s 11
usemtl blinn16SG
f 310/407/406 1542/408/407 2142/409/408 1545/410/409
f 1542/411/407 311/412/410 1543/413/411 2142/414/408
f 2142/415/408 1543/416/411 813/417/412 1544/418/413
f 1545/419/409 2142/420/408 1544/421/413 814/422/414
f 311/423/410 1546/424/415 2143/425/416 1543/426/411
f 1546/427/415 312/428/417 1547/429/418 2143/430/416
f 2143/431/416 1547/432/418 812/433/419 1548/434/420
f 1543/435/411 2143/436/416 1548/437/420 813/438/412
f 312/439/417 1549/440/421 2144/441/422 1547/442/418
f 1549/443/421 313/444/423 1550/445/424 2144/446/422
f 2144/447/422 1550/448/424 811/449/425 1551/450/426
f 1547/451/418 2144/452/422 1551/453/426 812/454/419
f 313/455/423 1552/456/427 2145/457/428 1550/458/424
f 1552/459/427 314/460/429 1553/461/430 2145/462/428
f 2145/463/428 1553/464/430 810/465/431 1554/466/432
f 1550/467/424 2145/468/428 1554/469/432 811/470/425
f 314/471/429 1555/472/433 2146/473/434 1553/474/430
f 1555/475/433 315/476/435 1556/477/436 2146/478/434
f 2146/479/434 1556/480/436 809/481/437 1557/482/438
f 1553/483/430 2146/484/434 1557/485/438 810/486/431
f 315/487/435 1558/488/439 2147/489/440 1556/490/436
f 1558/491/439 316/492/441 1559/493/442 2147/494/440
f 2147/495/440 1559/496/442 808/497/443 1560/498/444
f 1556/499/436 2147/500/440 1560/501/444 809/502/437
f 316/503/441 1561/504/445 2148/505/446 1559/506/442
f 1561/507/445 317/508/447 1562/509/448 2148/510/446
f 2148/511/446 1562/512/448 807/513/449 1563/514/450
f 1559/515/442 2148/516/446 1563/517/450 808/518/443
f 317/519/447 1564/520/451 2149/521/452 1562/522/448
f 1564/523/451 318/524/453 1565/525/454 2149/526/452
f 2149/527/452 1565/528/454 806/529/455 1566/530/456
f 1562/531/448 2149/532/452 1566/533/456 807/534/449
f 318/535/453 1567/536/457 2150/537/458 1565/538/454
f 1567/539/457 319/540/459 1568/541/460 2150/542/458
f 2150/543/458 1568/544/460 805/545/461 1569/546/462
f 1565/547/454 2150/548/458 1569/549/462 806/550/455
f 319/551/459 1570/552/463 2151/553/464 1568/554/460
f 1570/555/463 320/556/465 1571/557/466 2151/558/464
f 2151/559/464 1571/560/466 804/561/467 1572/562/468
f 1568/563/460 2151/564/464 1572/565/468 805/566/461
f 320/567/465 1573/568/469 2152/569/470 1571/570/466
f 1573/571/469 321/572/471 1574/573/472 2152/574/470
f 2152/575/470 1574/576/472 803/577/473 1575/578/474
f 1571/579/466 2152/580/470 1575/581/474 804/582/467
f 321/583/471 1576/584/475 2153/585/476 1574/586/472
f 1576/587/475 322/588/477 1577/589/478 2153/590/476
f 2153/591/476 1577/592/478 802/593/479 1578/594/480
f 1574/595/472 2153/596/476 1578/597/480 803/598/473
f 322/599/477 1579/600/481 2154/601/482 1577/602/478
f 1579/603/481 323/604/483 1580/605/484 2154/606/482
f 2154/607/482 1580/608/484 801/609/485 1581/610/486
f 1577/611/478 2154/612/482 1581/613/486 802/614/479
f 323/615/483 1582/616/487 2155/617/488 1580/618/484
f 1582/619/487 324/620/489 1583/621/490 2155/622/488
f 2155/623/488 1583/624/490 800/625/491 1584/626/492
f 1580/627/484 2155/628/488 1584/629/492 801/630/485
f 324/631/489 1585/632/493 2156/633/494 1583/634/490
f 1585/635/493 325/636/495 1586/637/496 2156/638/494
f 2156/639/494 1586/640/496 799/641/497 1587/642/498
f 1583/643/490 2156/644/494 1587/645/498 800/646/491
f 325/647/495 1588/648/499 2157/649/500 1586/650/496
f 1588/651/499 326/652/501 1589/653/502 2157/654/500
f 2157/655/500 1589/656/502 798/657/503 1590/658/504
f 1586/659/496 2157/660/500 1590/661/504 799/662/497
f 326/663/501 1591/664/505 2158/665/506 1589/666/502
f 1591/667/505 327/668/507 1592/669/508 2158/670/506
f 2158/671/506 1592/672/508 797/673/509 1593/674/510
f 1589/675/502 2158/676/506 1593/677/510 798/678/503
f 327/679/507 1594/680/511 2159/681/512 1592/682/508
f 1594/683/511 328/684/513 1595/685/514 2159/686/512
f 2159/687/512 1595/688/514 796/689/515 1596/690/516
f 1592/691/508 2159/692/512 1596/693/516 797/694/509
f 328/695/513 1597/696/517 2160/697/518 1595/698/514
f 1597/699/517 329/700/519 1598/701/520 2160/702/518
f 2160/703/518 1598/704/520 795/705/521 1599/706/522
f 1595/707/514 2160/708/518 1599/709/522 796/710/515
f 329/711/519 1600/712/523 2161/713/524 1598/714/520
f 1600/715/523 330/716/525 1601/717/526 2161/718/524
f 2161/719/524 1601/720/526 794/721/527 1602/722/528
f 1598/723/520 2161/724/524 1602/725/528 795/726/521
f 330/727/525 1603/728/529 2162/729/530 1601/730/526
f 1603/731/529 331/732/531 1604/733/532 2162/734/530
f 2162/735/530 1604/736/532 793/737/533 1605/738/534
f 1601/739/526 2162/740/530 1605/741/534 794/742/527
f 331/743/531 1606/744/535 2163/745/536 1604/746/532
f 1606/747/535 332/748/537 1607/749/538 2163/750/536
f 2163/751/536 1607/752/538 792/753/539 1608/754/540
f 1604/755/532 2163/756/536 1608/757/540 793/758/533
f 332/759/537 1609/760/541 2164/761/542 1607/762/538
f 1609/763/541 333/764/543 1610/765/544 2164/766/542
f 2164/767/542 1610/768/544 821/769/545 1611/770/546
f 1607/771/538 2164/772/542 1611/773/546 792/774/539
f 333/775/543 1612/776/547 2165/777/548 1610/778/544
f 1612/779/547 334/780/549 1613/781/550 2165/782/548
f 2165/783/548 1613/784/550 820/785/551 1614/786/552
f 1610/787/544 2165/788/548 1614/789/552 821/790/545
f 334/791/549 1615/792/553 2166/793/554 1613/794/550
f 1615/795/553 335/796/555 1616/797/556 2166/798/554
f 2166/799/554 1616/800/556 819/801/557 1617/802/558
f 1613/803/550 2166/804/554 1617/805/558 820/806/551
f 335/807/555 1618/808/559 2167/809/560 1616/810/556
f 1618/811/559 336/812/561 1619/813/562 2167/814/560
f 2167/815/560 1619/816/562 818/817/563 1620/818/564
f 1616/819/556 2167/820/560 1620/821/564 819/822/557
f 336/823/561 1621/824/565 2168/825/566 1619/826/562
f 1621/827/565 337/828/567 1622/829/568 2168/830/566
f 2168/831/566 1622/832/568 817/833/569 1623/834/570
f 1619/835/562 2168/836/566 1623/837/570 818/838/563
f 337/839/567 1624/840/571 2169/841/572 1622/842/568
f 1624/843/571 338/844/573 1625/845/574 2169/846/572
f 2169/847/572 1625/848/574 816/849/575 1626/850/576
f 1622/851/568 2169/852/572 1626/853/576 817/854/569
f 338/855/573 1627/856/577 2170/857/578 1625/858/574
f 1627/859/577 339/860/579 1628/861/580 2170/862/578
f 2170/863/578 1628/864/580 815/865/581 1629/866/582
f 1625/867/574 2170/868/578 1629/869/582 816/870/575
f 339/871/579 1630/872/583 2171/873/584 1628/874/580
f 1630/875/583 310/876/406 1545/877/409 2171/878/584
f 2171/879/584 1545/880/409 814/881/414 1631/882/585
f 1628/883/580 2171/884/584 1631/885/585 815/886/581
f 340/887/586 1632/888/587 2172/889/588 1635/890/589
f 1632/891/587 341/892/590 1633/893/591 2172/894/588
f 2172/895/588 1633/896/591 371/897/592 1634/898/593
f 1635/899/589 2172/900/588 1634/901/593 370/902/594
f 341/903/590 1636/904/595 2173/905/596 1633/906/591
f 1636/907/595 342/908/597 1637/909/598 2173/910/596
f 2173/911/596 1637/912/598 372/913/599 1638/914/600
f 1633/915/591 2173/916/596 1638/917/600 371/918/592
f 342/919/597 1639/920/601 2174/921/602 1637/922/598
f 1639/923/601 343/924/603 1640/925/604 2174/926/602
f 2174/927/602 1640/928/604 373/929/605 1641/930/606
f 1637/931/598 2174/932/602 1641/933/606 372/934/599
f 343/935/603 1642/936/607 2175/937/608 1640/938/604
f 1642/939/607 344/940/609 1643/941/610 2175/942/608
f 2175/943/608 1643/944/610 374/945/611 1644/946/612
f 1640/947/604 2175/948/608 1644/949/612 373/950/605
f 344/951/609 1645/952/613 2176/953/614 1643/954/610
f 1645/955/613 345/956/615 1646/957/616 2176/958/614
f 2176/959/614 1646/960/616 375/961/617 1647/962/618
f 1643/963/610 2176/964/614 1647/965/618 374/966/611
f 345/967/615 1648/968/619 2177/969/620 1646/970/616
f 1648/971/619 346/972/621 1649/973/622 2177/974/620
f 2177/975/620 1649/976/622 376/977/623 1650/978/624
f 1646/979/616 2177/980/620 1650/981/624 375/982/617
f 346/983/621 1651/984/625 2178/985/626 1649/986/622
f 1651/987/625 347/988/627 1652/989/628 2178/990/626
f 2178/991/626 1652/992/628 377/993/629 1653/994/630
f 1649/995/622 2178/996/626 1653/997/630 376/998/623
f 347/999/627 1654/1000/631 2179/1001/632 1652/1002/628
f 1654/1003/631 348/1004/633 1655/1005/634 2179/1006/632
f 2179/1007/632 1655/1008/634 378/1009/635 1656/1010/636
f 1652/1011/628 2179/1012/632 1656/1013/636 377/1014/629
f 348/1015/633 1657/1016/637 2180/1017/638 1655/1018/634
f 1657/1019/637 349/1020/639 1658/1021/640 2180/1022/638
f 2180/1023/638 1658/1024/640 379/1025/641 1659/1026/642
f 1655/1027/634 2180/1028/638 1659/1029/642 378/1030/635
f 349/1031/639 1660/1032/643 2181/1033/644 1658/1034/640
f 1660/1035/643 350/1036/645 1661/1037/646 2181/1038/644
f 2181/1039/644 1661/1040/646 380/1041/647 1662/1042/648
f 1658/1043/640 2181/1044/644 1662/1045/648 379/1046/641
f 350/1047/645 1663/1048/649 2182/1049/650 1661/1050/646
f 1663/1051/649 351/1052/651 1664/1053/652 2182/1054/650
f 2182/1055/650 1664/1056/652 381/1057/653 1665/1058/654
f 1661/1059/646 2182/1060/650 1665/1061/654 380/1062/647
f 351/1063/651 1666/1064/655 2183/1065/656 1664/1066/652
f 1666/1067/655 352/1068/657 1667/1069/658 2183/1070/656
f 2183/1071/656 1667/1072/658 382/1073/659 1668/1074/660
f 1664/1075/652 2183/1076/656 1668/1077/660 381/1078/653
f 352/1079/657 1669/1080/661 2184/1081/662 1667/1082/658
f 1669/1083/661 353/1084/663 1670/1085/664 2184/1086/662
f 2184/1087/662 1670/1088/664 383/1089/665 1671/1090/666
f 1667/1091/658 2184/1092/662 1671/1093/666 382/1094/659
f 353/1095/663 1672/1096/667 2185/1097/668 1670/1098/664
f 1672/1099/667 354/1100/669 1673/1101/670 2185/1102/668
f 2185/1103/668 1673/1104/670 384/1105/671 1674/1106/672
f 1670/1107/664 2185/1108/668 1674/1109/672 383/1110/665
f 354/1111/669 1675/1112/673 2186/1113/674 1673/1114/670
f 1675/1115/673 355/1116/675 1676/1117/676 2186/1118/674
f 2186/1119/674 1676/1120/676 385/1121/677 1677/1122/678
f 1673/1123/670 2186/1124/674 1677/1125/678 384/1126/671
f 355/1127/675 1678/1128/679 2187/1129/680 1676/1130/676
f 1678/1131/679 356/1132/681 1679/1133/682 2187/1134/680
f 2187/1135/680 1679/1136/682 386/1137/683 1680/1138/684
f 1676/1139/676 2187/1140/680 1680/1141/684 385/1142/677
f 356/1143/681 1681/1144/685 2188/1145/686 1679/1146/682
f 1681/1147/685 357/1148/687 1682/1149/688 2188/1150/686
f 2188/1151/686 1682/1152/688 387/1153/689 1683/1154/690
f 1679/1155/682 2188/1156/686 1683/1157/690 386/1158/683
f 357/1159/687 1684/1160/691 2189/1161/692 1682/1162/688
f 1684/1163/691 358/1164/693 1685/1165/694 2189/1166/692
f 2189/1167/692 1685/1168/694 388/1169/695 1686/1170/696
f 1682/1171/688 2189/1172/692 1686/1173/696 387/1174/689
f 358/1175/693 1687/1176/697 2190/1177/698 1685/1178/694
f 1687/1179/697 359/1180/699 1688/1181/700 2190/1182/698
f 2190/1183/698 1688/1184/700 389/1185/701 1689/1186/702
f 1685/1187/694 2190/1188/698 1689/1189/702 388/1190/695
f 359/1191/699 1690/1192/703 2191/1193/704 1688/1194/700
f 1690/1195/703 360/1196/705 1691/1197/706 2191/1198/704
f 2191/1199/704 1691/1200/706 390/1201/707 1692/1202/708
f 1688/1203/700 2191/1204/704 1692/1205/708 389/1206/701
f 360/1207/705 1693/1208/709 2192/1209/710 1691/1210/706
f 1693/1211/709 361/1212/711 1694/1213/712 2192/1214/710
f 2192/1215/710 1694/1216/712 391/1217/713 1695/1218/714
f 1691/1219/706 2192/1220/710 1695/1221/714 390/1222/707
f 361/1223/711 1696/1224/715 2193/1225/716 1694/1226/712
f 1696/1227/715 362/1228/717 1697/1229/718 2193/1230/716
f 2193/1231/716 1697/1232/718 392/1233/719 1698/1234/720
f 1694/1235/712 2193/1236/716 1698/1237/720 391/1238/713
f 362/1239/717 1699/1240/721 2194/1241/722 1697/1242/718
f 1699/1243/721 363/1244/723 1700/1245/724 2194/1246/722
f 2194/1247/722 1700/1248/724 393/1249/725 1701/1250/726
f 1697/1251/718 2194/1252/722 1701/1253/726 392/1254/719
f 363/1255/723 1702/1256/727 2195/1257/728 1700/1258/724
f 1702/1259/727 364/1260/729 1703/1261/730 2195/1262/728
f 2195/1263/728 1703/1264/730 394/1265/731 1704/1266/732
f 1700/1267/724 2195/1268/728 1704/1269/732 393/1270/725
f 364/1271/729 1705/1272/733 2196/1273/734 1703/1274/730
f 1705/1275/733 365/1276/735 1706/1277/736 2196/1278/734
f 2196/1279/734 1706/1280/736 395/1281/737 1707/1282/738
f 1703/1283/730 2196/1284/734 1707/1285/738 394/1286/731
f 365/1287/735 1708/1288/739 2197/1289/740 1706/1290/736
f 1708/1291/739 366/1292/741 1709/1293/742 2197/1294/740
f 2197/1295/740 1709/1296/742 396/1297/743 1710/1298/744
f 1706/1299/736 2197/1300/740 1710/1301/744 395/1302/737
f 366/1303/741 1711/1304/745 2198/1305/746 1709/1306/742
f 1711/1307/745 367/1308/747 1712/1309/748 2198/1310/746
f 2198/1311/746 1712/1312/748 397/1313/749 1713/1314/750
f 1709/1315/742 2198/1316/746 1713/1317/750 396/1318/743
f 367/1319/747 1714/1320/751 2199/1321/752 1712/1322/748
f 1714/1323/751 368/1324/753 1715/1325/754 2199/1326/752
f 2199/1327/752 1715/1328/754 398/1329/755 1716/1330/756
f 1712/1331/748 2199/1332/752 1716/1333/756 397/1334/749
f 368/1335/753 1717/1336/757 2200/1337/758 1715/1338/754
f 1717/1339/757 369/1340/759 1718/1341/760 2200/1342/758
f 2200/1343/758 1718/1344/760 399/1345/761 1719/1346/762
f 1715/1347/754 2200/1348/758 1719/1349/762 398/1350/755
f 369/1351/759 1720/1352/763 2201/1353/764 1718/1354/760
f 1720/1355/763 340/1356/586 1635/1357/589 2201/1358/764
f 2201/1359/764 1635/1360/589 370/1361/594 1721/1362/765
f 1718/1363/760 2201/1364/764 1721/1365/765 399/1366/761
f 370/1367/594 1634/1368/593 2202/1369/766 1724/1370/767
f 1634/1371/593 371/1372/592 1722/1373/768 2202/1374/766
f 2202/1375/766 1722/1376/768 401/1377/769 1723/1378/770
f 1724/1379/767 2202/1380/766 1723/1381/770 400/1382/771
f 371/1383/592 1638/1384/600 2203/1385/772 1722/1386/768
f 1638/1387/600 372/1388/599 1725/1389/773 2203/1390/772
f 2203/1391/772 1725/1392/773 402/1393/774 1726/1394/775
f 1722/1395/768 2203/1396/772 1726/1397/775 401/1398/769
f 372/1399/599 1641/1400/606 2204/1401/776 1725/1402/773
f 1641/1403/606 373/1404/605 1727/1405/777 2204/1406/776
f 2204/1407/776 1727/1408/777 403/1409/778 1728/1410/779
f 1725/1411/773 2204/1412/776 1728/1413/779 402/1414/774
f 373/1415/605 1644/1416/612 2205/1417/780 1727/1418/777
f 1644/1419/612 374/1420/611 1729/1421/781 2205/1422/780
f 2205/1423/780 1729/1424/781 404/1425/782 1730/1426/783
f 1727/1427/777 2205/1428/780 1730/1429/783 403/1430/778
f 374/1431/611 1647/1432/618 2206/1433/784 1729/1434/781
f 1647/1435/618 375/1436/617 1731/1437/785 2206/1438/784
f 2206/1439/784 1731/1440/785 405/1441/786 1732/1442/787
f 1729/1443/781 2206/1444/784 1732/1445/787 404/1446/782
f 375/1447/617 1650/1448/624 2207/1449/788 1731/1450/785
f 1650/1451/624 376/1452/623 1733/1453/789 2207/1454/788
f 2207/1455/788 1733/1456/789 406/1457/790 1734/1458/791
f 1731/1459/785 2207/1460/788 1734/1461/791 405/1462/786
f 376/1463/623 1653/1464/630 2208/1465/792 1733/1466/789
f 1653/1467/630 377/1468/629 1735/1469/793 2208/1470/792
f 2208/1471/792 1735/1472/793 407/1473/794 1736/1474/795
f 1733/1475/789 2208/1476/792 1736/1477/795 406/1478/790
f 377/1479/629 1656/1480/636 2209/1481/796 1735/1482/793
f 1656/1483/636 378/1484/635 1737/1485/797 2209/1486/796
f 2209/1487/796 1737/1488/797 408/1489/798 1738/1490/799
f 1735/1491/793 2209/1492/796 1738/1493/799 407/1494/794
f 378/1495/635 1659/1496/642 2210/1497/800 1737/1498/797
f 1659/1499/642 379/1500/641 1739/1501/801 2210/1502/800
f 2210/1503/800 1739/1504/801 409/1505/802 1740/1506/803
f 1737/1507/797 2210/1508/800 1740/1509/803 408/1510/798
f 379/1511/641 1662/1512/648 2211/1513/804 1739/1514/801
f 1662/1515/648 380/1516/647 1741/1517/805 2211/1518/804
f 2211/1519/804 1741/1520/805 410/1521/806 1742/1522/807
f 1739/1523/801 2211/1524/804 1742/1525/807 409/1526/802
f 380/1527/647 1665/1528/654 2212/1529/808 1741/1530/805
f 1665/1531/654 381/1532/653 1743/1533/809 2212/1534/808
f 2212/1535/808 1743/1536/809 411/1537/810 1744/1538/811
f 1741/1539/805 2212/1540/808 1744/1541/811 410/1542/806
f 381/1543/653 1668/1544/660 2213/1545/812 1743/1546/809
f 1668/1547/660 382/1548/659 1745/1549/813 2213/1550/812
f 2213/1551/812 1745/1552/813 412/1553/814 1746/1554/815
f 1743/1555/809 2213/1556/812 1746/1557/815 411/1558/810
f 382/1559/659 1671/1560/666 2214/1561/816 1745/1562/813
f 1671/1563/666 383/1564/665 1747/1565/817 2214/1566/816
f 2214/1567/816 1747/1568/817 413/1569/818 1748/1570/819
f 1745/1571/813 2214/1572/816 1748/1573/819 412/1574/814
f 383/1575/665 1674/1576/672 2215/1577/820 1747/1578/817
f 1674/1579/672 384/1580/671 1749/1581/821 2215/1582/820
f 2215/1583/820 1749/1584/821 414/1585/822 1750/1586/823
f 1747/1587/817 2215/1588/820 1750/1589/823 413/1590/818
f 384/1591/671 1677/1592/678 2216/1593/824 1749/1594/821
f 1677/1595/678 385/1596/677 1751/1597/825 2216/1598/824
f 2216/1599/824 1751/1600/825 415/1601/826 1752/1602/827
f 1749/1603/821 2216/1604/824 1752/1605/827 414/1606/822
f 385/1607/677 1680/1608/684 2217/1609/828 1751/1610/825
f 1680/1611/684 386/1612/683 1753/1613/829 2217/1614/828
f 2217/1615/828 1753/1616/829 416/1617/830 1754/1618/831
f 1751/1619/825 2217/1620/828 1754/1621/831 415/1622/826
f 386/1623/683 1683/1624/690 2218/1625/832 1753/1626/829
f 1683/1627/690 387/1628/689 1755/1629/833 2218/1630/832
f 2218/1631/832 1755/1632/833 417/1633/834 1756/1634/835
f 1753/1635/829 2218/1636/832 1756/1637/835 416/1638/830
f 387/1639/689 1686/1640/696 2219/1641/836 1755/1642/833
f 1686/1643/696 388/1644/695 1757/1645/837 2219/1646/836
f 2219/1647/836 1757/1648/837 418/1649/838 1758/1650/839
f 1755/1651/833 2219/1652/836 1758/1653/839 417/1654/834
f 388/1655/695 1689/1656/702 2220/1657/840 1757/1658/837
f 1689/1659/702 389/1660/701 1759/1661/841 2220/1662/840
f 2220/1663/840 1759/1664/841 419/1665/842 1760/1666/843
f 1757/1667/837 2220/1668/840 1760/1669/843 418/1670/838
f 389/1671/701 1692/1672/708 2221/1673/844 1759/1674/841
f 1692/1675/708 390/1676/707 1761/1677/845 2221/1678/844
f 2221/1679/844 1761/1680/845 420/1681/846 1762/1682/847
f 1759/1683/841 2221/1684/844 1762/1685/847 419/1686/842
f 390/1687/707 1695/1688/714 2222/1689/848 1761/1690/845
f 1695/1691/714 391/1692/713 1763/1693/849 2222/1694/848
f 2222/1695/848 1763/1696/849 421/1697/850 1764/1698/851
f 1761/1699/845 2222/1700/848 1764/1701/851 420/1702/846
f 391/1703/713 1698/1704/720 2223/1705/852 1763/1706/849
f 1698/1707/720 392/1708/719 1765/1709/853 2223/1710/852
f 2223/1711/852 1765/1712/853 422/1713/854 1766/1714/855
f 1763/1715/849 2223/1716/852 1766/1717/855 421/1718/850
f 392/1719/719 1701/1720/726 2224/1721/856 1765/1722/853
f 1701/1723/726 393/1724/725 1767/1725/857 2224/1726/856
f 2224/1727/856 1767/1728/857 423/1729/858 1768/1730/859
f 1765/1731/853 2224/1732/856 1768/1733/859 422/1734/854
f 393/1735/725 1704/1736/732 2225/1737/860 1767/1738/857
f 1704/1739/732 394/1740/731 1769/1741/861 2225/1742/860
f 2225/1743/860 1769/1744/861 424/1745/862 1770/1746/863
f 1767/1747/857 2225/1748/860 1770/1749/863 423/1750/858
f 394/1751/731 1707/1752/738 2226/1753/864 1769/1754/861
f 1707/1755/738 395/1756/737 1771/1757/865 2226/1758/864
f 2226/1759/864 1771/1760/865 425/1761/866 1772/1762/867
f 1769/1763/861 2226/1764/864 1772/1765/867 424/1766/862
f 395/1767/737 1710/1768/744 2227/1769/868 1771/1770/865
f 1710/1771/744 396/1772/743 1773/1773/869 2227/1774/868
f 2227/1775/868 1773/1776/869 426/1777/870 1774/1778/871
f 1771/1779/865 2227/1780/868 1774/1781/871 425/1782/866
f 396/1783/743 1713/1784/750 2228/1785/872 1773/1786/869
f 1713/1787/750 397/1788/749 1775/1789/873 2228/1790/872
f 2228/1791/872 1775/1792/873 427/1793/874 1776/1794/875
f 1773/1795/869 2228/1796/872 1776/1797/875 426/1798/870
f 397/1799/749 1716/1800/756 2229/1801/876 1775/1802/873
f 1716/1803/756 398/1804/755 1777/1805/877 2229/1806/876
f 2229/1807/876 1777/1808/877 428/1809/878 1778/1810/879
f 1775/1811/873 2229/1812/876 1778/1813/879 427/1814/874
f 398/1815/755 1719/1816/762 2230/1817/880 1777/1818/877
f 1719/1819/762 399/1820/761 1779/1821/881 2230/1822/880
f 2230/1823/880 1779/1824/881 429/1825/882 1780/1826/883
f 1777/1827/877 2230/1828/880 1780/1829/883 428/1830/878
f 399/1831/761 1721/1832/765 2231/1833/884 1779/1834/881
f 1721/1835/765 370/1836/594 1724/1837/767 2231/1838/884
f 2231/1839/884 1724/1840/767 400/1841/771 1781/1842/885
f 1779/1843/881 2231/1844/884 1781/1845/885 429/1846/882
f 400/1847/771 1723/1848/770 2232/1849/886 1784/1850/887
f 1723/1851/770 401/1852/769 1782/1853/888 2232/1854/886
f 2232/1855/886 1782/1856/888 846/1857/889 1783/1858/890
f 1784/1859/887 2232/1860/886 1783/1861/890 847/1862/891
f 401/1863/769 1726/1864/775 2233/1865/892 1782/1866/888
f 1726/1867/775 402/1868/774 1785/1869/893 2233/1870/892
f 2233/1871/892 1785/1872/893 845/1873/894 1786/1874/895
f 1782/1875/888 2233/1876/892 1786/1877/895 846/1878/889
f 402/1879/774 1728/1880/779 2234/1881/896 1785/1882/893
f 1728/1883/779 403/1884/778 1787/1885/897 2234/1886/896
f 2234/1887/896 1787/1888/897 844/1889/898 1788/1890/899
f 1785/1891/893 2234/1892/896 1788/1893/899 845/1894/894
f 403/1895/778 1730/1896/783 2235/1897/900 1787/1898/897
f 1730/1899/783 404/1900/782 1789/1901/901 2235/1902/900
f 2235/1903/900 1789/1904/901 843/1905/902 1790/1906/903
f 1787/1907/897 2235/1908/900 1790/1909/903 844/1910/898
f 404/1911/782 1732/1912/787 2236/1913/904 1789/1914/901
f 1732/1915/787 405/1916/786 1791/1917/905 2236/1918/904
f 2236/1919/904 1791/1920/905 842/1921/906 1792/1922/907
f 1789/1923/901 2236/1924/904 1792/1925/907 843/1926/902
f 405/1927/786 1734/1928/791 2237/1929/908 1791/1930/905
f 1734/1931/791 406/1932/790 1793/1933/909 2237/1934/908
f 2237/1935/908 1793/1936/909 841/1937/910 1794/1938/911
f 1791/1939/905 2237/1940/908 1794/1941/911 842/1942/906
f 406/1943/790 1736/1944/795 2238/1945/912 1793/1946/909
f 1736/1947/795 407/1948/794 1795/1949/913 2238/1950/912
f 2238/1951/912 1795/1952/913 840/1953/914 1796/1954/915
f 1793/1955/909 2238/1956/912 1796/1957/915 841/1958/910
f 407/1959/794 1738/1960/799 2239/1961/916 1795/1962/913
f 1738/1963/799 408/1964/798 1797/1965/917 2239/1966/916
f 2239/1967/916 1797/1968/917 839/1969/918 1798/1970/919
f 1795/1971/913 2239/1972/916 1798/1973/919 840/1974/914
f 408/1975/798 1740/1976/803 2240/1977/920 1797/1978/917
f 1740/1979/803 409/1980/802 1799/1981/921 2240/1982/920
f 2240/1983/920 1799/1984/921 838/1985/922 1800/1986/923
f 1797/1987/917 2240/1988/920 1800/1989/923 839/1990/918
f 409/1991/802 1742/1992/807 2241/1993/924 1799/1994/921
f 1742/1995/807 410/1996/806 1801/1997/925 2241/1998/924
f 2241/1999/924 1801/2000/925 837/2001/926 1802/2002/927
f 1799/2003/921 2241/2004/924 1802/2005/927 838/2006/922
f 410/2007/806 1744/2008/811 2242/2009/928 1801/2010/925
f 1744/2011/811 411/2012/810 1803/2013/929 2242/2014/928
f 2242/2015/928 1803/2016/929 836/2017/930 1804/2018/931
f 1801/2019/925 2242/2020/928 1804/2021/931 837/2022/926
f 411/2023/810 1746/2024/815 2243/2025/932 1803/2026/929
f 1746/2027/815 412/2028/814 1805/2029/933 2243/2030/932
f 2243/2031/932 1805/2032/933 835/2033/934 1806/2034/935
f 1803/2035/929 2243/2036/932 1806/2037/935 836/2038/930
f 412/2039/814 1748/2040/819 2244/2041/936 1805/2042/933
f 1748/2043/819 413/2044/818 1807/2045/937 2244/2046/936
f 2244/2047/936 1807/2048/937 834/2049/938 1808/2050/939
f 1805/2051/933 2244/2052/936 1808/2053/939 835/2054/934
f 413/2055/818 1750/2056/823 2245/2057/940 1807/2058/937
f 1750/2059/823 414/2060/822 1809/2061/941 2245/2062/940
f 2245/2063/940 1809/2064/941 833/2065/942 1810/2066/943
f 1807/2067/937 2245/2068/940 1810/2069/943 834/2070/938
f 414/2071/822 1752/2072/827 2246/2073/944 1809/2074/941
f 1752/2075/827 415/2076/826 1811/2077/945 2246/2078/944
f 2246/2079/944 1811/2080/945 832/2081/946 1812/2082/947
f 1809/2083/941 2246/2084/944 1812/2085/947 833/2086/942
f 415/2087/826 1754/2088/831 2247/2089/948 1811/2090/945
f 1754/2091/831 416/2092/830 1813/2093/949 2247/2094/948
f 2247/2095/948 1813/2096/949 831/2097/950 1814/2098/951
f 1811/2099/945 2247/2100/948 1814/2101/951 832/2102/946
f 416/2103/830 1756/2104/835 2248/2105/952 1813/2106/949
f 1756/2107/835 417/2108/834 1815/2109/953 2248/2110/952
f 2248/2111/952 1815/2112/953 830/2113/954 1816/2114/955
f 1813/2115/949 2248/2116/952 1816/2117/955 831/2118/950
f 417/2119/834 1758/2120/839 2249/2121/956 1815/2122/953
f 1758/2123/839 418/2124/838 1817/2125/957 2249/2126/956
f 2249/2127/956 1817/2128/957 829/2129/958 1818/2130/959
f 1815/2131/953 2249/2132/956 1818/2133/959 830/2134/954
f 418/2135/838 1760/2136/843 2250/2137/960 1817/2138/957
f 1760/2139/843 419/2140/842 1819/2141/961 2250/2142/960
f 2250/2143/960 1819/2144/961 828/2145/962 1820/2146/963
f 1817/2147/957 2250/2148/960 1820/2149/963 829/2150/958
f 419/2151/842 1762/2152/847 2251/2153/964 1819/2154/961
f 1762/2155/847 420/2156/846 1821/2157/965 2251/2158/964
f 2251/2159/964 1821/2160/965 827/2161/966 1822/2162/967
f 1819/2163/961 2251/2164/964 1822/2165/967 828/2166/962
f 420/2167/846 1764/2168/851 2252/2169/968 1821/2170/965
f 1764/2171/851 421/2172/850 1823/2173/969 2252/2174/968
f 2252/2175/968 1823/2176/969 826/2177/970 1824/2178/971
f 1821/2179/965 2252/2180/968 1824/2181/971 827/2182/966
f 421/2183/850 1766/2184/855 2253/2185/972 1823/2186/969
f 1766/2187/855 422/2188/854 1825/2189/973 2253/2190/972
f 2253/2191/972 1825/2192/973 825/2193/974 1826/2194/975
f 1823/2195/969 2253/2196/972 1826/2197/975 826/2198/970
f 422/2199/854 1768/2200/859 2254/2201/976 1825/2202/973
f 1768/2203/859 423/2204/858 1827/2205/977 2254/2206/976
f 2254/2207/976 1827/2208/977 824/2209/978 1828/2210/979
f 1825/2211/973 2254/2212/976 1828/2213/979 825/2214/974
f 423/2215/858 1770/2216/863 2255/2217/980 1827/2218/977
f 1770/2219/863 424/2220/862 1829/2221/981 2255/2222/980
f 2255/2223/980 1829/2224/981 823/2225/982 1830/2226/983
f 1827/2227/977 2255/2228/980 1830/2229/983 824/2230/978
f 424/2231/862 1772/2232/867 2256/2233/984 1829/2234/981
f 1772/2235/867 425/2236/866 1831/2237/985 2256/2238/984
f 2256/2239/984 1831/2240/985 822/2241/986 1832/2242/987
f 1829/2243/981 2256/2244/984 1832/2245/987 823/2246/982
f 425/2247/866 1774/2248/871 2257/2249/988 1831/2250/985
f 1774/2251/871 426/2252/870 1833/2253/989 2257/2254/988
f 2257/2255/988 1833/2256/989 851/2257/990 1834/2258/991
f 1831/2259/985 2257/2260/988 1834/2261/991 822/2262/986
f 426/2263/870 1776/2264/875 2258/2265/992 1833/2266/989
f 1776/2267/875 427/2268/874 1835/2269/993 2258/2270/992
f 2258/2271/992 1835/2272/993 850/2273/994 1836/2274/995
f 1833/2275/989 2258/2276/992 1836/2277/995 851/2278/990
f 427/2279/874 1778/2280/879 2259/2281/996 1835/2282/993
f 1778/2283/879 428/2284/878 1837/2285/997 2259/2286/996
f 2259/2287/996 1837/2288/997 849/2289/998 1838/2290/999
f 1835/2291/993 2259/2292/996 1838/2293/999 850/2294/994
f 428/2295/878 1780/2296/883 2260/2297/1000 1837/2298/997
f 1780/2299/883 429/2300/882 1839/2301/1001 2260/2302/1000
f 2260/2303/1000 1839/2304/1001 848/2305/1002 1840/2306/1003
f 1837/2307/997 2260/2308/1000 1840/2309/1003 849/2310/998
f 429/2311/882 1781/2312/885 2261/2313/1004 1839/2314/1001
f 1781/2315/885 400/2316/771 1784/2317/887 2261/2318/1004
f 2261/2319/1004 1784/2320/887 847/2321/891 1841/2322/1005
f 1839/2323/1001 2261/2324/1004 1841/2325/1005 848/2326/1002
f 311/2327/410 1542/2328/407 2262/2329/1006 1843/2330/1007
f 310/2331/406 1842/2332/1008 2262/2333/1006 1542/2334/407
f 460/2335/1009 1843/2336/1007 2262/2337/1006 1842/2338/1008
f 312/2339/417 1546/2340/415 2263/2341/1010 1844/2342/1011
f 311/2343/410 1843/2344/1007 2263/2345/1010 1546/2346/415
f 460/2347/1009 1844/2348/1011 2263/2349/1010 1843/2350/1007
f 313/2351/423 1549/2352/421 2264/2353/1012 1845/2354/1013
f 312/2355/417 1844/2356/1011 2264/2357/1012 1549/2358/421
f 460/2359/1009 1845/2360/1013 2264/2361/1012 1844/2362/1011
f 314/2363/429 1552/2364/427 2265/2365/1014 1846/2366/1015
f 313/2367/423 1845/2368/1013 2265/2369/1014 1552/2370/427
f 460/2371/1009 1846/2372/1015 2265/2373/1014 1845/2374/1013
f 315/2375/435 1555/2376/433 2266/2377/1016 1847/2378/1017
f 314/2379/429 1846/2380/1015 2266/2381/1016 1555/2382/433
f 460/2383/1009 1847/2384/1017 2266/2385/1016 1846/2386/1015
f 316/2387/441 1558/2388/439 2267/2389/1018 1848/2390/1019
f 315/2391/435 1847/2392/1017 2267/2393/1018 1558/2394/439
f 460/2395/1009 1848/2396/1019 2267/2397/1018 1847/2398/1017
f 317/2399/447 1561/2400/445 2268/2401/1020 1849/2402/1021
f 316/2403/441 1848/2404/1019 2268/2405/1020 1561/2406/445
f 460/2407/1009 1849/2408/1021 2268/2409/1020 1848/2410/1019
f 318/2411/453 1564/2412/451 2269/2413/1022 1850/2414/1023
f 317/2415/447 1849/2416/1021 2269/2417/1022 1564/2418/451
f 460/2419/1009 1850/2420/1023 2269/2421/1022 1849/2422/1021
f 319/2423/459 1567/2424/457 2270/2425/1024 1851/2426/1025
f 318/2427/453 1850/2428/1023 2270/2429/1024 1567/2430/457
f 460/2431/1009 1851/2432/1025 2270/2433/1024 1850/2434/1023
f 320/2435/465 1570/2436/463 2271/2437/1026 1852/2438/1027
f 319/2439/459 1851/2440/1025 2271/2441/1026 1570/2442/463
f 460/2443/1009 1852/2444/1027 2271/2445/1026 1851/2446/1025
f 321/2447/471 1573/2448/469 2272/2449/1028 1853/2450/1029
f 320/2451/465 1852/2452/1027 2272/2453/1028 1573/2454/469
f 460/2455/1009 1853/2456/1029 2272/2457/1028 1852/2458/1027
f 322/2459/477 1576/2460/475 2273/2461/1030 1854/2462/1031
f 321/2463/471 1853/2464/1029 2273/2465/1030 1576/2466/475
f 460/2467/1009 1854/2468/1031 2273/2469/1030 1853/2470/1029
f 323/2471/483 1579/2472/481 2274/2473/1032 1855/2474/1033
f 322/2475/477 1854/2476/1031 2274/2477/1032 1579/2478/481
f 460/2479/1009 1855/2480/1033 2274/2481/1032 1854/2482/1031
f 324/2483/489 1582/2484/487 2275/2485/1034 1856/2486/1035
f 323/2487/483 1855/2488/1033 2275/2489/1034 1582/2490/487
f 460/2491/1009 1856/2492/1035 2275/2493/1034 1855/2494/1033
f 325/2495/495 1585/2496/493 2276/2497/1036 1857/2498/1037
f 324/2499/489 1856/2500/1035 2276/2501/1036 1585/2502/493
f 460/2503/1009 1857/2504/1037 2276/2505/1036 1856/2506/1035
f 326/2507/501 1588/2508/499 2277/2509/1038 1858/2510/1039
f 325/2511/495 1857/2512/1037 2277/2513/1038 1588/2514/499
f 460/2515/1009 1858/2516/1039 2277/2517/1038 1857/2518/1037
f 327/2519/507 1591/2520/505 2278/2521/1040 1859/2522/1041
f 326/2523/501 1858/2524/1039 2278/2525/1040 1591/2526/505
f 460/2527/1009 1859/2528/1041 2278/2529/1040 1858/2530/1039
f 328/2531/513 1594/2532/511 2279/2533/1042 1860/2534/1043
f 327/2535/507 1859/2536/1041 2279/2537/1042 1594/2538/511
f 460/2539/1009 1860/2540/1043 2279/2541/1042 1859/2542/1041
f 329/2543/519 1597/2544/517 2280/2545/1044 1861/2546/1045
f 328/2547/513 1860/2548/1043 2280/2549/1044 1597/2550/517
f 460/2551/1009 1861/2552/1045 2280/2553/1044 1860/2554/1043
f 330/2555/525 1600/2556/523 2281/2557/1046 1862/2558/1047
f 329/2559/519 1861/2560/1045 2281/2561/1046 1600/2562/523
f 460/2563/1009 1862/2564/1047 2281/2565/1046 1861/2566/1045
f 331/2567/531 1603/2568/529 2282/2569/1048 1863/2570/1049
f 330/2571/525 1862/2572/1047 2282/2573/1048 1603/2574/529
f 460/2575/1009 1863/2576/1049 2282/2577/1048 1862/2578/1047
f 332/2579/537 1606/2580/535 2283/2581/1050 1864/2582/1051
f 331/2583/531 1863/2584/1049 2283/2585/1050 1606/2586/535
f 460/2587/1009 1864/2588/1051 2283/2589/1050 1863/2590/1049
f 333/2591/543 1609/2592/541 2284/2593/1052 1865/2594/1053
f 332/2595/537 1864/2596/1051 2284/2597/1052 1609/2598/541
f 460/2599/1009 1865/2600/1053 2284/2601/1052 1864/2602/1051
f 334/2603/549 1612/2604/547 2285/2605/1054 1866/2606/1055
f 333/2607/543 1865/2608/1053 2285/2609/1054 1612/2610/547
f 460/2611/1009 1866/2612/1055 2285/2613/1054 1865/2614/1053
f 335/2615/555 1615/2616/553 2286/2617/1056 1867/2618/1057
f 334/2619/549 1866/2620/1055 2286/2621/1056 1615/2622/553
f 460/2623/1009 1867/2624/1057 2286/2625/1056 1866/2626/1055
f 336/2627/561 1618/2628/559 2287/2629/1058 1868/2630/1059
f 335/2631/555 1867/2632/1057 2287/2633/1058 1618/2634/559
f 460/2635/1009 1868/2636/1059 2287/2637/1058 1867/2638/1057
f 337/2639/567 1621/2640/565 2288/2641/1060 1869/2642/1061
f 336/2643/561 1868/2644/1059 2288/2645/1060 1621/2646/565
f 460/2647/1009 1869/2648/1061 2288/2649/1060 1868/2650/1059
f 338/2651/573 1624/2652/571 2289/2653/1062 1870/2654/1063
f 337/2655/567 1869/2656/1061 2289/2657/1062 1624/2658/571
f 460/2659/1009 1870/2660/1063 2289/2661/1062 1869/2662/1061
f 339/2663/579 1627/2664/577 2290/2665/1064 1871/2666/1065
f 338/2667/573 1870/2668/1063 2290/2669/1064 1627/2670/577
f 460/2671/1009 1871/2672/1065 2290/2673/1064 1870/2674/1063
f 310/2675/406 1630/2676/583 2291/2677/1066 1842/2678/1008
f 339/2679/579 1871/2680/1065 2291/2681/1066 1630/2682/583
f 460/2683/1009 1842/2684/1008 2291/2685/1066 1871/2686/1065
usemtl lambert5SG
f 491/2687/1067 1872/2688/1068 2292/2689/1069 1874/2690/1070
f 492/2691/1071 1873/2692/1072 2292/2689/1069 1872/2688/1068
f 493/2693/1073 1874/2690/1070 2292/2689/1069 1873/2692/1072
f 492/2691/1071 1875/2694/1074 2293/2695/1075 1873/2692/1072
f 494/2696/1076 1876/2697/1077 2293/2695/1075 1875/2694/1074
f 493/2693/1073 1873/2692/1072 2293/2695/1075 1876/2697/1077
f 494/2696/1076 1877/2698/1078 2294/2699/1079 1876/2697/1077
f 495/2700/1080 1878/2701/1081 2294/2699/1079 1877/2698/1078
f 493/2693/1073 1876/2697/1077 2294/2699/1079 1878/2701/1081
f 495/2700/1080 1879/2702/1082 2295/2703/1083 1878/2701/1081
f 496/2704/1084 1880/2705/1085 2295/2703/1083 1879/2702/1082
f 493/2693/1073 1878/2701/1081 2295/2703/1083 1880/2705/1085
f 496/2704/1084 1881/2706/1086 2296/2707/1087 1880/2705/1085
f 497/2708/1088 1882/2709/1089 2296/2707/1087 1881/2706/1086
f 493/2693/1073 1880/2705/1085 2296/2707/1087 1882/2709/1089
f 497/2708/1088 1883/2710/1090 2297/2711/1091 1882/2709/1089
f 498/2712/1092 1884/2713/1093 2297/2711/1091 1883/2710/1090
f 493/2693/1073 1882/2709/1089 2297/2711/1091 1884/2713/1093
f 498/2712/1092 1885/2714/1094 2298/2715/1095 1884/2713/1093
f 499/2716/1096 1886/2717/1097 2298/2715/1095 1885/2714/1094
f 493/2693/1073 1884/2713/1093 2298/2715/1095 1886/2717/1097
f 499/2716/1096 1887/2718/1098 2299/2719/1099 1886/2717/1097
f 500/2720/1100 1888/2721/1101 2299/2719/1099 1887/2718/1098
f 493/2693/1073 1886/2717/1097 2299/2719/1099 1888/2721/1101
f 500/2720/1100 1889/2722/1102 2300/2723/1103 1888/2721/1101
f 501/2724/1104 1890/2725/1105 2300/2723/1103 1889/2722/1102
f 493/2693/1073 1888/2721/1101 2300/2723/1103 1890/2725/1105
f 501/2724/1104 1891/2726/1106 2301/2727/1107 1890/2725/1105
f 502/2728/1108 1892/2729/1109 2301/2727/1107 1891/2726/1106
f 493/2693/1073 1890/2725/1105 2301/2727/1107 1892/2729/1109
f 502/2728/1108 1893/2730/1110 2302/2731/1111 1892/2729/1109
f 503/2732/1112 1894/2733/1113 2302/2731/1111 1893/2730/1110
f 493/2693/1073 1892/2729/1109 2302/2731/1111 1894/2733/1113
f 503/2732/1112 1895/2734/1114 2303/2735/1115 1894/2733/1113
f 504/2736/1116 1896/2737/1117 2303/2735/1115 1895/2734/1114
f 493/2693/1073 1894/2733/1113 2303/2735/1115 1896/2737/1117
f 504/2736/1116 1897/2738/1118 2304/2739/1119 1896/2737/1117
f 505/2740/1120 1898/2741/1121 2304/2739/1119 1897/2738/1118
f 493/2693/1073 1896/2737/1117 2304/2739/1119 1898/2741/1121
f 505/2740/1120 1899/2742/1122 2305/2743/1123 1898/2741/1121
f 506/2744/1124 1900/2745/1125 2305/2743/1123 1899/2742/1122
f 493/2693/1073 1898/2741/1121 2305/2743/1123 1900/2745/1125
f 506/2744/1124 1901/2746/1126 2306/2747/1127 1900/2745/1125
f 507/2748/1128 1902/2749/1129 2306/2747/1127 1901/2746/1126
f 493/2693/1073 1900/2745/1125 2306/2747/1127 1902/2749/1129
f 507/2748/1128 1903/2750/1130 2307/2751/1131 1902/2749/1129
f 508/2752/1132 1904/2753/1133 2307/2751/1131 1903/2750/1130
f 493/2693/1073 1902/2749/1129 2307/2751/1131 1904/2753/1133
f 508/2752/1132 1905/2754/1134 2308/2755/1135 1904/2753/1133
f 509/2756/1136 1906/2757/1137 2308/2755/1135 1905/2754/1134
f 493/2693/1073 1904/2753/1133 2308/2755/1135 1906/2757/1137
f 509/2756/1136 1907/2758/1138 2309/2759/1139 1906/2757/1137
f 510/2760/1140 1908/2761/1141 2309/2759/1139 1907/2758/1138
f 493/2693/1073 1906/2757/1137 2309/2759/1139 1908/2761/1141
f 510/2760/1140 1909/2762/1142 2310/2763/1143 1908/2761/1141
f 511/2764/1144 1910/2765/1145 2310/2763/1143 1909/2762/1142
f 493/2693/1073 1908/2761/1141 2310/2763/1143 1910/2765/1145
f 511/2764/1144 1911/2766/1146 2311/2767/1147 1910/2765/1145
f 512/2768/1148 1912/2769/1149 2311/2767/1147 1911/2766/1146
f 493/2693/1073 1910/2765/1145 2311/2767/1147 1912/2769/1149
f 512/2768/1148 1913/2770/1150 2312/2771/1151 1912/2769/1149
f 513/2772/1152 1914/2773/1153 2312/2771/1151 1913/2770/1150
f 493/2693/1073 1912/2769/1149 2312/2771/1151 1914/2773/1153
f 513/2772/1152 1915/2774/1154 2313/2775/1155 1914/2773/1153
f 514/2776/1156 1916/2777/1157 2313/2775/1155 1915/2774/1154
f 493/2693/1073 1914/2773/1153 2313/2775/1155 1916/2777/1157
f 514/2776/1156 1917/2778/1158 2314/2779/1159 1916/2777/1157
f 515/2780/1160 1918/2781/1161 2314/2779/1159 1917/2778/1158
f 493/2693/1073 1916/2777/1157 2314/2779/1159 1918/2781/1161
f 515/2780/1160 1919/2782/1162 2315/2783/1163 1918/2781/1161
f 516/2784/1164 1920/2785/1165 2315/2783/1163 1919/2782/1162
f 493/2693/1073 1918/2781/1161 2315/2783/1163 1920/2785/1165
f 516/2784/1164 1921/2786/1166 2316/2787/1167 1920/2785/1165
f 517/2788/1168 1922/2789/1169 2316/2787/1167 1921/2786/1166
f 493/2693/1073 1920/2785/1165 2316/2787/1167 1922/2789/1169
f 517/2788/1168 1923/2790/1170 2317/2791/1171 1922/2789/1169
f 518/2792/1172 1924/2793/1173 2317/2791/1171 1923/2790/1170
f 493/2693/1073 1922/2789/1169 2317/2791/1171 1924/2793/1173
f 518/2792/1172 1925/2794/1174 2318/2795/1175 1924/2793/1173
f 519/2796/1176 1926/2797/1177 2318/2795/1175 1925/2794/1174
f 493/2693/1073 1924/2793/1173 2318/2795/1175 1926/2797/1177
f 519/2796/1176 1927/2798/1178 2319/2799/1179 1926/2797/1177
f 520/2800/1180 1928/2801/1181 2319/2799/1179 1927/2798/1178
f 493/2693/1073 1926/2797/1177 2319/2799/1179 1928/2801/1181
f 520/2800/1180 1929/2802/1182 2320/2803/1183 1928/2801/1181
f 521/2804/1184 1930/2805/1185 2320/2803/1183 1929/2802/1182
f 493/2693/1073 1928/2801/1181 2320/2803/1183 1930/2805/1185
f 521/2804/1184 1931/2806/1186 2321/2807/1187 1930/2805/1185
f 491/2687/1067 1874/2690/1070 2321/2807/1187 1931/2806/1186
f 493/2693/1073 1930/2805/1185 2321/2807/1187 1874/2690/1070
usemtl blinn16SG
f 430/2808/1188 1932/2809/1189 2322/2810/1190 1935/2811/1191
f 1932/2809/1189 431/2812/1192 1933/2813/1193 2322/2810/1190
f 2322/2810/1190 1933/2813/1193 687/2814/1194 1934/2815/1195
f 1935/2811/1191 2322/2810/1190 1934/2815/1195 688/2816/1196
f 431/2812/1192 1936/2817/1197 2323/2818/1198 1933/2813/1193
f 1936/2817/1197 432/2819/1199 1937/2820/1200 2323/2818/1198
f 2323/2818/1198 1937/2820/1200 686/2821/1201 1938/2822/1202
f 1933/2813/1193 2323/2818/1198 1938/2822/1202 687/2814/1194
f 432/2819/1199 1939/2823/1203 2324/2824/1204 1937/2820/1200
f 1939/2823/1203 433/2825/1205 1940/2826/1206 2324/2824/1204
f 2324/2824/1204 1940/2826/1206 685/2827/1207 1941/2828/1208
f 1937/2820/1200 2324/2824/1204 1941/2828/1208 686/2821/1201
f 433/2825/1205 1942/2829/1209 2325/2830/1210 1940/2826/1206
f 1942/2829/1209 434/2831/1211 1943/2832/1212 2325/2830/1210
f 2325/2830/1210 1943/2832/1212 684/2833/1213 1944/2834/1214
f 1940/2826/1206 2325/2830/1210 1944/2834/1214 685/2827/1207
f 434/2831/1211 1945/2835/1215 2326/2836/1216 1943/2832/1212
f 1945/2835/1215 435/2837/1217 1946/2838/1218 2326/2836/1216
f 2326/2836/1216 1946/2838/1218 683/2839/1219 1947/2840/1220
f 1943/2832/1212 2326/2836/1216 1947/2840/1220 684/2833/1213
f 435/2837/1217 1948/2841/1221 2327/2842/1222 1946/2838/1218
f 1948/2841/1221 436/2843/1223 1949/2844/1224 2327/2842/1222
f 2327/2842/1222 1949/2844/1224 682/2845/1225 1950/2846/1226
f 1946/2838/1218 2327/2842/1222 1950/2846/1226 683/2839/1219
f 436/2843/1223 1951/2847/1227 2328/2848/1228 1949/2844/1224
f 1951/2847/1227 437/2849/1229 1952/2850/1230 2328/2848/1228
f 2328/2848/1228 1952/2850/1230 681/2851/1231 1953/2852/1232
f 1949/2844/1224 2328/2848/1228 1953/2852/1232 682/2845/1225
f 437/2849/1229 1954/2853/1233 2329/2854/1234 1952/2850/1230
f 1954/2853/1233 438/2855/1235 1955/2856/1236 2329/2854/1234
f 2329/2854/1234 1955/2856/1236 680/2857/1237 1956/2858/1238
f 1952/2850/1230 2329/2854/1234 1956/2858/1238 681/2851/1231
f 438/2855/1235 1957/2859/1239 2330/2860/1240 1955/2856/1236
f 1957/2859/1239 439/2861/1241 1958/2862/1242 2330/2860/1240
f 2330/2860/1240 1958/2862/1242 679/2863/1243 1959/2864/1244
f 1955/2856/1236 2330/2860/1240 1959/2864/1244 680/2857/1237
f 439/2861/1241 1960/2865/1245 2331/2866/1246 1958/2862/1242
f 1960/2865/1245 440/2867/1247 1961/2868/1248 2331/2866/1246
f 2331/2866/1246 1961/2868/1248 678/2869/1249 1962/2870/1250
f 1958/2862/1242 2331/2866/1246 1962/2870/1250 679/2863/1243
f 440/2867/1247 1963/2871/1251 2332/2872/1252 1961/2868/1248
f 1963/2871/1251 441/2873/1253 1964/2874/1254 2332/2872/1252
f 2332/2872/1252 1964/2874/1254 677/2875/1255 1965/2876/1256
f 1961/2868/1248 2332/2872/1252 1965/2876/1256 678/2869/1249
f 441/2873/1253 1966/2877/1257 2333/2878/1258 1964/2874/1254
f 1966/2877/1257 442/2879/1259 1967/2880/1260 2333/2878/1258
f 2333/2878/1258 1967/2880/1260 676/2881/1261 1968/2882/1262
f 1964/2874/1254 2333/2878/1258 1968/2882/1262 677/2875/1255
f 442/2879/1259 1969/2883/1263 2334/2884/1264 1967/2880/1260
f 1969/2883/1263 443/2885/1265 1970/2886/1266 2334/2884/1264
f 2334/2884/1264 1970/2886/1266 675/2887/1267 1971/2888/1268
f 1967/2880/1260 2334/2884/1264 1971/2888/1268 676/2881/1261
f 443/2885/1265 1972/2889/1269 2335/2890/1270 1970/2886/1266
f 1972/2889/1269 444/2891/1271 1973/2892/1272 2335/2890/1270
f 2335/2890/1270 1973/2892/1272 674/2893/1273 1974/2894/1274
f 1970/2886/1266 2335/2890/1270 1974/2894/1274 675/2887/1267
f 444/2891/1271 1975/2895/1275 2336/2896/1276 1973/2892/1272
f 1975/2895/1275 445/2897/1277 1976/2898/1278 2336/2896/1276
f 2336/2896/1276 1976/2898/1278 673/2899/1279 1977/2900/1280
f 1973/2892/1272 2336/2896/1276 1977/2900/1280 674/2893/1273
f 445/2897/1277 1978/2901/1281 2337/2902/1282 1976/2898/1278
f 1978/2901/1281 446/2903/1283 1979/2904/1284 2337/2902/1282
f 2337/2902/1282 1979/2904/1284 672/2905/1285 1980/2906/1286
f 1976/2898/1278 2337/2902/1282 1980/2906/1286 673/2899/1279
f 446/2903/1283 1981/2907/1287 2338/2908/1288 1979/2904/1284
f 1981/2907/1287 447/2909/1289 1982/2910/1290 2338/2908/1288
f 2338/2908/1288 1982/2910/1290 701/2911/1291 1983/2912/1292
f 1979/2904/1284 2338/2908/1288 1983/2912/1292 672/2905/1285
f 447/2909/1289 1984/2913/1293 2339/2914/1294 1982/2910/1290
f 1984/2913/1293 448/2915/1295 1985/2916/1296 2339/2914/1294
f 2339/2914/1294 1985/2916/1296 700/2917/1297 1986/2918/1298
f 1982/2910/1290 2339/2914/1294 1986/2918/1298 701/2911/1291
f 448/2915/1295 1987/2919/1299 2340/2920/1300 1985/2916/1296
f 1987/2919/1299 449/2921/1301 1988/2922/1302 2340/2920/1300
f 2340/2920/1300 1988/2922/1302 699/2923/1303 1989/2924/1304
f 1985/2916/1296 2340/2920/1300 1989/2924/1304 700/2917/1297
f 449/2921/1301 1990/2925/1305 2341/2926/1306 1988/2922/1302
f 1990/2925/1305 450/2927/1307 1991/2928/1308 2341/2926/1306
f 2341/2926/1306 1991/2928/1308 698/2929/1309 1992/2930/1310
f 1988/2922/1302 2341/2926/1306 1992/2930/1310 699/2923/1303
f 450/2927/1307 1993/2931/1311 2342/2932/1312 1991/2928/1308
f 1993/2931/1311 451/2933/1313 1994/2934/1314 2342/2932/1312
f 2342/2932/1312 1994/2934/1314 697/2935/1315 1995/2936/1316
f 1991/2928/1308 2342/2932/1312 1995/2936/1316 698/2929/1309
f 451/2933/1313 1996/2937/1317 2343/2938/1318 1994/2934/1314
f 1996/2937/1317 452/2939/1319 1997/2940/1320 2343/2938/1318
f 2343/2938/1318 1997/2940/1320 696/2941/1321 1998/2942/1322
f 1994/2934/1314 2343/2938/1318 1998/2942/1322 697/2935/1315
f 452/2939/1319 1999/2943/1323 2344/2944/1324 1997/2940/1320
f 1999/2943/1323 453/2945/1325 2000/2946/1326 2344/2944/1324
f 2344/2944/1324 2000/2946/1326 695/2947/1327 2001/2948/1328
f 1997/2940/1320 2344/2944/1324 2001/2948/1328 696/2941/1321
f 453/2945/1325 2002/2949/1329 2345/2950/1330 2000/2946/1326
f 2002/2949/1329 454/2951/1331 2003/2952/1332 2345/2950/1330
f 2345/2950/1330 2003/2952/1332 694/2953/1333 2004/2954/1334
f 2000/2946/1326 2345/2950/1330 2004/2954/1334 695/2947/1327
f 454/2951/1331 2005/2955/1335 2346/2956/1336 2003/2952/1332
f 2005/2955/1335 455/2957/1337 2006/2958/1338 2346/2956/1336
f 2346/2956/1336 2006/2958/1338 693/2959/1339 2007/2960/1340
f 2003/2952/1332 2346/2956/1336 2007/2960/1340 694/2953/1333
f 455/2957/1337 2008/2961/1341 2347/2962/1342 2006/2958/1338
f 2008/2961/1341 456/2963/1343 2009/2964/1344 2347/2962/1342
f 2347/2962/1342 2009/2964/1344 692/2965/1345 2010/2966/1346
f 2006/2958/1338 2347/2962/1342 2010/2966/1346 693/2959/1339
f 456/2963/1343 2011/2967/1347 2348/2968/1348 2009/2964/1344
f 2011/2967/1347 457/2969/1349 2012/2970/1350 2348/2968/1348
f 2348/2968/1348 2012/2970/1350 691/2971/1351 2013/2972/1352
f 2009/2964/1344 2348/2968/1348 2013/2972/1352 692/2965/1345
f 457/2969/1349 2014/2973/1353 2349/2974/1354 2012/2970/1350
f 2014/2973/1353 458/2975/1355 2015/2976/1356 2349/2974/1354
f 2349/2974/1354 2015/2976/1356 690/2977/1357 2016/2978/1358
f 2012/2970/1350 2349/2974/1354 2016/2978/1358 691/2971/1351
f 458/2975/1355 2017/2979/1359 2350/2980/1360 2015/2976/1356
f 2017/2979/1359 459/2981/1361 2018/2982/1362 2350/2980/1360
f 2350/2980/1360 2018/2982/1362 689/2983/1363 2019/2984/1364
f 2015/2976/1356 2350/2980/1360 2019/2984/1364 690/2977/1357
f 459/2981/1361 2020/2985/1365 2351/2986/1366 2018/2982/1362
f 2020/2985/1365 430/2808/1188 1935/2811/1191 2351/2986/1366
f 2351/2986/1366 1935/2811/1191 688/2816/1196 2021/2987/1367
f 2018/2982/1362 2351/2986/1366 2021/2987/1367 689/2983/1363
f 461/2988/1368 2022/2989/1369 2352/2990/1370 2025/2991/1371
f 2022/2989/1369 462/2992/1372 2023/2993/1373 2352/2990/1370
f 2352/2990/1370 2023/2993/1373 625/2994/1374 2024/2995/1375
f 2025/2991/1371 2352/2990/1370 2024/2995/1375 626/2996/1376
f 462/2992/1372 2026/2997/1377 2353/2998/1378 2023/2993/1373
f 2026/2997/1377 463/2999/1379 2027/3000/1380 2353/2998/1378
f 2353/2998/1378 2027/3000/1380 624/3001/1381 2028/3002/1382
f 2023/2993/1373 2353/2998/1378 2028/3002/1382 625/2994/1374
f 463/2999/1379 2029/3003/1383 2354/3004/1384 2027/3000/1380
f 2029/3003/1383 464/3005/1385 2030/3006/1386 2354/3004/1384
f 2354/3004/1384 2030/3006/1386 623/3007/1387 2031/3008/1388
f 2027/3000/1380 2354/3004/1384 2031/3008/1388 624/3001/1381
f 464/3005/1385 2032/3009/1389 2355/3010/1390 2030/3006/1386
f 2032/3009/1389 465/3011/1391 2033/3012/1392 2355/3010/1390
f 2355/3010/1390 2033/3012/1392 622/3013/1393 2034/3014/1394
f 2030/3006/1386 2355/3010/1390 2034/3014/1394 623/3007/1387
f 465/3015/1391 2035/3016/1395 2356/3017/1396 2033/3018/1392
f 2035/3016/1395 466/3019/1397 2036/3020/1398 2356/3017/1396
f 2356/3017/1396 2036/3020/1398 621/3021/1399 2037/3022/1400
f 2033/3018/1392 2356/3017/1396 2037/3022/1400 622/3023/1393
f 466/3019/1397 2038/3024/1401 2357/3025/1402 2036/3020/1398
f 2038/3024/1401 467/3026/1403 2039/3027/1404 2357/3025/1402
f 2357/3025/1402 2039/3027/1404 620/3028/1405 2040/3029/1406
f 2036/3020/1398 2357/3025/1402 2040/3029/1406 621/3021/1399
f 467/3026/1403 2041/3030/1407 2358/3031/1408 2039/3027/1404
f 2041/3030/1407 468/3032/1409 2042/3033/1410 2358/3031/1408
f 2358/3031/1408 2042/3033/1410 619/3034/1411 2043/3035/1412
f 2039/3027/1404 2358/3031/1408 2043/3035/1412 620/3028/1405
f 468/3032/1409 2044/3036/1413 2359/3037/1414 2042/3033/1410
f 2044/3036/1413 469/3038/1415 2045/3039/1416 2359/3037/1414
f 2359/3037/1414 2045/3039/1416 618/3040/1417 2046/3041/1418
f 2042/3033/1410 2359/3037/1414 2046/3041/1418 619/3034/1411
f 469/3038/1415 2047/3042/1419 2360/3043/1420 2045/3039/1416
f 2047/3042/1419 470/3044/1421 2048/3045/1422 2360/3043/1420
f 2360/3043/1420 2048/3045/1422 617/3046/1423 2049/3047/1424
f 2045/3039/1416 2360/3043/1420 2049/3047/1424 618/3040/1417
f 470/3048/1421 2050/3049/1425 2361/3050/1426 2048/3051/1422
f 2050/3049/1425 471/3052/1427 2051/3053/1428 2361/3050/1426
f 2361/3050/1426 2051/3053/1428 616/3054/1429 2052/3055/1430
f 2048/3051/1422 2361/3050/1426 2052/3055/1430 617/3056/1423
f 471/3052/1427 2053/3057/1431 2362/3058/1432 2051/3053/1428
f 2053/3057/1431 472/3059/1433 2054/3060/1434 2362/3058/1432
f 2362/3058/1432 2054/3060/1434 615/3061/1435 2055/3062/1436
f 2051/3053/1428 2362/3058/1432 2055/3062/1436 616/3054/1429
f 472/3059/1433 2056/3063/1437 2363/3064/1438 2054/3060/1434
f 2056/3063/1437 473/3065/1439 2057/3066/1440 2363/3064/1438
f 2363/3064/1438 2057/3066/1440 614/3067/1441 2058/3068/1442
f 2054/3060/1434 2363/3064/1438 2058/3068/1442 615/3061/1435
f 473/3065/1439 2059/3069/1443 2364/3070/1444 2057/3066/1440
f 2059/3069/1443 474/3071/1445 2060/3072/1446 2364/3070/1444
f 2364/3070/1444 2060/3072/1446 613/3073/1447 2061/3074/1448
f 2057/3066/1440 2364/3070/1444 2061/3074/1448 614/3067/1441
f 474/3071/1445 2062/3075/1449 2365/3076/1450 2060/3072/1446
f 2062/3075/1449 475/3077/1451 2063/3078/1452 2365/3076/1450
f 2365/3076/1450 2063/3078/1452 612/3079/1453 2064/3080/1454
f 2060/3072/1446 2365/3076/1450 2064/3080/1454 613/3073/1447
f 475/3077/1451 2065/3081/1455 2366/3082/1456 2063/3078/1452
f 2065/3081/1455 476/3083/1457 2066/3084/1458 2366/3082/1456
f 2366/3082/1456 2066/3084/1458 641/3085/1459 2067/3086/1460
f 2063/3078/1452 2366/3082/1456 2067/3086/1460 612/3079/1453
f 476/3083/1457 2068/3087/1461 2367/3088/1462 2066/3084/1458
f 2068/3087/1461 477/3089/1463 2069/3090/1464 2367/3088/1462
f 2367/3088/1462 2069/3090/1464 640/3091/1465 2070/3092/1466
f 2066/3084/1458 2367/3088/1462 2070/3092/1466 641/3085/1459
f 477/3089/1463 2071/3093/1467 2368/3094/1468 2069/3090/1464
f 2071/3093/1467 478/3095/1469 2072/3096/1470 2368/3094/1468
f 2368/3094/1468 2072/3096/1470 639/3097/1471 2073/3098/1472
f 2069/3090/1464 2368/3094/1468 2073/3098/1472 640/3091/1465
f 478/3095/1469 2074/3099/1473 2369/3100/1474 2072/3096/1470
f 2074/3099/1473 479/3101/1475 2075/3102/1476 2369/3100/1474
f 2369/3100/1474 2075/3102/1476 638/3103/1477 2076/3104/1478
f 2072/3096/1470 2369/3100/1474 2076/3104/1478 639/3097/1471
f 479/3101/1475 2077/3105/1479 2370/3106/1480 2075/3102/1476
f 2077/3105/1479 480/3107/1481 2078/3108/1482 2370/3106/1480
f 2370/3106/1480 2078/3108/1482 637/3109/1483 2079/3110/1484
f 2075/3102/1476 2370/3106/1480 2079/3110/1484 638/3103/1477
f 480/3111/1481 2080/3112/1485 2371/3113/1486 2078/3114/1482
f 2080/3112/1485 481/3115/1487 2081/3116/1488 2371/3113/1486
f 2371/3113/1486 2081/3116/1488 636/3117/1489 2082/3118/1490
f 2078/3114/1482 2371/3113/1486 2082/3118/1490 637/3119/1483
f 481/3115/1487 2083/3120/1491 2372/3121/1492 2081/3116/1488
f 2083/3120/1491 482/3122/1493 2084/3123/1494 2372/3121/1492
f 2372/3121/1492 2084/3123/1494 635/3124/1495 2085/3125/1496
f 2081/3116/1488 2372/3121/1492 2085/3125/1496 636/3117/1489
f 482/3122/1493 2086/3126/1497 2373/3127/1498 2084/3123/1494
f 2086/3126/1497 483/3128/1499 2087/3129/1500 2373/3127/1498
f 2373/3127/1498 2087/3129/1500 634/3130/1501 2088/3131/1502
f 2084/3123/1494 2373/3127/1498 2088/3131/1502 635/3124/1495
f 483/3128/1499 2089/3132/1503 2374/3133/1504 2087/3129/1500
f 2089/3132/1503 484/3134/1505 2090/3135/1506 2374/3133/1504
f 2374/3133/1504 2090/3135/1506 633/3136/1507 2091/3137/1508
f 2087/3129/1500 2374/3133/1504 2091/3137/1508 634/3130/1501
f 484/3134/1505 2092/3138/1509 2375/3139/1510 2090/3135/1506
f 2092/3138/1509 485/3140/1511 2093/3141/1512 2375/3139/1510
f 2375/3139/1510 2093/3141/1512 632/3142/1513 2094/3143/1514
f 2090/3135/1506 2375/3139/1510 2094/3143/1514 633/3136/1507
f 485/3144/1511 2095/3145/1515 2376/3146/1516 2093/3147/1512
f 2095/3145/1515 486/3148/1517 2096/3149/1518 2376/3146/1516
f 2376/3146/1516 2096/3149/1518 631/3150/1519 2097/3151/1520
f 2093/3147/1512 2376/3146/1516 2097/3151/1520 632/3152/1513
f 486/3148/1517 2098/3153/1521 2377/3154/1522 2096/3149/1518
f 2098/3153/1521 487/3155/1523 2099/3156/1524 2377/3154/1522
f 2377/3154/1522 2099/3156/1524 630/3157/1525 2100/3158/1526
f 2096/3149/1518 2377/3154/1522 2100/3158/1526 631/3150/1519
f 487/3155/1523 2101/3159/1527 2378/3160/1528 2099/3156/1524
f 2101/3159/1527 488/3161/1529 2102/3162/1530 2378/3160/1528
f 2378/3160/1528 2102/3162/1530 629/3163/1531 2103/3164/1532
f 2099/3156/1524 2378/3160/1528 2103/3164/1532 630/3157/1525
f 488/3161/1529 2104/3165/1533 2379/3166/1534 2102/3162/1530
f 2104/3165/1533 489/3167/1535 2105/3168/1536 2379/3166/1534
f 2379/3166/1534 2105/3168/1536 628/3169/1537 2106/3170/1538
f 2102/3162/1530 2379/3166/1534 2106/3170/1538 629/3163/1531
f 489/3167/1535 2107/3171/1539 2380/3172/1540 2105/3168/1536
f 2107/3171/1539 490/3173/1541 2108/3174/1542 2380/3172/1540
f 2380/3172/1540 2108/3174/1542 627/3175/1543 2109/3176/1544
f 2105/3168/1536 2380/3172/1540 2109/3176/1544 628/3169/1537
f 490/3173/1541 2110/3177/1545 2381/3178/1546 2108/3174/1542
f 2110/3177/1545 461/2988/1368 2025/2991/1371 2381/3178/1546
f 2381/3178/1546 2025/2991/1371 626/2996/1376 2111/3179/1547
f 2108/3174/1542 2381/3178/1546 2111/3179/1547 627/3175/1543
f 523/3180/1548 2112/3181/1549 2382/3182/1550 2114/3183/1551
f 2112/3184/1549 522/3185/1552 2113/3186/1553 2382/3187/1550
f 2382/3188/1550 2113/3189/1553 355/3190/675 1675/3191/673
f 2114/3192/1551 2382/3193/1550 1675/3194/673 354/3195/669
f 524/3196/1554 2115/3197/1555 2383/3198/1556 2116/3199/1557
f 2115/3200/1555 523/3201/1548 2114/3202/1551 2383/3203/1556
f 2383/3204/1556 2114/3205/1551 354/3206/669 1672/3207/667
f 2116/3208/1557 2383/3209/1556 1672/3210/667 353/3211/663
f 525/3212/1558 2117/3213/1559 2384/3214/1560 2118/3215/1561
f 2117/3216/1559 524/3217/1554 2116/3218/1557 2384/3219/1560
f 2384/3220/1560 2116/3221/1557 353/3222/663 1669/3223/661
f 2118/3224/1561 2384/3225/1560 1669/3226/661 352/3227/657
f 526/3228/1562 2119/3229/1563 2385/3230/1564 2120/3231/1565
f 2119/3232/1563 525/3233/1558 2118/3234/1561 2385/3235/1564
f 2385/3236/1564 2118/3237/1561 352/3238/657 1666/3239/655
f 2120/3240/1565 2385/3241/1564 1666/3242/655 351/3243/651
f 527/3244/1566 2121/3245/1567 2386/3246/1568 2122/3247/1569
f 2121/3248/1567 526/3249/1562 2120/3250/1565 2386/3251/1568
f 2386/3252/1568 2120/3253/1565 351/3254/651 1663/3255/649
f 2122/3256/1569 2386/3257/1568 1663/3258/649 350/3259/645
f 528/3260/1570 2123/3261/1571 2387/3262/1572 2124/3263/1573
f 2123/3264/1571 527/3265/1566 2122/3266/1569 2387/3267/1572
f 2387/3268/1572 2122/3269/1569 350/3270/645 1660/3271/643
f 2124/3272/1573 2387/3273/1572 1660/3274/643 349/3275/639
f 529/3276/1574 2125/3277/1575 2388/3278/1576 2126/3279/1577
f 2125/3280/1575 528/3281/1570 2124/3282/1573 2388/3283/1576
f 2388/3284/1576 2124/3285/1573 349/3286/639 1657/3287/637
f 2126/3288/1577 2388/3289/1576 1657/3290/637 348/3291/633
f 530/3292/1578 2127/3293/1579 2389/3294/1580 2128/3295/1581
f 2127/3296/1579 529/3297/1574 2126/3298/1577 2389/3299/1580
f 2389/3300/1580 2126/3301/1577 348/3302/633 1654/3303/631
f 2128/3304/1581 2389/3305/1580 1654/3306/631 347/3307/627
f 531/3308/1582 2129/3309/1583 2390/3310/1584 2130/3311/1585
f 2129/3312/1583 530/3313/1578 2128/3314/1581 2390/3315/1584
f 2390/3316/1584 2128/3317/1581 347/3318/627 1651/3319/625
f 2130/3320/1585 2390/3321/1584 1651/3322/625 346/3323/621
f 532/3324/1586 2131/3325/1587 2391/3326/1588 2132/3327/1589
f 2131/3328/1587 531/3329/1582 2130/3330/1585 2391/3331/1588
f 2391/3332/1588 2130/3333/1585 346/3334/621 1648/3335/619
f 2132/3336/1589 2391/3337/1588 1648/3338/619 345/3339/615
f 533/3340/1590 2133/3341/1591 2392/3342/1592 2134/3343/1593
f 2133/3344/1591 532/3345/1586 2132/3346/1589 2392/3347/1592
f 2392/3348/1592 2132/3349/1589 345/3350/615 1645/3351/613
f 2134/3352/1593 2392/3353/1592 1645/3354/613 344/3355/609
f 534/3356/1594 2135/3357/1595 2393/3358/1596 2136/3359/1597
f 2135/3360/1595 533/3361/1590 2134/3362/1593 2393/3363/1596
f 2393/3364/1596 2134/3365/1593 344/3366/609 1642/3367/607
f 2136/3368/1597 2393/3369/1596 1642/3370/607 343/3371/603
f 535/3372/1598 2137/3373/1599 2394/3374/1600 2138/3375/1601
f 2137/3376/1599 534/3377/1594 2136/3378/1597 2394/3379/1600
f 2394/3380/1600 2136/3381/1597 343/3382/603 1639/3383/601
f 2138/3384/1601 2394/3385/1600 1639/3386/601 342/3387/597
f 536/3388/1602 2139/3389/1603 2395/3390/1604 2140/3391/1605
f 2139/3392/1603 535/3393/1598 2138/3394/1601 2395/3395/1604
f 2395/3396/1604 2138/3397/1601 342/3398/597 1636/3399/595
f 2140/3400/1605 2395/3401/1604 1636/3402/595 341/3403/590
f 537/3404/1606 2141/3405/1607 2396/3406/1608 912/3407/1609
f 2141/3408/1607 536/3409/1602 2140/3410/1605 2396/3411/1608
f 2396/3412/1608 2140/3413/1605 341/3414/590 1632/3415/587
f 912/3416/1609 2396/3417/1608 1632/3418/587 340/3419/586
f 538/3420/1610 913/3421/1611 2397/3422/1612 914/3423/1613
f 913/3424/1611 537/3425/1606 912/3426/1609 2397/3427/1612
f 2397/3428/1612 912/3429/1609 340/3430/586 1720/3431/763
f 914/3432/1613 2397/3433/1612 1720/3434/763 369/3435/759
f 539/3436/1614 915/3437/1615 2398/3438/1616 916/3439/1617
f 915/3440/1615 538/3441/1610 914/3442/1613 2398/3443/1616
f 2398/3444/1616 914/3445/1613 369/3446/759 1717/3447/757
f 916/3448/1617 2398/3449/1616 1717/3450/757 368/3451/753
f 540/3452/1618 917/3453/1619 2399/3454/1620 918/3455/1621
f 917/3456/1619 539/3457/1614 916/3458/1617 2399/3459/1620
f 2399/3460/1620 916/3461/1617 368/3462/753 1714/3463/751
f 918/3464/1621 2399/3465/1620 1714/3466/751 367/3467/747
f 541/3468/1622 919/3469/1623 2400/3470/1624 920/3471/1625
f 919/3472/1623 540/3473/1618 918/3474/1621 2400/3475/1624
f 2400/3476/1624 918/3477/1621 367/3478/747 1711/3479/745
f 920/3480/1625 2400/3481/1624 1711/3482/745 366/3483/741
f 542/3484/1626 921/3485/1627 2401/3486/1628 922/3487/1629
f 921/3488/1627 541/3489/1622 920/3490/1625 2401/3491/1628
f 2401/3492/1628 920/3493/1625 366/3494/741 1708/3495/739
f 922/3496/1629 2401/3497/1628 1708/3498/739 365/3499/735
f 543/3500/1630 923/3501/1631 2402/3502/1632 924/3503/1633
f 923/3504/1631 542/3505/1626 922/3506/1629 2402/3507/1632
f 2402/3508/1632 922/3509/1629 365/3510/735 1705/3511/733
f 924/3512/1633 2402/3513/1632 1705/3514/733 364/3515/729
f 544/3516/1634 925/3517/1635 2403/3518/1636 926/3519/1637
f 925/3520/1635 543/3521/1630 924/3522/1633 2403/3523/1636
f 2403/3524/1636 924/3525/1633 364/3526/729 1702/3527/727
f 926/3528/1637 2403/3529/1636 1702/3530/727 363/3531/723
f 545/3532/1638 927/3533/1639 2404/3534/1640 928/3535/1641
f 927/3536/1639 544/3537/1634 926/3538/1637 2404/3539/1640
f 2404/3540/1640 926/3541/1637 363/3542/723 1699/3543/721
f 928/3544/1641 2404/3545/1640 1699/3546/721 362/3547/717
f 546/3548/1642 929/3549/1643 2405/3550/1644 930/3551/1645
f 929/3552/1643 545/3553/1638 928/3554/1641 2405/3555/1644
f 2405/3556/1644 928/3557/1641 362/3558/717 1696/3559/715
f 930/3560/1645 2405/3561/1644 1696/3562/715 361/3563/711
f 547/3564/1646 931/3565/1647 2406/3566/1648 932/3567/1649
f 931/3568/1647 546/3569/1642 930/3570/1645 2406/3571/1648
f 2406/3572/1648 930/3573/1645 361/3574/711 1693/3575/709
f 932/3576/1649 2406/3577/1648 1693/3578/709 360/3579/705
f 548/3580/1650 933/3581/1651 2407/3582/1652 934/3583/1653
f 933/3584/1651 547/3585/1646 932/3586/1649 2407/3587/1652
f 2407/3588/1652 932/3589/1649 360/3590/705 1690/3591/703
f 934/3592/1653 2407/3593/1652 1690/3594/703 359/3595/699
f 549/3596/1654 935/3597/1655 2408/3598/1656 936/3599/1657
f 935/3600/1655 548/3601/1650 934/3602/1653 2408/3603/1656
f 2408/3604/1656 934/3605/1653 359/3606/699 1687/3607/697
f 936/3608/1657 2408/3609/1656 1687/3610/697 358/3611/693
f 550/3612/1658 937/3613/1659 2409/3614/1660 938/3615/1661
f 937/3616/1659 549/3617/1654 936/3618/1657 2409/3619/1660
f 2409/3620/1660 936/3621/1657 358/3622/693 1684/3623/691
f 938/3624/1661 2409/3625/1660 1684/3626/691 357/3627/687
f 551/3628/1662 939/3629/1663 2410/3630/1664 940/3631/1665
f 939/3632/1663 550/3633/1658 938/3634/1661 2410/3635/1664
f 2410/3636/1664 938/3637/1661 357/3638/687 1681/3639/685
f 940/3640/1665 2410/3641/1664 1681/3642/685 356/3643/681
f 522/3644/1552 941/3645/1666 2411/3646/1667 2113/3647/1553
f 941/3648/1666 551/3649/1662 940/3650/1665 2411/3651/1667
f 2411/3652/1667 940/3653/1665 356/3654/681 1678/3655/679
f 2113/3656/1553 2411/3657/1667 1678/3658/679 355/3659/675
f 553/3660/1668 942/3661/1669 2412/3662/1670 945/3663/1671
f 942/3664/1669 552/3665/1672 943/3666/1673 2412/3667/1670
f 2412/3668/1670 943/3669/1673 769/3670/1674 944/3671/1675
f 945/3672/1671 2412/3673/1670 944/3674/1675 770/3675/1676
f 554/3676/1677 946/3677/1678 2413/3678/1679 948/3679/1680
f 946/3680/1678 553/3681/1668 945/3682/1671 2413/3683/1679
f 2413/3684/1679 945/3685/1671 770/3686/1676 947/3687/1681
f 948/3688/1680 2413/3689/1679 947/3690/1681 771/3691/1682
f 555/3692/1683 949/3693/1684 2414/3694/1685 951/3695/1686
f 949/3696/1684 554/3697/1677 948/3698/1680 2414/3699/1685
f 2414/3700/1685 948/3701/1680 771/3702/1682 950/3703/1687
f 951/3704/1686 2414/3705/1685 950/3706/1687 772/3707/1688
f 556/3708/1689 952/3709/1690 2415/3710/1691 954/3711/1692
f 952/3712/1690 555/3713/1683 951/3714/1686 2415/3715/1691
f 2415/3716/1691 951/3717/1686 772/3718/1688 953/3719/1693
f 954/3720/1692 2415/3721/1691 953/3722/1693 773/3723/1694
f 557/3724/1695 955/3725/1696 2416/3726/1697 957/3727/1698
f 955/3728/1696 556/3729/1689 954/3730/1692 2416/3731/1697
f 2416/3732/1697 954/3733/1692 773/3734/1694 956/3735/1699
f 957/3736/1698 2416/3737/1697 956/3738/1699 774/3739/1700
f 558/3740/1701 958/3741/1702 2417/3742/1703 960/3743/1704
f 958/3744/1702 557/3745/1695 957/3746/1698 2417/3747/1703
f 2417/3748/1703 957/3749/1698 774/3750/1700 959/3751/1705
f 960/3752/1704 2417/3753/1703 959/3754/1705 775/3755/1706
f 559/3756/1707 961/3757/1708 2418/3758/1709 963/3759/1710
f 961/3760/1708 558/3761/1701 960/3762/1704 2418/3763/1709
f 2418/3764/1709 960/3765/1704 775/3766/1706 962/3767/1711
f 963/3768/1710 2418/3769/1709 962/3770/1711 776/3771/1712
f 560/3772/1713 964/3773/1714 2419/3774/1715 966/3775/1716
f 964/3776/1714 559/3777/1707 963/3778/1710 2419/3779/1715
f 2419/3780/1715 963/3781/1710 776/3782/1712 965/3783/1717
f 966/3784/1716 2419/3785/1715 965/3786/1717 777/3787/1718
f 561/3788/1719 967/3789/1720 2420/3790/1721 969/3791/1722
f 967/3792/1720 560/3793/1713 966/3794/1716 2420/3795/1721
f 2420/3796/1721 966/3797/1716 777/3798/1718 968/3799/1723
f 969/3800/1722 2420/3801/1721 968/3802/1723 778/3803/1724
f 562/3804/1725 970/3805/1726 2421/3806/1727 972/3807/1728
f 970/3808/1726 561/3809/1719 969/3810/1722 2421/3811/1727
f 2421/3812/1727 969/3813/1722 778/3814/1724 971/3815/1729
f 972/3816/1728 2421/3817/1727 971/3818/1729 779/3819/1730
f 563/3820/1731 973/3821/1732 2422/3822/1733 975/3823/1734
f 973/3824/1732 562/3825/1725 972/3826/1728 2422/3827/1733
f 2422/3828/1733 972/3829/1728 779/3830/1730 974/3831/1735
f 975/3832/1734 2422/3833/1733 974/3834/1735 780/3835/1736
f 564/3836/1737 976/3837/1738 2423/3838/1739 978/3839/1740
f 976/3840/1738 563/3841/1731 975/3842/1734 2423/3843/1739
f 2423/3844/1739 975/3845/1734 780/3846/1736 977/3847/1741
f 978/3848/1740 2423/3849/1739 977/3850/1741 781/3851/1742
f 565/3852/1743 979/3853/1744 2424/3854/1745 981/3855/1746
f 979/3856/1744 564/3857/1737 978/3858/1740 2424/3859/1745
f 2424/3860/1745 978/3861/1740 781/3862/1742 980/3863/1747
f 981/3864/1746 2424/3865/1745 980/3866/1747 782/3867/1748
f 566/3868/1749 982/3869/1750 2425/3870/1751 984/3871/1752
f 982/3872/1750 565/3873/1743 981/3874/1746 2425/3875/1751
f 2425/3876/1751 981/3877/1746 782/3878/1748 983/3879/1753
f 984/3880/1752 2425/3881/1751 983/3882/1753 783/3883/1754
f 567/3884/1755 985/3885/1756 2426/3886/1757 987/3887/1758
f 985/3888/1756 566/3889/1749 984/3890/1752 2426/3891/1757
f 2426/3892/1757 984/3893/1752 783/3894/1754 986/3895/1759
f 987/3896/1758 2426/3897/1757 986/3898/1759 784/3899/1760
f 568/3900/1761 988/3901/1762 2427/3902/1763 990/3903/1764
f 988/3904/1762 567/3905/1755 987/3906/1758 2427/3907/1763
f 2427/3908/1763 987/3909/1758 784/3910/1760 989/3911/1765
f 990/3912/1764 2427/3913/1763 989/3914/1765 785/3915/1766
f 569/3916/1767 991/3917/1768 2428/3918/1769 993/3919/1770
f 991/3920/1768 568/3921/1761 990/3922/1764 2428/3923/1769
f 2428/3924/1769 990/3925/1764 785/3926/1766 992/3927/1771
f 993/3928/1770 2428/3929/1769 992/3930/1771 786/3931/1772
f 570/3932/1773 994/3933/1774 2429/3934/1775 996/3935/1776
f 994/3936/1774 569/3937/1767 993/3938/1770 2429/3939/1775
f 2429/3940/1775 993/3941/1770 786/3942/1772 995/3943/1777
f 996/3944/1776 2429/3945/1775 995/3946/1777 787/3947/1778
f 571/3948/1779 997/3949/1780 2430/3950/1781 999/3951/1782
f 997/3952/1780 570/3953/1773 996/3954/1776 2430/3955/1781
f 2430/3956/1781 996/3957/1776 787/3958/1778 998/3959/1783
f 999/3960/1782 2430/3961/1781 998/3962/1783 788/3963/1784
f 572/3964/1785 1000/3965/1786 2431/3966/1787 1002/3967/1788
f 1000/3968/1786 571/3969/1779 999/3970/1782 2431/3971/1787
f 2431/3972/1787 999/3973/1782 788/3974/1784 1001/3975/1789
f 1002/3976/1788 2431/3977/1787 1001/3978/1789 789/3979/1790
f 573/3980/1791 1003/3981/1792 2432/3982/1793 1005/3983/1794
f 1003/3984/1792 572/3985/1785 1002/3986/1788 2432/3987/1793
f 2432/3988/1793 1002/3989/1788 789/3990/1790 1004/3991/1795
f 1005/3992/1794 2432/3993/1793 1004/3994/1795 790/3995/1796
f 574/3996/1797 1006/3997/1798 2433/3998/1799 1008/3999/1800
f 1006/4000/1798 573/4001/1791 1005/4002/1794 2433/4003/1799
f 2433/4004/1799 1005/4005/1794 790/4006/1796 1007/4007/1801
f 1008/4008/1800 2433/4009/1799 1007/4010/1801 791/4011/1802
f 575/4012/1803 1009/4013/1804 2434/4014/1805 1011/4015/1806
f 1009/4016/1804 574/4017/1797 1008/4018/1800 2434/4019/1805
f 2434/4020/1805 1008/4021/1800 791/4022/1802 1010/4023/1807
f 1011/4024/1806 2434/4025/1805 1010/4026/1807 762/4027/1808
f 576/4028/1809 1012/4029/1810 2435/4030/1811 1014/4031/1812
f 1012/4032/1810 575/4033/1803 1011/4034/1806 2435/4035/1811
f 2435/4036/1811 1011/4037/1806 762/4038/1808 1013/4039/1813
f 1014/4040/1812 2435/4041/1811 1013/4042/1813 763/4043/1814
f 577/4044/1815 1015/4045/1816 2436/4046/1817 1017/4047/1818
f 1015/4048/1816 576/4049/1809 1014/4050/1812 2436/4051/1817
f 2436/4052/1817 1014/4053/1812 763/4054/1814 1016/4055/1819
f 1017/4056/1818 2436/4057/1817 1016/4058/1819 764/4059/1820
f 578/4060/1821 1018/4061/1822 2437/4062/1823 1020/4063/1824
f 1018/4064/1822 577/4065/1815 1017/4066/1818 2437/4067/1823
f 2437/4068/1823 1017/4069/1818 764/4070/1820 1019/4071/1825
f 1020/4072/1824 2437/4073/1823 1019/4074/1825 765/4075/1826
f 579/4076/1827 1021/4077/1828 2438/4078/1829 1023/4079/1830
f 1021/4080/1828 578/4081/1821 1020/4082/1824 2438/4083/1829
f 2438/4084/1829 1020/4085/1824 765/4086/1826 1022/4087/1831
f 1023/4088/1830 2438/4089/1829 1022/4090/1831 766/4091/1832
f 580/4092/1833 1024/4093/1834 2439/4094/1835 1026/4095/1836
f 1024/4096/1834 579/4097/1827 1023/4098/1830 2439/4099/1835
f 2439/4100/1835 1023/4101/1830 766/4102/1832 1025/4103/1837
f 1026/4104/1836 2439/4105/1835 1025/4106/1837 767/4107/1838
f 581/4108/1839 1027/4109/1840 2440/4110/1841 1029/4111/1842
f 1027/4112/1840 580/4113/1833 1026/4114/1836 2440/4115/1841
f 2440/4116/1841 1026/4117/1836 767/4118/1838 1028/4119/1843
f 1029/4120/1842 2440/4121/1841 1028/4122/1843 768/4123/1844
f 552/4124/1672 1030/4125/1845 2441/4126/1846 943/4127/1673
f 1030/4128/1845 581/4129/1839 1029/4130/1842 2441/4131/1846
f 2441/4132/1846 1029/4133/1842 768/4134/1844 1031/4135/1847
f 943/4136/1673 2441/4137/1846 1031/4138/1847 769/4139/1674
f 583/4140/1848 1032/4141/1849 2442/4142/1850 1035/4143/1851
f 1032/4144/1849 582/4145/1852 1033/4146/1853 2442/4147/1850
f 2442/4148/1850 1033/4149/1853 705/4150/1854 1034/4151/1855
f 1035/4152/1851 2442/4153/1850 1034/4154/1855 706/4155/1856
f 584/4156/1857 1036/4157/1858 2443/4158/1859 1038/4159/1860
f 1036/4160/1858 583/4161/1848 1035/4162/1851 2443/4163/1859
f 2443/4164/1859 1035/4165/1851 706/4166/1856 1037/4167/1861
f 1038/4168/1860 2443/4169/1859 1037/4170/1861 707/4171/1862
f 585/4172/1863 1039/4173/1864 2444/4174/1865 1041/4175/1866
f 1039/4176/1864 584/4177/1857 1038/4178/1860 2444/4179/1865
f 2444/4180/1865 1038/4181/1860 707/4182/1862 1040/4183/1867
f 1041/4184/1866 2444/4185/1865 1040/4186/1867 708/4187/1868
f 586/4188/1869 1042/4189/1870 2445/4190/1871 1044/4191/1872
f 1042/4192/1870 585/4193/1863 1041/4194/1866 2445/4195/1871
f 2445/4196/1871 1041/4197/1866 708/4198/1868 1043/4199/1873
f 1044/4200/1872 2445/4201/1871 1043/4202/1873 709/4203/1874
f 587/4204/1875 1045/4205/1876 2446/4206/1877 1047/4207/1878
f 1045/4208/1876 586/4209/1869 1044/4210/1872 2446/4211/1877
f 2446/4212/1877 1044/4213/1872 709/4214/1874 1046/4215/1879
f 1047/4216/1878 2446/4217/1877 1046/4218/1879 710/4219/1880
f 588/4220/1881 1048/4221/1882 2447/4222/1883 1050/4223/1884
f 1048/4224/1882 587/4225/1875 1047/4226/1878 2447/4227/1883
f 2447/4228/1883 1047/4229/1878 710/4230/1880 1049/4231/1885
f 1050/4232/1884 2447/4233/1883 1049/4234/1885 711/4235/1886
f 589/4236/1887 1051/4237/1888 2448/4238/1889 1053/4239/1890
f 1051/4240/1888 588/4241/1881 1050/4242/1884 2448/4243/1889
f 2448/4244/1889 1050/4245/1884 711/4246/1886 1052/4247/1891
f 1053/4248/1890 2448/4249/1889 1052/4250/1891 712/4251/1892
f 590/4252/1893 1054/4253/1894 2449/4254/1895 1056/4255/1896
f 1054/4256/1894 589/4257/1887 1053/4258/1890 2449/4259/1895
f 2449/4260/1895 1053/4261/1890 712/4262/1892 1055/4263/1897
f 1056/4264/1896 2449/4265/1895 1055/4266/1897 713/4267/1898
f 591/4268/1899 1057/4269/1900 2450/4270/1901 1059/4271/1902
f 1057/4272/1900 590/4273/1893 1056/4274/1896 2450/4275/1901
f 2450/4276/1901 1056/4277/1896 713/4278/1898 1058/4279/1903
f 1059/4280/1902 2450/4281/1901 1058/4282/1903 714/4283/1904
f 592/4284/1905 1060/4285/1906 2451/4286/1907 1062/4287/1908
f 1060/4288/1906 591/4289/1899 1059/4290/1902 2451/4291/1907
f 2451/4292/1907 1059/4293/1902 714/4294/1904 1061/4295/1909
f 1062/4296/1908 2451/4297/1907 1061/4298/1909 715/4299/1910
f 593/4300/1911 1063/4301/1912 2452/4302/1913 1065/4303/1914
f 1063/4304/1912 592/4305/1905 1062/4306/1908 2452/4307/1913
f 2452/4308/1913 1062/4309/1908 715/4310/1910 1064/4311/1915
f 1065/4312/1914 2452/4313/1913 1064/4314/1915 716/4315/1916
f 594/4316/1917 1066/4317/1918 2453/4318/1919 1068/4319/1920
f 1066/4320/1918 593/4321/1911 1065/4322/1914 2453/4323/1919
f 2453/4324/1919 1065/4325/1914 716/4326/1916 1067/4327/1921
f 1068/4328/1920 2453/4329/1919 1067/4330/1921 717/4331/1922
f 595/4332/1923 1069/4333/1924 2454/4334/1925 1071/4335/1926
f 1069/4336/1924 594/4337/1917 1068/4338/1920 2454/4339/1925
f 2454/4340/1925 1068/4341/1920 717/4342/1922 1070/4343/1927
f 1071/4344/1926 2454/4345/1925 1070/4346/1927 718/4347/1928
f 596/4348/1929 1072/4349/1930 2455/4350/1931 1074/4351/1932
f 1072/4352/1930 595/4353/1923 1071/4354/1926 2455/4355/1931
f 2455/4356/1931 1071/4357/1926 718/4358/1928 1073/4359/1933
f 1074/4360/1932 2455/4361/1931 1073/4362/1933 719/4363/1934
f 597/4364/1935 1075/4365/1936 2456/4366/1937 1077/4367/1938
f 1075/4368/1936 596/4369/1929 1074/4370/1932 2456/4371/1937
f 2456/4372/1937 1074/4373/1932 719/4374/1934 1076/4375/1939
f 1077/4376/1938 2456/4377/1937 1076/4378/1939 720/4379/1940
f 598/4380/1941 1078/4381/1942 2457/4382/1943 1080/4383/1944
f 1078/4384/1942 597/4385/1935 1077/4386/1938 2457/4387/1943
f 2457/4388/1943 1077/4389/1938 720/4390/1940 1079/4391/1945
f 1080/4392/1944 2457/4393/1943 1079/4394/1945 721/4395/1946
f 599/4396/1947 1081/4397/1948 2458/4398/1949 1083/4399/1950
f 1081/4400/1948 598/4401/1941 1080/4402/1944 2458/4403/1949
f 2458/4404/1949 1080/4405/1944 721/4406/1946 1082/4407/1951
f 1083/4408/1950 2458/4409/1949 1082/4410/1951 722/4411/1952
f 600/4412/1953 1084/4413/1954 2459/4414/1955 1086/4415/1956
f 1084/4416/1954 599/4417/1947 1083/4418/1950 2459/4419/1955
f 2459/4420/1955 1083/4421/1950 722/4422/1952 1085/4423/1957
f 1086/4424/1956 2459/4425/1955 1085/4426/1957 723/4427/1958
f 601/4428/1959 1087/4429/1960 2460/4430/1961 1089/4431/1962
f 1087/4432/1960 600/4433/1953 1086/4434/1956 2460/4435/1961
f 2460/4436/1961 1086/4437/1956 723/4438/1958 1088/4439/1963
f 1089/4440/1962 2460/4441/1961 1088/4442/1963 724/4443/1964
f 602/4444/1965 1090/4445/1966 2461/4446/1967 1092/4447/1968
f 1090/4448/1966 601/4449/1959 1089/4450/1962 2461/4451/1967
f 2461/4452/1967 1089/4453/1962 724/4454/1964 1091/4455/1969
f 1092/4456/1968 2461/4457/1967 1091/4458/1969 725/4459/1970
f 603/4460/1971 1093/4461/1972 2462/4462/1973 1095/4463/1974
f 1093/4464/1972 602/4465/1965 1092/4466/1968 2462/4467/1973
f 2462/4468/1973 1092/4469/1968 725/4470/1970 1094/4471/1975
f 1095/4472/1974 2462/4473/1973 1094/4474/1975 726/4475/1976
f 604/4476/1977 1096/4477/1978 2463/4478/1979 1098/4479/1980
f 1096/4480/1978 603/4481/1971 1095/4482/1974 2463/4483/1979
f 2463/4484/1979 1095/4485/1974 726/4486/1976 1097/4487/1981
f 1098/4488/1980 2463/4489/1979 1097/4490/1981 727/4491/1982
f 605/4492/1983 1099/4493/1984 2464/4494/1985 1101/4495/1986
f 1099/4496/1984 604/4497/1977 1098/4498/1980 2464/4499/1985
f 2464/4500/1985 1098/4501/1980 727/4502/1982 1100/4503/1987
f 1101/4504/1986 2464/4505/1985 1100/4506/1987 728/4507/1988
f 606/4508/1989 1102/4509/1990 2465/4510/1991 1104/4511/1992
f 1102/4512/1990 605/4513/1983 1101/4514/1986 2465/4515/1991
f 2465/4516/1991 1101/4517/1986 728/4518/1988 1103/4519/1993
f 1104/4520/1992 2465/4521/1991 1103/4522/1993 729/4523/1994
f 607/4524/1995 1105/4525/1996 2466/4526/1997 1107/4527/1998
f 1105/4528/1996 606/4529/1989 1104/4530/1992 2466/4531/1997
f 2466/4532/1997 1104/4533/1992 729/4534/1994 1106/4535/1999
f 1107/4536/1998 2466/4537/1997 1106/4538/1999 730/4539/2000
f 608/4540/2001 1108/4541/2002 2467/4542/2003 1110/4543/2004
f 1108/4544/2002 607/4545/1995 1107/4546/1998 2467/4547/2003
f 2467/4548/2003 1107/4549/1998 730/4550/2000 1109/4551/2005
f 1110/4552/2004 2467/4553/2003 1109/4554/2005 731/4555/2006
f 609/4556/2007 1111/4557/2008 2468/4558/2009 1113/4559/2010
f 1111/4560/2008 608/4561/2001 1110/4562/2004 2468/4563/2009
f 2468/4564/2009 1110/4565/2004 731/4566/2006 1112/4567/2011
f 1113/4568/2010 2468/4569/2009 1112/4570/2011 702/4571/2012
f 610/4572/2013 1114/4573/2014 2469/4574/2015 1116/4575/2016
f 1114/4576/2014 609/4577/2007 1113/4578/2010 2469/4579/2015
f 2469/4580/2015 1113/4581/2010 702/4582/2012 1115/4583/2017
f 1116/4584/2016 2469/4585/2015 1115/4586/2017 703/4587/2018
f 611/4588/2019 1117/4589/2020 2470/4590/2021 1119/4591/2022
f 1117/4592/2020 610/4593/2013 1116/4594/2016 2470/4595/2021
f 2470/4596/2021 1116/4597/2016 703/4598/2018 1118/4599/2023
f 1119/4600/2022 2470/4601/2021 1118/4602/2023 704/4603/2024
f 582/4604/1852 1120/4605/2025 2471/4606/2026 1033/4607/1853
f 1120/4608/2025 611/4609/2019 1119/4610/2022 2471/4611/2026
f 2471/4612/2026 1119/4613/2022 704/4614/2024 1121/4615/2027
f 1033/4616/1853 2471/4617/2026 1121/4618/2027 705/4619/1854
f 613/3073/1447 2064/3080/1454 2472/4620/2028 1124/4621/2029
f 2064/3080/1454 612/3079/1453 1122/4622/2030 2472/4620/2028
f 2472/4620/2028 1122/4622/2030 899/4623/2031 1123/4624/2032
f 1124/4621/2029 2472/4620/2028 1123/4624/2032 900/4625/2033
f 614/3067/1441 2061/3074/1448 2473/4626/2034 1126/4627/2035
f 2061/3074/1448 613/3073/1447 1124/4621/2029 2473/4626/2034
f 2473/4626/2034 1124/4621/2029 900/4625/2033 1125/4628/2036
f 1126/4627/2035 2473/4626/2034 1125/4628/2036 901/4629/2037
f 615/3061/1435 2058/3068/1442 2474/4630/2038 1128/4631/2039
f 2058/3068/1442 614/3067/1441 1126/4627/2035 2474/4630/2038
f 2474/4630/2038 1126/4627/2035 901/4629/2037 1127/4632/2040
f 1128/4631/2039 2474/4630/2038 1127/4632/2040 902/4633/2041
f 616/3054/1429 2055/3062/1436 2475/4634/2042 1130/4635/2043
f 2055/3062/1436 615/3061/1435 1128/4631/2039 2475/4634/2042
f 2475/4634/2042 1128/4631/2039 902/4633/2041 1129/4636/2044
f 1130/4635/2043 2475/4634/2042 1129/4636/2044 903/4637/2045
f 617/3056/1423 2052/3055/1430 2476/4638/2046 1132/4639/2047
f 2052/3055/1430 616/3054/1429 1130/4635/2043 2476/4638/2046
f 2476/4638/2046 1130/4635/2043 903/4637/2045 1131/4640/2048
f 1132/4639/2047 2476/4638/2046 1131/4640/2048 904/4641/2049
f 618/3040/1417 2049/3047/1424 2477/4642/2050 1134/4643/2051
f 2049/3047/1424 617/3046/1423 1132/4644/2047 2477/4642/2050
f 2477/4642/2050 1132/4644/2047 904/4645/2049 1133/4646/2052
f 1134/4643/2051 2477/4642/2050 1133/4646/2052 905/4647/2053
f 619/3034/1411 2046/3041/1418 2478/4648/2054 1136/4649/2055
f 2046/3041/1418 618/3040/1417 1134/4643/2051 2478/4648/2054
f 2478/4648/2054 1134/4643/2051 905/4647/2053 1135/4650/2056
f 1136/4649/2055 2478/4648/2054 1135/4650/2056 906/4651/2057
f 620/3028/1405 2043/3035/1412 2479/4652/2058 1138/4653/2059
f 2043/3035/1412 619/3034/1411 1136/4649/2055 2479/4652/2058
f 2479/4652/2058 1136/4649/2055 906/4651/2057 1137/4654/2060
f 1138/4653/2059 2479/4652/2058 1137/4654/2060 907/4655/2061
f 621/3021/1399 2040/3029/1406 2480/4656/2062 1140/4657/2063
f 2040/3029/1406 620/3028/1405 1138/4653/2059 2480/4656/2062
f 2480/4656/2062 1138/4653/2059 907/4655/2061 1139/4658/2064
f 1140/4657/2063 2480/4656/2062 1139/4658/2064 908/4659/2065
f 622/3023/1393 2037/3022/1400 2481/4660/2066 1142/4661/2067
f 2037/3022/1400 621/3021/1399 1140/4657/2063 2481/4660/2066
f 2481/4660/2066 1140/4657/2063 908/4659/2065 1141/4662/2068
f 1142/4661/2067 2481/4660/2066 1141/4662/2068 909/4663/2069
f 623/3007/1387 2034/3014/1394 2482/4664/2070 1144/4665/2071
f 2034/3014/1394 622/3013/1393 1142/4666/2067 2482/4664/2070
f 2482/4664/2070 1142/4666/2067 909/4667/2069 1143/4668/2072
f 1144/4665/2071 2482/4664/2070 1143/4668/2072 910/4669/2073
f 624/3001/1381 2031/3008/1388 2483/4670/2074 1146/4671/2075
f 2031/3008/1388 623/3007/1387 1144/4665/2071 2483/4670/2074
f 2483/4670/2074 1144/4665/2071 910/4669/2073 1145/4672/2076
f 1146/4671/2075 2483/4670/2074 1145/4672/2076 911/4673/2077
f 625/2994/1374 2028/3002/1382 2484/4674/2078 1148/4675/2079
f 2028/3002/1382 624/3001/1381 1146/4671/2075 2484/4674/2078
f 2484/4674/2078 1146/4671/2075 911/4673/2077 1147/4676/2080
f 1148/4675/2079 2484/4674/2078 1147/4676/2080 882/4677/2081
f 626/2996/1376 2024/2995/1375 2485/4678/2082 1150/4679/2083
f 2024/2995/1375 625/2994/1374 1148/4675/2079 2485/4678/2082
f 2485/4678/2082 1148/4675/2079 882/4677/2081 1149/4680/2084
f 1150/4679/2083 2485/4678/2082 1149/4680/2084 883/4681/2085
f 627/3175/1543 2111/3179/1547 2486/4682/2086 1152/4683/2087
f 2111/3179/1547 626/2996/1376 1150/4679/2083 2486/4682/2086
f 2486/4682/2086 1150/4679/2083 883/4681/2085 1151/4684/2088
f 1152/4683/2087 2486/4682/2086 1151/4684/2088 884/4685/2089
f 628/3169/1537 2109/3176/1544 2487/4686/2090 1154/4687/2091
f 2109/3176/1544 627/3175/1543 1152/4683/2087 2487/4686/2090
f 2487/4686/2090 1152/4683/2087 884/4685/2089 1153/4688/2092
f 1154/4687/2091 2487/4686/2090 1153/4688/2092 885/4689/2093
f 629/3163/1531 2106/3170/1538 2488/4690/2094 1156/4691/2095
f 2106/3170/1538 628/3169/1537 1154/4687/2091 2488/4690/2094
f 2488/4690/2094 1154/4687/2091 885/4689/2093 1155/4692/2096
f 1156/4691/2095 2488/4690/2094 1155/4692/2096 886/4693/2097
f 630/3157/1525 2103/3164/1532 2489/4694/2098 1158/4695/2099
f 2103/3164/1532 629/3163/1531 1156/4691/2095 2489/4694/2098
f 2489/4694/2098 1156/4691/2095 886/4693/2097 1157/4696/2100
f 1158/4695/2099 2489/4694/2098 1157/4696/2100 887/4697/2101
f 631/3150/1519 2100/3158/1526 2490/4698/2102 1160/4699/2103
f 2100/3158/1526 630/3157/1525 1158/4695/2099 2490/4698/2102
f 2490/4698/2102 1158/4695/2099 887/4697/2101 1159/4700/2104
f 1160/4699/2103 2490/4698/2102 1159/4700/2104 888/4701/2105
f 632/3152/1513 2097/3151/1520 2491/4702/2106 1162/4703/2107
f 2097/3151/1520 631/3150/1519 1160/4699/2103 2491/4702/2106
f 2491/4702/2106 1160/4699/2103 888/4701/2105 1161/4704/2108
f 1162/4703/2107 2491/4702/2106 1161/4704/2108 889/4705/2109
f 633/3136/1507 2094/3143/1514 2492/4706/2110 1164/4707/2111
f 2094/3143/1514 632/3142/1513 1162/4708/2107 2492/4706/2110
f 2492/4706/2110 1162/4708/2107 889/4709/2109 1163/4710/2112
f 1164/4707/2111 2492/4706/2110 1163/4710/2112 890/4711/2113
f 634/3130/1501 2091/3137/1508 2493/4712/2114 1166/4713/2115
f 2091/3137/1508 633/3136/1507 1164/4707/2111 2493/4712/2114
f 2493/4712/2114 1164/4707/2111 890/4711/2113 1165/4714/2116
f 1166/4713/2115 2493/4712/2114 1165/4714/2116 891/4715/2117
f 635/3124/1495 2088/3131/1502 2494/4716/2118 1168/4717/2119
f 2088/3131/1502 634/3130/1501 1166/4713/2115 2494/4716/2118
f 2494/4716/2118 1166/4713/2115 891/4715/2117 1167/4718/2120
f 1168/4717/2119 2494/4716/2118 1167/4718/2120 892/4719/2121
f 636/3117/1489 2085/3125/1496 2495/4720/2122 1170/4721/2123
f 2085/3125/1496 635/3124/1495 1168/4717/2119 2495/4720/2122
f 2495/4720/2122 1168/4717/2119 892/4719/2121 1169/4722/2124
f 1170/4721/2123 2495/4720/2122 1169/4722/2124 893/4723/2125
f 637/3119/1483 2082/3118/1490 2496/4724/2126 1172/4725/2127
f 2082/3118/1490 636/3117/1489 1170/4721/2123 2496/4724/2126
f 2496/4724/2126 1170/4721/2123 893/4723/2125 1171/4726/2128
f 1172/4725/2127 2496/4724/2126 1171/4726/2128 894/4727/2129
f 638/3103/1477 2079/3110/1484 2497/4728/2130 1174/4729/2131
f 2079/3110/1484 637/3109/1483 1172/4730/2127 2497/4728/2130
f 2497/4728/2130 1172/4730/2127 894/4731/2129 1173/4732/2132
f 1174/4729/2131 2497/4728/2130 1173/4732/2132 895/4733/2133
f 639/3097/1471 2076/3104/1478 2498/4734/2134 1176/4735/2135
f 2076/3104/1478 638/3103/1477 1174/4729/2131 2498/4734/2134
f 2498/4734/2134 1174/4729/2131 895/4733/2133 1175/4736/2136
f 1176/4735/2135 2498/4734/2134 1175/4736/2136 896/4737/2137
f 640/3091/1465 2073/3098/1472 2499/4738/2138 1178/4739/2139
f 2073/3098/1472 639/3097/1471 1176/4735/2135 2499/4738/2138
f 2499/4738/2138 1176/4735/2135 896/4737/2137 1177/4740/2140
f 1178/4739/2139 2499/4738/2138 1177/4740/2140 897/4741/2141
f 641/3085/1459 2070/3092/1466 2500/4742/2142 1180/4743/2143
f 2070/3092/1466 640/3091/1465 1178/4739/2139 2500/4742/2142
f 2500/4742/2142 1178/4739/2139 897/4741/2141 1179/4744/2144
f 1180/4743/2143 2500/4742/2142 1179/4744/2144 898/4745/2145
f 612/3079/1453 2067/3086/1460 2501/4746/2146 1122/4622/2030
f 2067/3086/1460 641/3085/1459 1180/4743/2143 2501/4746/2146
f 2501/4746/2146 1180/4743/2143 898/4745/2145 1181/4747/2147
f 1122/4622/2030 2501/4746/2146 1181/4747/2147 899/4623/2031
f 643/4748/2148 1182/4749/2149 2502/4750/2150 1184/4751/2151
f 1182/4749/2149 642/4752/2152 1183/4753/2153 2502/4750/2150
f 2502/4754/2150 1183/4755/2153 477/3089/1463 2068/3087/1461
f 1184/4756/2151 2502/4754/2150 2068/3087/1461 476/3083/1457
f 644/4757/2154 1185/4758/2155 2503/4759/2156 1186/4760/2157
f 1185/4758/2155 643/4748/2148 1184/4751/2151 2503/4759/2156
f 2503/4761/2156 1184/4756/2151 476/3083/1457 2065/3081/1455
f 1186/4762/2157 2503/4761/2156 2065/3081/1455 475/3077/1451
f 645/4763/2158 1187/4764/2159 2504/4765/2160 1188/4766/2161
f 1187/4764/2159 644/4757/2154 1186/4760/2157 2504/4765/2160
f 2504/4767/2160 1186/4762/2157 475/3077/1451 2062/3075/1449
f 1188/4768/2161 2504/4767/2160 2062/3075/1449 474/3071/1445
f 646/4769/2162 1189/4770/2163 2505/4771/2164 1190/4772/2165
f 1189/4770/2163 645/4763/2158 1188/4766/2161 2505/4771/2164
f 2505/4773/2164 1188/4768/2161 474/3071/1445 2059/3069/1443
f 1190/4774/2165 2505/4773/2164 2059/3069/1443 473/3065/1439
f 647/4775/2166 1191/4776/2167 2506/4777/2168 1192/4778/2169
f 1191/4776/2167 646/4769/2162 1190/4772/2165 2506/4777/2168
f 2506/4779/2168 1190/4774/2165 473/3065/1439 2056/3063/1437
f 1192/4780/2169 2506/4779/2168 2056/3063/1437 472/3059/1433
f 648/4781/2170 1193/4782/2171 2507/4783/2172 1194/4784/2173
f 1193/4782/2171 647/4775/2166 1192/4778/2169 2507/4783/2172
f 2507/4785/2172 1192/4780/2169 472/3059/1433 2053/3057/1431
f 1194/4786/2173 2507/4785/2172 2053/3057/1431 471/3052/1427
f 649/4787/2174 1195/4788/2175 2508/4789/2176 1196/4790/2177
f 1195/4788/2175 648/4781/2170 1194/4784/2173 2508/4789/2176
f 2508/4791/2176 1194/4786/2173 471/3052/1427 2050/3049/1425
f 1196/4792/2177 2508/4791/2176 2050/3049/1425 470/3048/1421
f 650/4793/2178 1197/4794/2179 2509/4795/2180 1198/4796/2181
f 1197/4794/2179 649/4787/2174 1196/4790/2177 2509/4795/2180
f 2509/4797/2180 1196/4798/2177 470/3044/1421 2047/3042/1419
f 1198/4799/2181 2509/4797/2180 2047/3042/1419 469/3038/1415
f 651/4800/2182 1199/4801/2183 2510/4802/2184 1200/4803/2185
f 1199/4801/2183 650/4793/2178 1198/4796/2181 2510/4802/2184
f 2510/4804/2184 1198/4799/2181 469/3038/1415 2044/3036/1413
f 1200/4805/2185 2510/4804/2184 2044/3036/1413 468/3032/1409
f 652/4806/2186 1201/4807/2187 2511/4808/2188 1202/4809/2189
f 1201/4807/2187 651/4800/2182 1200/4803/2185 2511/4808/2188
f 2511/4810/2188 1200/4805/2185 468/3032/1409 2041/3030/1407
f 1202/4811/2189 2511/4810/2188 2041/3030/1407 467/3026/1403
f 653/4812/2190 1203/4813/2191 2512/4814/2192 1204/4815/2193
f 1203/4813/2191 652/4806/2186 1202/4809/2189 2512/4814/2192
f 2512/4816/2192 1202/4811/2189 467/3026/1403 2038/3024/1401
f 1204/4817/2193 2512/4816/2192 2038/3024/1401 466/3019/1397
f 654/4818/2194 1205/4819/2195 2513/4820/2196 1206/4821/2197
f 1205/4819/2195 653/4812/2190 1204/4815/2193 2513/4820/2196
f 2513/4822/2196 1204/4817/2193 466/3019/1397 2035/3016/1395
f 1206/4823/2197 2513/4822/2196 2035/3016/1395 465/3015/1391
f 655/4824/2198 1207/4825/2199 2514/4826/2200 1208/4827/2201
f 1207/4825/2199 654/4818/2194 1206/4821/2197 2514/4826/2200
f 2514/4828/2200 1206/4829/2197 465/3011/1391 2032/3009/1389
f 1208/4830/2201 2514/4828/2200 2032/3009/1389 464/3005/1385
f 656/4831/2202 1209/4832/2203 2515/4833/2204 1210/4834/2205
f 1209/4832/2203 655/4824/2198 1208/4827/2201 2515/4833/2204
f 2515/4835/2204 1208/4830/2201 464/3005/1385 2029/3003/1383
f 1210/4836/2205 2515/4835/2204 2029/3003/1383 463/2999/1379
f 657/4837/2206 1211/4838/2207 2516/4839/2208 1212/4840/2209
f 1211/4838/2207 656/4831/2202 1210/4834/2205 2516/4839/2208
f 2516/4841/2208 1210/4836/2205 463/2999/1379 2026/2997/1377
f 1212/4842/2209 2516/4841/2208 2026/2997/1377 462/2992/1372
f 658/4843/2210 1213/4844/2211 2517/4845/2212 1214/4846/2213
f 1213/4844/2211 657/4837/2206 1212/4840/2209 2517/4845/2212
f 2517/4847/2212 1212/4842/2209 462/2992/1372 2022/2989/1369
f 1214/4848/2213 2517/4847/2212 2022/2989/1369 461/2988/1368
f 659/4849/2214 1215/4850/2215 2518/4851/2216 1216/4852/2217
f 1215/4850/2215 658/4843/2210 1214/4846/2213 2518/4851/2216
f 2518/4853/2216 1214/4848/2213 461/2988/1368 2110/3177/1545
f 1216/4854/2217 2518/4853/2216 2110/3177/1545 490/3173/1541
f 660/4855/2218 1217/4856/2219 2519/4857/2220 1218/4858/2221
f 1217/4856/2219 659/4849/2214 1216/4852/2217 2519/4857/2220
f 2519/4859/2220 1216/4854/2217 490/3173/1541 2107/3171/1539
f 1218/4860/2221 2519/4859/2220 2107/3171/1539 489/3167/1535
f 661/4861/2222 1219/4862/2223 2520/4863/2224 1220/4864/2225
f 1219/4862/2223 660/4855/2218 1218/4858/2221 2520/4863/2224
f 2520/4865/2224 1218/4860/2221 489/3167/1535 2104/3165/1533
f 1220/4866/2225 2520/4865/2224 2104/3165/1533 488/3161/1529
f 662/4867/2226 1221/4868/2227 2521/4869/2228 1222/4870/2229
f 1221/4868/2227 661/4861/2222 1220/4864/2225 2521/4869/2228
f 2521/4871/2228 1220/4866/2225 488/3161/1529 2101/3159/1527
f 1222/4872/2229 2521/4871/2228 2101/3159/1527 487/3155/1523
f 663/4873/2230 1223/4874/2231 2522/4875/2232 1224/4876/2233
f 1223/4874/2231 662/4867/2226 1222/4870/2229 2522/4875/2232
f 2522/4877/2232 1222/4872/2229 487/3155/1523 2098/3153/1521
f 1224/4878/2233 2522/4877/2232 2098/3153/1521 486/3148/1517
f 664/4879/2234 1225/4880/2235 2523/4881/2236 1226/4882/2237
f 1225/4880/2235 663/4873/2230 1224/4876/2233 2523/4881/2236
f 2523/4883/2236 1224/4878/2233 486/3148/1517 2095/3145/1515
f 1226/4884/2237 2523/4883/2236 2095/3145/1515 485/3144/1511
f 665/4885/2238 1227/4886/2239 2524/4887/2240 1228/4888/2241
f 1227/4886/2239 664/4879/2234 1226/4882/2237 2524/4887/2240
f 2524/4889/2240 1226/4890/2237 485/3140/1511 2092/3138/1509
f 1228/4891/2241 2524/4889/2240 2092/3138/1509 484/3134/1505
f 666/4892/2242 1229/4893/2243 2525/4894/2244 1230/4895/2245
f 1229/4893/2243 665/4885/2238 1228/4888/2241 2525/4894/2244
f 2525/4896/2244 1228/4891/2241 484/3134/1505 2089/3132/1503
f 1230/4897/2245 2525/4896/2244 2089/3132/1503 483/3128/1499
f 667/4898/2246 1231/4899/2247 2526/4900/2248 1232/4901/2249
f 1231/4899/2247 666/4892/2242 1230/4895/2245 2526/4900/2248
f 2526/4902/2248 1230/4897/2245 483/3128/1499 2086/3126/1497
f 1232/4903/2249 2526/4902/2248 2086/3126/1497 482/3122/1493
f 668/4904/2250 1233/4905/2251 2527/4906/2252 1234/4907/2253
f 1233/4905/2251 667/4898/2246 1232/4901/2249 2527/4906/2252
f 2527/4908/2252 1232/4903/2249 482/3122/1493 2083/3120/1491
f 1234/4909/2253 2527/4908/2252 2083/3120/1491 481/3115/1487
f 669/4910/2254 1235/4911/2255 2528/4912/2256 1236/4913/2257
f 1235/4911/2255 668/4904/2250 1234/4907/2253 2528/4912/2256
f 2528/4914/2256 1234/4909/2253 481/3115/1487 2080/3112/1485
f 1236/4915/2257 2528/4914/2256 2080/3112/1485 480/3111/1481
f 670/4916/2258 1237/4917/2259 2529/4918/2260 1238/4919/2261
f 1237/4917/2259 669/4910/2254 1236/4913/2257 2529/4918/2260
f 2529/4920/2260 1236/4921/2257 480/3107/1481 2077/3105/1479
f 1238/4922/2261 2529/4920/2260 2077/3105/1479 479/3101/1475
f 671/4923/2262 1239/4924/2263 2530/4925/2264 1240/4926/2265
f 1239/4924/2263 670/4916/2258 1238/4919/2261 2530/4925/2264
f 2530/4927/2264 1238/4922/2261 479/3101/1475 2074/3099/1473
f 1240/4928/2265 2530/4927/2264 2074/3099/1473 478/3095/1469
f 642/4752/2152 1241/4929/2266 2531/4930/2267 1183/4753/2153
f 1241/4929/2266 671/4923/2262 1240/4926/2265 2531/4930/2267
f 2531/4931/2267 1240/4928/2265 478/3095/1469 2071/3093/1467
f 1183/4755/2153 2531/4931/2267 2071/3093/1467 477/3089/1463
f 673/2899/1279 1980/2906/1286 2532/4932/2268 1243/4933/2269
f 1980/2906/1286 672/2905/1285 1242/4934/2270 2532/4932/2268
f 2532/4932/2268 1242/4934/2270 642/4752/2152 1182/4749/2149
f 1243/4933/2269 2532/4932/2268 1182/4749/2149 643/4748/2148
f 674/2893/1273 1977/2900/1280 2533/4935/2271 1244/4936/2272
f 1977/2900/1280 673/2899/1279 1243/4933/2269 2533/4935/2271
f 2533/4935/2271 1243/4933/2269 643/4748/2148 1185/4758/2155
f 1244/4936/2272 2533/4935/2271 1185/4758/2155 644/4757/2154
f 675/2887/1267 1974/2894/1274 2534/4937/2273 1245/4938/2274
f 1974/2894/1274 674/2893/1273 1244/4936/2272 2534/4937/2273
f 2534/4937/2273 1244/4936/2272 644/4757/2154 1187/4764/2159
f 1245/4938/2274 2534/4937/2273 1187/4764/2159 645/4763/2158
f 676/2881/1261 1971/2888/1268 2535/4939/2275 1246/4940/2276
f 1971/2888/1268 675/2887/1267 1245/4938/2274 2535/4939/2275
f 2535/4939/2275 1245/4938/2274 645/4763/2158 1189/4770/2163
f 1246/4940/2276 2535/4939/2275 1189/4770/2163 646/4769/2162
f 677/2875/1255 1968/2882/1262 2536/4941/2277 1247/4942/2278
f 1968/2882/1262 676/2881/1261 1246/4940/2276 2536/4941/2277
f 2536/4941/2277 1246/4940/2276 646/4769/2162 1191/4776/2167
f 1247/4942/2278 2536/4941/2277 1191/4776/2167 647/4775/2166
f 678/2869/1249 1965/2876/1256 2537/4943/2279 1248/4944/2280
f 1965/2876/1256 677/2875/1255 1247/4942/2278 2537/4943/2279
f 2537/4943/2279 1247/4942/2278 647/4775/2166 1193/4782/2171
f 1248/4944/2280 2537/4943/2279 1193/4782/2171 648/4781/2170
f 679/2863/1243 1962/2870/1250 2538/4945/2281 1249/4946/2282
f 1962/2870/1250 678/2869/1249 1248/4944/2280 2538/4945/2281
f 2538/4945/2281 1248/4944/2280 648/4781/2170 1195/4788/2175
f 1249/4946/2282 2538/4945/2281 1195/4788/2175 649/4787/2174
f 680/2857/1237 1959/2864/1244 2539/4947/2283 1250/4948/2284
f 1959/2864/1244 679/2863/1243 1249/4946/2282 2539/4947/2283
f 2539/4947/2283 1249/4946/2282 649/4787/2174 1197/4794/2179
f 1250/4948/2284 2539/4947/2283 1197/4794/2179 650/4793/2178
f 681/2851/1231 1956/2858/1238 2540/4949/2285 1251/4950/2286
f 1956/2858/1238 680/2857/1237 1250/4948/2284 2540/4949/2285
f 2540/4949/2285 1250/4948/2284 650/4793/2178 1199/4801/2183
f 1251/4950/2286 2540/4949/2285 1199/4801/2183 651/4800/2182
f 682/2845/1225 1953/2852/1232 2541/4951/2287 1252/4952/2288
f 1953/2852/1232 681/2851/1231 1251/4950/2286 2541/4951/2287
f 2541/4951/2287 1251/4950/2286 651/4800/2182 1201/4807/2187
f 1252/4952/2288 2541/4951/2287 1201/4807/2187 652/4806/2186
f 683/2839/1219 1950/2846/1226 2542/4953/2289 1253/4954/2290
f 1950/2846/1226 682/2845/1225 1252/4952/2288 2542/4953/2289
f 2542/4953/2289 1252/4952/2288 652/4806/2186 1203/4813/2191
f 1253/4954/2290 2542/4953/2289 1203/4813/2191 653/4812/2190
f 684/2833/1213 1947/2840/1220 2543/4955/2291 1254/4956/2292
f 1947/2840/1220 683/2839/1219 1253/4954/2290 2543/4955/2291
f 2543/4955/2291 1253/4954/2290 653/4812/2190 1205/4819/2195
f 1254/4956/2292 2543/4955/2291 1205/4819/2195 654/4818/2194
f 685/2827/1207 1944/2834/1214 2544/4957/2293 1255/4958/2294
f 1944/2834/1214 684/2833/1213 1254/4956/2292 2544/4957/2293
f 2544/4957/2293 1254/4956/2292 654/4818/2194 1207/4825/2199
f 1255/4958/2294 2544/4957/2293 1207/4825/2199 655/4824/2198
f 686/2821/1201 1941/2828/1208 2545/4959/2295 1256/4960/2296
f 1941/2828/1208 685/2827/1207 1255/4958/2294 2545/4959/2295
f 2545/4959/2295 1255/4958/2294 655/4824/2198 1209/4832/2203
f 1256/4960/2296 2545/4959/2295 1209/4832/2203 656/4831/2202
f 687/2814/1194 1938/2822/1202 2546/4961/2297 1257/4962/2298
f 1938/2822/1202 686/2821/1201 1256/4960/2296 2546/4961/2297
f 2546/4961/2297 1256/4960/2296 656/4831/2202 1211/4838/2207
f 1257/4962/2298 2546/4961/2297 1211/4838/2207 657/4837/2206
f 688/2816/1196 1934/2815/1195 2547/4963/2299 1258/4964/2300
f 1934/2815/1195 687/2814/1194 1257/4962/2298 2547/4963/2299
f 2547/4963/2299 1257/4962/2298 657/4837/2206 1213/4844/2211
f 1258/4964/2300 2547/4963/2299 1213/4844/2211 658/4843/2210
f 689/2983/1363 2021/2987/1367 2548/4965/2301 1259/4966/2302
f 2021/2987/1367 688/2816/1196 1258/4964/2300 2548/4965/2301
f 2548/4965/2301 1258/4964/2300 658/4843/2210 1215/4850/2215
f 1259/4966/2302 2548/4965/2301 1215/4850/2215 659/4849/2214
f 690/2977/1357 2019/2984/1364 2549/4967/2303 1260/4968/2304
f 2019/2984/1364 689/2983/1363 1259/4966/2302 2549/4967/2303
f 2549/4967/2303 1259/4966/2302 659/4849/2214 1217/4856/2219
f 1260/4968/2304 2549/4967/2303 1217/4856/2219 660/4855/2218
f 691/2971/1351 2016/2978/1358 2550/4969/2305 1261/4970/2306
f 2016/2978/1358 690/2977/1357 1260/4968/2304 2550/4969/2305
f 2550/4969/2305 1260/4968/2304 660/4855/2218 1219/4862/2223
f 1261/4970/2306 2550/4969/2305 1219/4862/2223 661/4861/2222
f 692/2965/1345 2013/2972/1352 2551/4971/2307 1262/4972/2308
f 2013/2972/1352 691/2971/1351 1261/4970/2306 2551/4971/2307
f 2551/4971/2307 1261/4970/2306 661/4861/2222 1221/4868/2227
f 1262/4972/2308 2551/4971/2307 1221/4868/2227 662/4867/2226
f 693/2959/1339 2010/2966/1346 2552/4973/2309 1263/4974/2310
f 2010/2966/1346 692/2965/1345 1262/4972/2308 2552/4973/2309
f 2552/4973/2309 1262/4972/2308 662/4867/2226 1223/4874/2231
f 1263/4974/2310 2552/4973/2309 1223/4874/2231 663/4873/2230
f 694/2953/1333 2007/2960/1340 2553/4975/2311 1264/4976/2312
f 2007/2960/1340 693/2959/1339 1263/4974/2310 2553/4975/2311
f 2553/4975/2311 1263/4974/2310 663/4873/2230 1225/4880/2235
f 1264/4976/2312 2553/4975/2311 1225/4880/2235 664/4879/2234
f 695/2947/1327 2004/2954/1334 2554/4977/2313 1265/4978/2314
f 2004/2954/1334 694/2953/1333 1264/4976/2312 2554/4977/2313
f 2554/4977/2313 1264/4976/2312 664/4879/2234 1227/4886/2239
f 1265/4978/2314 2554/4977/2313 1227/4886/2239 665/4885/2238
f 696/2941/1321 2001/2948/1328 2555/4979/2315 1266/4980/2316
f 2001/2948/1328 695/2947/1327 1265/4978/2314 2555/4979/2315
f 2555/4979/2315 1265/4978/2314 665/4885/2238 1229/4893/2243
f 1266/4980/2316 2555/4979/2315 1229/4893/2243 666/4892/2242
f 697/2935/1315 1998/2942/1322 2556/4981/2317 1267/4982/2318
f 1998/2942/1322 696/2941/1321 1266/4980/2316 2556/4981/2317
f 2556/4981/2317 1266/4980/2316 666/4892/2242 1231/4899/2247
f 1267/4982/2318 2556/4981/2317 1231/4899/2247 667/4898/2246
f 698/2929/1309 1995/2936/1316 2557/4983/2319 1268/4984/2320
f 1995/2936/1316 697/2935/1315 1267/4982/2318 2557/4983/2319
f 2557/4983/2319 1267/4982/2318 667/4898/2246 1233/4905/2251
f 1268/4984/2320 2557/4983/2319 1233/4905/2251 668/4904/2250
f 699/2923/1303 1992/2930/1310 2558/4985/2321 1269/4986/2322
f 1992/2930/1310 698/2929/1309 1268/4984/2320 2558/4985/2321
f 2558/4985/2321 1268/4984/2320 668/4904/2250 1235/4911/2255
f 1269/4986/2322 2558/4985/2321 1235/4911/2255 669/4910/2254
f 700/2917/1297 1989/2924/1304 2559/4987/2323 1270/4988/2324
f 1989/2924/1304 699/2923/1303 1269/4986/2322 2559/4987/2323
f 2559/4987/2323 1269/4986/2322 669/4910/2254 1237/4917/2259
f 1270/4988/2324 2559/4987/2323 1237/4917/2259 670/4916/2258
f 701/2911/1291 1986/2918/1298 2560/4989/2325 1271/4990/2326
f 1986/2918/1298 700/2917/1297 1270/4988/2324 2560/4989/2325
f 2560/4989/2325 1270/4988/2324 670/4916/2258 1239/4924/2263
f 1271/4990/2326 2560/4989/2325 1239/4924/2263 671/4923/2262
f 672/2905/1285 1983/2912/1292 2561/4991/2327 1242/4934/2270
f 1983/2912/1292 701/2911/1291 1271/4990/2326 2561/4991/2327
f 2561/4991/2327 1271/4990/2326 671/4923/2262 1241/4929/2266
f 1242/4934/2270 2561/4991/2327 1241/4929/2266 642/4752/2152
f 703/4992/2018 1115/4993/2017 2562/4994/2328 1273/4995/2329
f 1115/4996/2017 702/4997/2012 1272/4998/2330 2562/4999/2328
f 2562/5000/2328 1272/5001/2330 546/5002/1642 931/5003/1647
f 1273/5004/2329 2562/5005/2328 931/5006/1647 547/5007/1646
f 704/5008/2024 1118/5009/2023 2563/5010/2331 1274/5011/2332
f 1118/5012/2023 703/5013/2018 1273/5014/2329 2563/5015/2331
f 2563/5016/2331 1273/5017/2329 547/5018/1646 933/5019/1651
f 1274/5020/2332 2563/5021/2331 933/5022/1651 548/5023/1650
f 705/5024/1854 1121/5025/2027 2564/5026/2333 1275/5027/2334
f 1121/5028/2027 704/5029/2024 1274/5030/2332 2564/5031/2333
f 2564/5032/2333 1274/5033/2332 548/5034/1650 935/5035/1655
f 1275/5036/2334 2564/5037/2333 935/5038/1655 549/5039/1654
f 706/5040/1856 1034/5041/1855 2565/5042/2335 1276/5043/2336
f 1034/5044/1855 705/5045/1854 1275/5046/2334 2565/5047/2335
f 2565/5048/2335 1275/5049/2334 549/5050/1654 937/5051/1659
f 1276/5052/2336 2565/5053/2335 937/5054/1659 550/5055/1658
f 707/5056/1862 1037/5057/1861 2566/5058/2337 1277/5059/2338
f 1037/5060/1861 706/5061/1856 1276/5062/2336 2566/5063/2337
f 2566/5064/2337 1276/5065/2336 550/5066/1658 939/5067/1663
f 1277/5068/2338 2566/5069/2337 939/5070/1663 551/5071/1662
f 708/5072/1868 1040/5073/1867 2567/5074/2339 1278/5075/2340
f 1040/5076/1867 707/5077/1862 1277/5078/2338 2567/5079/2339
f 2567/5080/2339 1277/5081/2338 551/5082/1662 941/5083/1666
f 1278/5084/2340 2567/5085/2339 941/5086/1666 522/5087/1552
f 709/5088/1874 1043/5089/1873 2568/5090/2341 1279/5091/2342
f 1043/5092/1873 708/5093/1868 1278/5094/2340 2568/5095/2341
f 2568/5096/2341 1278/5097/2340 522/5098/1552 2112/5099/1549
f 1279/5100/2342 2568/5101/2341 2112/5102/1549 523/5103/1548
f 710/5104/1880 1046/5105/1879 2569/5106/2343 1280/5107/2344
f 1046/5108/1879 709/5109/1874 1279/5110/2342 2569/5111/2343
f 2569/5112/2343 1279/5113/2342 523/5114/1548 2115/5115/1555
f 1280/5116/2344 2569/5117/2343 2115/5118/1555 524/5119/1554
f 711/5120/1886 1049/5121/1885 2570/5122/2345 1281/5123/2346
f 1049/5124/1885 710/5125/1880 1280/5126/2344 2570/5127/2345
f 2570/5128/2345 1280/5129/2344 524/5130/1554 2117/5131/1559
f 1281/5132/2346 2570/5133/2345 2117/5134/1559 525/5135/1558
f 712/5136/1892 1052/5137/1891 2571/5138/2347 1282/5139/2348
f 1052/5140/1891 711/5141/1886 1281/5142/2346 2571/5143/2347
f 2571/5144/2347 1281/5145/2346 525/5146/1558 2119/5147/1563
f 1282/5148/2348 2571/5149/2347 2119/5150/1563 526/5151/1562
f 713/5152/1898 1055/5153/1897 2572/5154/2349 1283/5155/2350
f 1055/5156/1897 712/5157/1892 1282/5158/2348 2572/5159/2349
f 2572/5160/2349 1282/5161/2348 526/5162/1562 2121/5163/1567
f 1283/5164/2350 2572/5165/2349 2121/5166/1567 527/5167/1566
f 714/5168/1904 1058/5169/1903 2573/5170/2351 1284/5171/2352
f 1058/5172/1903 713/5173/1898 1283/5174/2350 2573/5175/2351
f 2573/5176/2351 1283/5177/2350 527/5178/1566 2123/5179/1571
f 1284/5180/2352 2573/5181/2351 2123/5182/1571 528/5183/1570
f 715/5184/1910 1061/5185/1909 2574/5186/2353 1285/5187/2354
f 1061/5188/1909 714/5189/1904 1284/5190/2352 2574/5191/2353
f 2574/5192/2353 1284/5193/2352 528/5194/1570 2125/5195/1575
f 1285/5196/2354 2574/5197/2353 2125/5198/1575 529/5199/1574
f 716/5200/1916 1064/5201/1915 2575/5202/2355 1286/5203/2356
f 1064/5204/1915 715/5205/1910 1285/5206/2354 2575/5207/2355
f 2575/5208/2355 1285/5209/2354 529/5210/1574 2127/5211/1579
f 1286/5212/2356 2575/5213/2355 2127/5214/1579 530/5215/1578
f 717/5216/1922 1067/5217/1921 2576/5218/2357 1287/5219/2358
f 1067/5220/1921 716/5221/1916 1286/5222/2356 2576/5223/2357
f 2576/5224/2357 1286/5225/2356 530/5226/1578 2129/5227/1583
f 1287/5228/2358 2576/5229/2357 2129/5230/1583 531/5231/1582
f 718/5232/1928 1070/5233/1927 2577/5234/2359 1288/5235/2360
f 1070/5236/1927 717/5237/1922 1287/5238/2358 2577/5239/2359
f 2577/5240/2359 1287/5241/2358 531/5242/1582 2131/5243/1587
f 1288/5244/2360 2577/5245/2359 2131/5246/1587 532/5247/1586
f 719/5248/1934 1073/5249/1933 2578/5250/2361 1289/5251/2362
f 1073/5252/1933 718/5253/1928 1288/5254/2360 2578/5255/2361
f 2578/5256/2361 1288/5257/2360 532/5258/1586 2133/5259/1591
f 1289/5260/2362 2578/5261/2361 2133/5262/1591 533/5263/1590
f 720/5264/1940 1076/5265/1939 2579/5266/2363 1290/5267/2364
f 1076/5268/1939 719/5269/1934 1289/5270/2362 2579/5271/2363
f 2579/5272/2363 1289/5273/2362 533/5274/1590 2135/5275/1595
f 1290/5276/2364 2579/5277/2363 2135/5278/1595 534/5279/1594
f 721/5280/1946 1079/5281/1945 2580/5282/2365 1291/5283/2366
f 1079/5284/1945 720/5285/1940 1290/5286/2364 2580/5287/2365
f 2580/5288/2365 1290/5289/2364 534/5290/1594 2137/5291/1599
f 1291/5292/2366 2580/5293/2365 2137/5294/1599 535/5295/1598
f 722/5296/1952 1082/5297/1951 2581/5298/2367 1292/5299/2368
f 1082/5300/1951 721/5301/1946 1291/5302/2366 2581/5303/2367
f 2581/5304/2367 1291/5305/2366 535/5306/1598 2139/5307/1603
f 1292/5308/2368 2581/5309/2367 2139/5310/1603 536/5311/1602
f 723/5312/1958 1085/5313/1957 2582/5314/2369 1293/5315/2370
f 1085/5316/1957 722/5317/1952 1292/5318/2368 2582/5319/2369
f 2582/5320/2369 1292/5321/2368 536/5322/1602 2141/5323/1607
f 1293/5324/2370 2582/5325/2369 2141/5326/1607 537/5327/1606
f 724/5328/1964 1088/5329/1963 2583/5330/2371 1294/5331/2372
f 1088/5332/1963 723/5333/1958 1293/5334/2370 2583/5335/2371
f 2583/5336/2371 1293/5337/2370 537/5338/1606 913/5339/1611
f 1294/5340/2372 2583/5341/2371 913/5342/1611 538/5343/1610
f 725/5344/1970 1091/5345/1969 2584/5346/2373 1295/5347/2374
f 1091/5348/1969 724/5349/1964 1294/5350/2372 2584/5351/2373
f 2584/5352/2373 1294/5353/2372 538/5354/1610 915/5355/1615
f 1295/5356/2374 2584/5357/2373 915/5358/1615 539/5359/1614
f 726/5360/1976 1094/5361/1975 2585/5362/2375 1296/5363/2376
f 1094/5364/1975 725/5365/1970 1295/5366/2374 2585/5367/2375
f 2585/5368/2375 1295/5369/2374 539/5370/1614 917/5371/1619
f 1296/5372/2376 2585/5373/2375 917/5374/1619 540/5375/1618
f 727/5376/1982 1097/5377/1981 2586/5378/2377 1297/5379/2378
f 1097/5380/1981 726/5381/1976 1296/5382/2376 2586/5383/2377
f 2586/5384/2377 1296/5385/2376 540/5386/1618 919/5387/1623
f 1297/5388/2378 2586/5389/2377 919/5390/1623 541/5391/1622
f 728/5392/1988 1100/5393/1987 2587/5394/2379 1298/5395/2380
f 1100/5396/1987 727/5397/1982 1297/5398/2378 2587/5399/2379
f 2587/5400/2379 1297/5401/2378 541/5402/1622 921/5403/1627
f 1298/5404/2380 2587/5405/2379 921/5406/1627 542/5407/1626
f 729/5408/1994 1103/5409/1993 2588/5410/2381 1299/5411/2382
f 1103/5412/1993 728/5413/1988 1298/5414/2380 2588/5415/2381
f 2588/5416/2381 1298/5417/2380 542/5418/1626 923/5419/1631
f 1299/5420/2382 2588/5421/2381 923/5422/1631 543/5423/1630
f 730/5424/2000 1106/5425/1999 2589/5426/2383 1300/5427/2384
f 1106/5428/1999 729/5429/1994 1299/5430/2382 2589/5431/2383
f 2589/5432/2383 1299/5433/2382 543/5434/1630 925/5435/1635
f 1300/5436/2384 2589/5437/2383 925/5438/1635 544/5439/1634
f 731/5440/2006 1109/5441/2005 2590/5442/2385 1301/5443/2386
f 1109/5444/2005 730/5445/2000 1300/5446/2384 2590/5447/2385
f 2590/5448/2385 1300/5449/2384 544/5450/1634 927/5451/1639
f 1301/5452/2386 2590/5453/2385 927/5454/1639 545/5455/1638
f 702/5456/2012 1112/5457/2011 2591/5458/2387 1272/5459/2330
f 1112/5460/2011 731/5461/2006 1301/5462/2386 2591/5463/2387
f 2591/5464/2387 1301/5465/2386 545/5466/1638 929/5467/1643
f 1272/5468/2330 2591/5469/2387 929/5470/1643 546/5471/1642
f 733/5472/2388 1302/5473/2389 2592/5474/2390 1304/5475/2391
f 1302/5476/2389 732/5477/2392 1303/5478/2393 2592/5479/2390
f 2592/5480/2390 1303/5481/2393 576/5482/1809 1015/5483/1816
f 1304/5484/2391 2592/5485/2390 1015/5486/1816 577/5487/1815
f 734/5488/2394 1305/5489/2395 2593/5490/2396 1306/5491/2397
f 1305/5492/2395 733/5493/2388 1304/5494/2391 2593/5495/2396
f 2593/5496/2396 1304/5497/2391 577/5498/1815 1018/5499/1822
f 1306/5500/2397 2593/5501/2396 1018/5502/1822 578/5503/1821
f 735/5504/2398 1307/5505/2399 2594/5506/2400 1308/5507/2401
f 1307/5508/2399 734/5509/2394 1306/5510/2397 2594/5511/2400
f 2594/5512/2400 1306/5513/2397 578/5514/1821 1021/5515/1828
f 1308/5516/2401 2594/5517/2400 1021/5518/1828 579/5519/1827
f 736/5520/2402 1309/5521/2403 2595/5522/2404 1310/5523/2405
f 1309/5524/2403 735/5525/2398 1308/5526/2401 2595/5527/2404
f 2595/5528/2404 1308/5529/2401 579/5530/1827 1024/5531/1834
f 1310/5532/2405 2595/5533/2404 1024/5534/1834 580/5535/1833
f 737/5536/2406 1311/5537/2407 2596/5538/2408 1312/5539/2409
f 1311/5540/2407 736/5541/2402 1310/5542/2405 2596/5543/2408
f 2596/5544/2408 1310/5545/2405 580/5546/1833 1027/5547/1840
f 1312/5548/2409 2596/5549/2408 1027/5550/1840 581/5551/1839
f 738/5552/2410 1313/5553/2411 2597/5554/2412 1314/5555/2413
f 1313/5556/2411 737/5557/2406 1312/5558/2409 2597/5559/2412
f 2597/5560/2412 1312/5561/2409 581/5562/1839 1030/5563/1845
f 1314/5564/2413 2597/5565/2412 1030/5566/1845 552/5567/1672
f 739/5568/2414 1315/5569/2415 2598/5570/2416 1316/5571/2417
f 1315/5572/2415 738/5573/2410 1314/5574/2413 2598/5575/2416
f 2598/5576/2416 1314/5577/2413 552/5578/1672 942/5579/1669
f 1316/5580/2417 2598/5581/2416 942/5582/1669 553/5583/1668
f 740/5584/2418 1317/5585/2419 2599/5586/2420 1318/5587/2421
f 1317/5588/2419 739/5589/2414 1316/5590/2417 2599/5591/2420
f 2599/5592/2420 1316/5593/2417 553/5594/1668 946/5595/1678
f 1318/5596/2421 2599/5597/2420 946/5598/1678 554/5599/1677
f 741/5600/2422 1319/5601/2423 2600/5602/2424 1320/5603/2425
f 1319/5604/2423 740/5605/2418 1318/5606/2421 2600/5607/2424
f 2600/5608/2424 1318/5609/2421 554/5610/1677 949/5611/1684
f 1320/5612/2425 2600/5613/2424 949/5614/1684 555/5615/1683
f 742/5616/2426 1321/5617/2427 2601/5618/2428 1322/5619/2429
f 1321/5620/2427 741/5621/2422 1320/5622/2425 2601/5623/2428
f 2601/5624/2428 1320/5625/2425 555/5626/1683 952/5627/1690
f 1322/5628/2429 2601/5629/2428 952/5630/1690 556/5631/1689
f 743/5632/2430 1323/5633/2431 2602/5634/2432 1324/5635/2433
f 1323/5636/2431 742/5637/2426 1322/5638/2429 2602/5639/2432
f 2602/5640/2432 1322/5641/2429 556/5642/1689 955/5643/1696
f 1324/5644/2433 2602/5645/2432 955/5646/1696 557/5647/1695
f 744/5648/2434 1325/5649/2435 2603/5650/2436 1326/5651/2437
f 1325/5652/2435 743/5653/2430 1324/5654/2433 2603/5655/2436
f 2603/5656/2436 1324/5657/2433 557/5658/1695 958/5659/1702
f 1326/5660/2437 2603/5661/2436 958/5662/1702 558/5663/1701
f 745/5664/2438 1327/5665/2439 2604/5666/2440 1328/5667/2441
f 1327/5668/2439 744/5669/2434 1326/5670/2437 2604/5671/2440
f 2604/5672/2440 1326/5673/2437 558/5674/1701 961/5675/1708
f 1328/5676/2441 2604/5677/2440 961/5678/1708 559/5679/1707
f 746/5680/2442 1329/5681/2443 2605/5682/2444 1330/5683/2445
f 1329/5684/2443 745/5685/2438 1328/5686/2441 2605/5687/2444
f 2605/5688/2444 1328/5689/2441 559/5690/1707 964/5691/1714
f 1330/5692/2445 2605/5693/2444 964/5694/1714 560/5695/1713
f 747/5696/2446 1331/5697/2447 2606/5698/2448 1332/5699/2449
f 1331/5700/2447 746/5701/2442 1330/5702/2445 2606/5703/2448
f 2606/5704/2448 1330/5705/2445 560/5706/1713 967/5707/1720
f 1332/5708/2449 2606/5709/2448 967/5710/1720 561/5711/1719
f 748/5712/2450 1333/5713/2451 2607/5714/2452 1334/5715/2453
f 1333/5716/2451 747/5717/2446 1332/5718/2449 2607/5719/2452
f 2607/5720/2452 1332/5721/2449 561/5722/1719 970/5723/1726
f 1334/5724/2453 2607/5725/2452 970/5726/1726 562/5727/1725
f 749/5728/2454 1335/5729/2455 2608/5730/2456 1336/5731/2457
f 1335/5732/2455 748/5733/2450 1334/5734/2453 2608/5735/2456
f 2608/5736/2456 1334/5737/2453 562/5738/1725 973/5739/1732
f 1336/5740/2457 2608/5741/2456 973/5742/1732 563/5743/1731
f 750/5744/2458 1337/5745/2459 2609/5746/2460 1338/5747/2461
f 1337/5748/2459 749/5749/2454 1336/5750/2457 2609/5751/2460
f 2609/5752/2460 1336/5753/2457 563/5754/1731 976/5755/1738
f 1338/5756/2461 2609/5757/2460 976/5758/1738 564/5759/1737
f 751/5760/2462 1339/5761/2463 2610/5762/2464 1340/5763/2465
f 1339/5764/2463 750/5765/2458 1338/5766/2461 2610/5767/2464
f 2610/5768/2464 1338/5769/2461 564/5770/1737 979/5771/1744
f 1340/5772/2465 2610/5773/2464 979/5774/1744 565/5775/1743
f 752/5776/2466 1341/5777/2467 2611/5778/2468 1342/5779/2469
f 1341/5780/2467 751/5781/2462 1340/5782/2465 2611/5783/2468
f 2611/5784/2468 1340/5785/2465 565/5786/1743 982/5787/1750
f 1342/5788/2469 2611/5789/2468 982/5790/1750 566/5791/1749
f 753/5792/2470 1343/5793/2471 2612/5794/2472 1344/5795/2473
f 1343/5796/2471 752/5797/2466 1342/5798/2469 2612/5799/2472
f 2612/5800/2472 1342/5801/2469 566/5802/1749 985/5803/1756
f 1344/5804/2473 2612/5805/2472 985/5806/1756 567/5807/1755
f 754/5808/2474 1345/5809/2475 2613/5810/2476 1346/5811/2477
f 1345/5812/2475 753/5813/2470 1344/5814/2473 2613/5815/2476
f 2613/5816/2476 1344/5817/2473 567/5818/1755 988/5819/1762
f 1346/5820/2477 2613/5821/2476 988/5822/1762 568/5823/1761
f 755/5824/2478 1347/5825/2479 2614/5826/2480 1348/5827/2481
f 1347/5828/2479 754/5829/2474 1346/5830/2477 2614/5831/2480
f 2614/5832/2480 1346/5833/2477 568/5834/1761 991/5835/1768
f 1348/5836/2481 2614/5837/2480 991/5838/1768 569/5839/1767
f 756/5840/2482 1349/5841/2483 2615/5842/2484 1350/5843/2485
f 1349/5844/2483 755/5845/2478 1348/5846/2481 2615/5847/2484
f 2615/5848/2484 1348/5849/2481 569/5850/1767 994/5851/1774
f 1350/5852/2485 2615/5853/2484 994/5854/1774 570/5855/1773
f 757/5856/2486 1351/5857/2487 2616/5858/2488 1352/5859/2489
f 1351/5860/2487 756/5861/2482 1350/5862/2485 2616/5863/2488
f 2616/5864/2488 1350/5865/2485 570/5866/1773 997/5867/1780
f 1352/5868/2489 2616/5869/2488 997/5870/1780 571/5871/1779
f 758/5872/2490 1353/5873/2491 2617/5874/2492 1354/5875/2493
f 1353/5876/2491 757/5877/2486 1352/5878/2489 2617/5879/2492
f 2617/5880/2492 1352/5881/2489 571/5882/1779 1000/5883/1786
f 1354/5884/2493 2617/5885/2492 1000/5886/1786 572/5887/1785
f 759/5888/2494 1355/5889/2495 2618/5890/2496 1356/5891/2497
f 1355/5892/2495 758/5893/2490 1354/5894/2493 2618/5895/2496
f 2618/5896/2496 1354/5897/2493 572/5898/1785 1003/5899/1792
f 1356/5900/2497 2618/5901/2496 1003/5902/1792 573/5903/1791
f 760/5904/2498 1357/5905/2499 2619/5906/2500 1358/5907/2501
f 1357/5908/2499 759/5909/2494 1356/5910/2497 2619/5911/2500
f 2619/5912/2500 1356/5913/2497 573/5914/1791 1006/5915/1798
f 1358/5916/2501 2619/5917/2500 1006/5918/1798 574/5919/1797
f 761/5920/2502 1359/5921/2503 2620/5922/2504 1360/5923/2505
f 1359/5924/2503 760/5925/2498 1358/5926/2501 2620/5927/2504
f 2620/5928/2504 1358/5929/2501 574/5930/1797 1009/5931/1804
f 1360/5932/2505 2620/5933/2504 1009/5934/1804 575/5935/1803
f 732/5936/2392 1361/5937/2506 2621/5938/2507 1303/5939/2393
f 1361/5940/2506 761/5941/2502 1360/5942/2505 2621/5943/2507
f 2621/5944/2507 1360/5945/2505 575/5946/1803 1012/5947/1810
f 1303/5948/2393 2621/5949/2507 1012/5950/1810 576/5951/1809
f 763/5952/1814 1013/5953/1813 2622/5954/2508 1363/5955/2509
f 1013/5956/1813 762/5957/1808 1362/5958/2510 2622/5959/2508
f 2622/5960/2508 1362/5961/2510 608/5962/2001 1111/5963/2008
f 1363/5964/2509 2622/5965/2508 1111/5966/2008 609/5967/2007
f 764/5968/1820 1016/5969/1819 2623/5970/2511 1364/5971/2512
f 1016/5972/1819 763/5973/1814 1363/5974/2509 2623/5975/2511
f 2623/5976/2511 1363/5977/2509 609/5978/2007 1114/5979/2014
f 1364/5980/2512 2623/5981/2511 1114/5982/2014 610/5983/2013
f 765/5984/1826 1019/5985/1825 2624/5986/2513 1365/5987/2514
f 1019/5988/1825 764/5989/1820 1364/5990/2512 2624/5991/2513
f 2624/5992/2513 1364/5993/2512 610/5994/2013 1117/5995/2020
f 1365/5996/2514 2624/5997/2513 1117/5998/2020 611/5999/2019
f 766/6000/1832 1022/6001/1831 2625/6002/2515 1366/6003/2516
f 1022/6004/1831 765/6005/1826 1365/6006/2514 2625/6007/2515
f 2625/6008/2515 1365/6009/2514 611/6010/2019 1120/6011/2025
f 1366/6012/2516 2625/6013/2515 1120/6014/2025 582/6015/1852
f 767/6016/1838 1025/6017/1837 2626/6018/2517 1367/6019/2518
f 1025/6020/1837 766/6021/1832 1366/6022/2516 2626/6023/2517
f 2626/6024/2517 1366/6025/2516 582/6026/1852 1032/6027/1849
f 1367/6028/2518 2626/6029/2517 1032/6030/1849 583/6031/1848
f 768/6032/1844 1028/6033/1843 2627/6034/2519 1368/6035/2520
f 1028/6036/1843 767/6037/1838 1367/6038/2518 2627/6039/2519
f 2627/6040/2519 1367/6041/2518 583/6042/1848 1036/6043/1858
f 1368/6044/2520 2627/6045/2519 1036/6046/1858 584/6047/1857
f 769/6048/1674 1031/6049/1847 2628/6050/2521 1369/6051/2522
f 1031/6052/1847 768/6053/1844 1368/6054/2520 2628/6055/2521
f 2628/6056/2521 1368/6057/2520 584/6058/1857 1039/6059/1864
f 1369/6060/2522 2628/6061/2521 1039/6062/1864 585/6063/1863
f 770/6064/1676 944/6065/1675 2629/6066/2523 1370/6067/2524
f 944/6068/1675 769/6069/1674 1369/6070/2522 2629/6071/2523
f 2629/6072/2523 1369/6073/2522 585/6074/1863 1042/6075/1870
f 1370/6076/2524 2629/6077/2523 1042/6078/1870 586/6079/1869
f 771/6080/1682 947/6081/1681 2630/6082/2525 1371/6083/2526
f 947/6084/1681 770/6085/1676 1370/6086/2524 2630/6087/2525
f 2630/6088/2525 1370/6089/2524 586/6090/1869 1045/6091/1876
f 1371/6092/2526 2630/6093/2525 1045/6094/1876 587/6095/1875
f 772/6096/1688 950/6097/1687 2631/6098/2527 1372/6099/2528
f 950/6100/1687 771/6101/1682 1371/6102/2526 2631/6103/2527
f 2631/6104/2527 1371/6105/2526 587/6106/1875 1048/6107/1882
f 1372/6108/2528 2631/6109/2527 1048/6110/1882 588/6111/1881
f 773/6112/1694 953/6113/1693 2632/6114/2529 1373/6115/2530
f 953/6116/1693 772/6117/1688 1372/6118/2528 2632/6119/2529
f 2632/6120/2529 1372/6121/2528 588/6122/1881 1051/6123/1888
f 1373/6124/2530 2632/6125/2529 1051/6126/1888 589/6127/1887
f 774/6128/1700 956/6129/1699 2633/6130/2531 1374/6131/2532
f 956/6132/1699 773/6133/1694 1373/6134/2530 2633/6135/2531
f 2633/6136/2531 1373/6137/2530 589/6138/1887 1054/6139/1894
f 1374/6140/2532 2633/6141/2531 1054/6142/1894 590/6143/1893
f 775/6144/1706 959/6145/1705 2634/6146/2533 1375/6147/2534
f 959/6148/1705 774/6149/1700 1374/6150/2532 2634/6151/2533
f 2634/6152/2533 1374/6153/2532 590/6154/1893 1057/6155/1900
f 1375/6156/2534 2634/6157/2533 1057/6158/1900 591/6159/1899
f 776/6160/1712 962/6161/1711 2635/6162/2535 1376/6163/2536
f 962/6164/1711 775/6165/1706 1375/6166/2534 2635/6167/2535
f 2635/6168/2535 1375/6169/2534 591/6170/1899 1060/6171/1906
f 1376/6172/2536 2635/6173/2535 1060/6174/1906 592/6175/1905
f 777/6176/1718 965/6177/1717 2636/6178/2537 1377/6179/2538
f 965/6180/1717 776/6181/1712 1376/6182/2536 2636/6183/2537
f 2636/6184/2537 1376/6185/2536 592/6186/1905 1063/6187/1912
f 1377/6188/2538 2636/6189/2537 1063/6190/1912 593/6191/1911
f 778/6192/1724 968/6193/1723 2637/6194/2539 1378/6195/2540
f 968/6196/1723 777/6197/1718 1377/6198/2538 2637/6199/2539
f 2637/6200/2539 1377/6201/2538 593/6202/1911 1066/6203/1918
f 1378/6204/2540 2637/6205/2539 1066/6206/1918 594/6207/1917
f 779/6208/1730 971/6209/1729 2638/6210/2541 1379/6211/2542
f 971/6212/1729 778/6213/1724 1378/6214/2540 2638/6215/2541
f 2638/6216/2541 1378/6217/2540 594/6218/1917 1069/6219/1924
f 1379/6220/2542 2638/6221/2541 1069/6222/1924 595/6223/1923
f 780/6224/1736 974/6225/1735 2639/6226/2543 1380/6227/2544
f 974/6228/1735 779/6229/1730 1379/6230/2542 2639/6231/2543
f 2639/6232/2543 1379/6233/2542 595/6234/1923 1072/6235/1930
f 1380/6236/2544 2639/6237/2543 1072/6238/1930 596/6239/1929
f 781/6240/1742 977/6241/1741 2640/6242/2545 1381/6243/2546
f 977/6244/1741 780/6245/1736 1380/6246/2544 2640/6247/2545
f 2640/6248/2545 1380/6249/2544 596/6250/1929 1075/6251/1936
f 1381/6252/2546 2640/6253/2545 1075/6254/1936 597/6255/1935
f 782/6256/1748 980/6257/1747 2641/6258/2547 1382/6259/2548
f 980/6260/1747 781/6261/1742 1381/6262/2546 2641/6263/2547
f 2641/6264/2547 1381/6265/2546 597/6266/1935 1078/6267/1942
f 1382/6268/2548 2641/6269/2547 1078/6270/1942 598/6271/1941
f 783/6272/1754 983/6273/1753 2642/6274/2549 1383/6275/2550
f 983/6276/1753 782/6277/1748 1382/6278/2548 2642/6279/2549
f 2642/6280/2549 1382/6281/2548 598/6282/1941 1081/6283/1948
f 1383/6284/2550 2642/6285/2549 1081/6286/1948 599/6287/1947
f 784/6288/1760 986/6289/1759 2643/6290/2551 1384/6291/2552
f 986/6292/1759 783/6293/1754 1383/6294/2550 2643/6295/2551
f 2643/6296/2551 1383/6297/2550 599/6298/1947 1084/6299/1954
f 1384/6300/2552 2643/6301/2551 1084/6302/1954 600/6303/1953
f 785/6304/1766 989/6305/1765 2644/6306/2553 1385/6307/2554
f 989/6308/1765 784/6309/1760 1384/6310/2552 2644/6311/2553
f 2644/6312/2553 1384/6313/2552 600/6314/1953 1087/6315/1960
f 1385/6316/2554 2644/6317/2553 1087/6318/1960 601/6319/1959
f 786/6320/1772 992/6321/1771 2645/6322/2555 1386/6323/2556
f 992/6324/1771 785/6325/1766 1385/6326/2554 2645/6327/2555
f 2645/6328/2555 1385/6329/2554 601/6330/1959 1090/6331/1966
f 1386/6332/2556 2645/6333/2555 1090/6334/1966 602/6335/1965
f 787/6336/1778 995/6337/1777 2646/6338/2557 1387/6339/2558
f 995/6340/1777 786/6341/1772 1386/6342/2556 2646/6343/2557
f 2646/6344/2557 1386/6345/2556 602/6346/1965 1093/6347/1972
f 1387/6348/2558 2646/6349/2557 1093/6350/1972 603/6351/1971
f 788/6352/1784 998/6353/1783 2647/6354/2559 1388/6355/2560
f 998/6356/1783 787/6357/1778 1387/6358/2558 2647/6359/2559
f 2647/6360/2559 1387/6361/2558 603/6362/1971 1096/6363/1978
f 1388/6364/2560 2647/6365/2559 1096/6366/1978 604/6367/1977
f 789/6368/1790 1001/6369/1789 2648/6370/2561 1389/6371/2562
f 1001/6372/1789 788/6373/1784 1388/6374/2560 2648/6375/2561
f 2648/6376/2561 1388/6377/2560 604/6378/1977 1099/6379/1984
f 1389/6380/2562 2648/6381/2561 1099/6382/1984 605/6383/1983
f 790/6384/1796 1004/6385/1795 2649/6386/2563 1390/6387/2564
f 1004/6388/1795 789/6389/1790 1389/6390/2562 2649/6391/2563
f 2649/6392/2563 1389/6393/2562 605/6394/1983 1102/6395/1990
f 1390/6396/2564 2649/6397/2563 1102/6398/1990 606/6399/1989
f 791/6400/1802 1007/6401/1801 2650/6402/2565 1391/6403/2566
f 1007/6404/1801 790/6405/1796 1390/6406/2564 2650/6407/2565
f 2650/6408/2565 1390/6409/2564 606/6410/1989 1105/6411/1996
f 1391/6412/2566 2650/6413/2565 1105/6414/1996 607/6415/1995
f 762/6416/1808 1010/6417/1807 2651/6418/2567 1362/6419/2510
f 1010/6420/1807 791/6421/1802 1391/6422/2566 2651/6423/2567
f 2651/6424/2567 1391/6425/2566 607/6426/1995 1108/6427/2002
f 1362/6428/2510 2651/6429/2567 1108/6430/2002 608/6431/2001
f 793/6432/533 1608/6433/540 2652/6434/2568 1393/6435/2569
f 1608/6436/540 792/6437/539 1392/6438/2570 2652/6439/2568
f 2652/6440/2568 1392/6441/2570 761/6442/2502 1361/6443/2506
f 1393/6444/2569 2652/6445/2568 1361/6446/2506 732/6447/2392
f 794/6448/527 1605/6449/534 2653/6450/2571 1394/6451/2572
f 1605/6452/534 793/6453/533 1393/6454/2569 2653/6455/2571
f 2653/6456/2571 1393/6457/2569 732/6458/2392 1302/6459/2389
f 1394/6460/2572 2653/6461/2571 1302/6462/2389 733/6463/2388
f 795/6464/521 1602/6465/528 2654/6466/2573 1395/6467/2574
f 1602/6468/528 794/6469/527 1394/6470/2572 2654/6471/2573
f 2654/6472/2573 1394/6473/2572 733/6474/2388 1305/6475/2395
f 1395/6476/2574 2654/6477/2573 1305/6478/2395 734/6479/2394
f 796/6480/515 1599/6481/522 2655/6482/2575 1396/6483/2576
f 1599/6484/522 795/6485/521 1395/6486/2574 2655/6487/2575
f 2655/6488/2575 1395/6489/2574 734/6490/2394 1307/6491/2399
f 1396/6492/2576 2655/6493/2575 1307/6494/2399 735/6495/2398
f 797/6496/509 1596/6497/516 2656/6498/2577 1397/6499/2578
f 1596/6500/516 796/6501/515 1396/6502/2576 2656/6503/2577
f 2656/6504/2577 1396/6505/2576 735/6506/2398 1309/6507/2403
f 1397/6508/2578 2656/6509/2577 1309/6510/2403 736/6511/2402
f 798/6512/503 1593/6513/510 2657/6514/2579 1398/6515/2580
f 1593/6516/510 797/6517/509 1397/6518/2578 2657/6519/2579
f 2657/6520/2579 1397/6521/2578 736/6522/2402 1311/6523/2407
f 1398/6524/2580 2657/6525/2579 1311/6526/2407 737/6527/2406
f 799/6528/497 1590/6529/504 2658/6530/2581 1399/6531/2582
f 1590/6532/504 798/6533/503 1398/6534/2580 2658/6535/2581
f 2658/6536/2581 1398/6537/2580 737/6538/2406 1313/6539/2411
f 1399/6540/2582 2658/6541/2581 1313/6542/2411 738/6543/2410
f 800/6544/491 1587/6545/498 2659/6546/2583 1400/6547/2584
f 1587/6548/498 799/6549/497 1399/6550/2582 2659/6551/2583
f 2659/6552/2583 1399/6553/2582 738/6554/2410 1315/6555/2415
f 1400/6556/2584 2659/6557/2583 1315/6558/2415 739/6559/2414
f 801/6560/485 1584/6561/492 2660/6562/2585 1401/6563/2586
f 1584/6564/492 800/6565/491 1400/6566/2584 2660/6567/2585
f 2660/6568/2585 1400/6569/2584 739/6570/2414 1317/6571/2419
f 1401/6572/2586 2660/6573/2585 1317/6574/2419 740/6575/2418
f 802/6576/479 1581/6577/486 2661/6578/2587 1402/6579/2588
f 1581/6580/486 801/6581/485 1401/6582/2586 2661/6583/2587
f 2661/6584/2587 1401/6585/2586 740/6586/2418 1319/6587/2423
f 1402/6588/2588 2661/6589/2587 1319/6590/2423 741/6591/2422
f 803/6592/473 1578/6593/480 2662/6594/2589 1403/6595/2590
f 1578/6596/480 802/6597/479 1402/6598/2588 2662/6599/2589
f 2662/6600/2589 1402/6601/2588 741/6602/2422 1321/6603/2427
f 1403/6604/2590 2662/6605/2589 1321/6606/2427 742/6607/2426
f 804/6608/467 1575/6609/474 2663/6610/2591 1404/6611/2592
f 1575/6612/474 803/6613/473 1403/6614/2590 2663/6615/2591
f 2663/6616/2591 1403/6617/2590 742/6618/2426 1323/6619/2431
f 1404/6620/2592 2663/6621/2591 1323/6622/2431 743/6623/2430
f 805/6624/461 1572/6625/468 2664/6626/2593 1405/6627/2594
f 1572/6628/468 804/6629/467 1404/6630/2592 2664/6631/2593
f 2664/6632/2593 1404/6633/2592 743/6634/2430 1325/6635/2435
f 1405/6636/2594 2664/6637/2593 1325/6638/2435 744/6639/2434
f 806/6640/455 1569/6641/462 2665/6642/2595 1406/6643/2596
f 1569/6644/462 805/6645/461 1405/6646/2594 2665/6647/2595
f 2665/6648/2595 1405/6649/2594 744/6650/2434 1327/6651/2439
f 1406/6652/2596 2665/6653/2595 1327/6654/2439 745/6655/2438
f 807/6656/449 1566/6657/456 2666/6658/2597 1407/6659/2598
f 1566/6660/456 806/6661/455 1406/6662/2596 2666/6663/2597
f 2666/6664/2597 1406/6665/2596 745/6666/2438 1329/6667/2443
f 1407/6668/2598 2666/6669/2597 1329/6670/2443 746/6671/2442
f 808/6672/443 1563/6673/450 2667/6674/2599 1408/6675/2600
f 1563/6676/450 807/6677/449 1407/6678/2598 2667/6679/2599
f 2667/6680/2599 1407/6681/2598 746/6682/2442 1331/6683/2447
f 1408/6684/2600 2667/6685/2599 1331/6686/2447 747/6687/2446
f 809/6688/437 1560/6689/444 2668/6690/2601 1409/6691/2602
f 1560/6692/444 808/6693/443 1408/6694/2600 2668/6695/2601
f 2668/6696/2601 1408/6697/2600 747/6698/2446 1333/6699/2451
f 1409/6700/2602 2668/6701/2601 1333/6702/2451 748/6703/2450
f 810/6704/431 1557/6705/438 2669/6706/2603 1410/6707/2604
f 1557/6708/438 809/6709/437 1409/6710/2602 2669/6711/2603
f 2669/6712/2603 1409/6713/2602 748/6714/2450 1335/6715/2455
f 1410/6716/2604 2669/6717/2603 1335/6718/2455 749/6719/2454
f 811/6720/425 1554/6721/432 2670/6722/2605 1411/6723/2606
f 1554/6724/432 810/6725/431 1410/6726/2604 2670/6727/2605
f 2670/6728/2605 1410/6729/2604 749/6730/2454 1337/6731/2459
f 1411/6732/2606 2670/6733/2605 1337/6734/2459 750/6735/2458
f 812/6736/419 1551/6737/426 2671/6738/2607 1412/6739/2608
f 1551/6740/426 811/6741/425 1411/6742/2606 2671/6743/2607
f 2671/6744/2607 1411/6745/2606 750/6746/2458 1339/6747/2463
f 1412/6748/2608 2671/6749/2607 1339/6750/2463 751/6751/2462
f 813/6752/412 1548/6753/420 2672/6754/2609 1413/6755/2610
f 1548/6756/420 812/6757/419 1412/6758/2608 2672/6759/2609
f 2672/6760/2609 1412/6761/2608 751/6762/2462 1341/6763/2467
f 1413/6764/2610 2672/6765/2609 1341/6766/2467 752/6767/2466
f 814/6768/414 1544/6769/413 2673/6770/2611 1414/6771/2612
f 1544/6772/413 813/6773/412 1413/6774/2610 2673/6775/2611
f 2673/6776/2611 1413/6777/2610 752/6778/2466 1343/6779/2471
f 1414/6780/2612 2673/6781/2611 1343/6782/2471 753/6783/2470
f 815/6784/581 1631/6785/585 2674/6786/2613 1415/6787/2614
f 1631/6788/585 814/6789/414 1414/6790/2612 2674/6791/2613
f 2674/6792/2613 1414/6793/2612 753/6794/2470 1345/6795/2475
f 1415/6796/2614 2674/6797/2613 1345/6798/2475 754/6799/2474
f 816/6800/575 1629/6801/582 2675/6802/2615 1416/6803/2616
f 1629/6804/582 815/6805/581 1415/6806/2614 2675/6807/2615
f 2675/6808/2615 1415/6809/2614 754/6810/2474 1347/6811/2479
f 1416/6812/2616 2675/6813/2615 1347/6814/2479 755/6815/2478
f 817/6816/569 1626/6817/576 2676/6818/2617 1417/6819/2618
f 1626/6820/576 816/6821/575 1416/6822/2616 2676/6823/2617
f 2676/6824/2617 1416/6825/2616 755/6826/2478 1349/6827/2483
f 1417/6828/2618 2676/6829/2617 1349/6830/2483 756/6831/2482
f 818/6832/563 1623/6833/570 2677/6834/2619 1418/6835/2620
f 1623/6836/570 817/6837/569 1417/6838/2618 2677/6839/2619
f 2677/6840/2619 1417/6841/2618 756/6842/2482 1351/6843/2487
f 1418/6844/2620 2677/6845/2619 1351/6846/2487 757/6847/2486
f 819/6848/557 1620/6849/564 2678/6850/2621 1419/6851/2622
f 1620/6852/564 818/6853/563 1418/6854/2620 2678/6855/2621
f 2678/6856/2621 1418/6857/2620 757/6858/2486 1353/6859/2491
f 1419/6860/2622 2678/6861/2621 1353/6862/2491 758/6863/2490
f 820/6864/551 1617/6865/558 2679/6866/2623 1420/6867/2624
f 1617/6868/558 819/6869/557 1419/6870/2622 2679/6871/2623
f 2679/6872/2623 1419/6873/2622 758/6874/2490 1355/6875/2495
f 1420/6876/2624 2679/6877/2623 1355/6878/2495 759/6879/2494
f 821/6880/545 1614/6881/552 2680/6882/2625 1421/6883/2626
f 1614/6884/552 820/6885/551 1420/6886/2624 2680/6887/2625
f 2680/6888/2625 1420/6889/2624 759/6890/2494 1357/6891/2499
f 1421/6892/2626 2680/6893/2625 1357/6894/2499 760/6895/2498
f 792/6896/539 1611/6897/546 2681/6898/2627 1392/6899/2570
f 1611/6900/546 821/6901/545 1421/6902/2626 2681/6903/2627
f 2681/6904/2627 1421/6905/2626 760/6906/2498 1359/6907/2503
f 1392/6908/2570 2681/6909/2627 1359/6910/2503 761/6911/2502
f 823/6912/982 1832/6913/987 2682/6914/2628 1423/6915/2629
f 1832/6916/987 822/6917/986 1422/6918/2630 2682/6919/2628
f 2682/6920/2628 1422/6921/2630 455/6922/1337 2005/6923/1335
f 1423/6924/2629 2682/6925/2628 2005/6926/1335 454/6927/1331
f 824/6928/978 1830/6929/983 2683/6930/2631 1424/6931/2632
f 1830/6932/983 823/6933/982 1423/6934/2629 2683/6935/2631
f 2683/6936/2631 1423/6937/2629 454/6938/1331 2002/6939/1329
f 1424/6940/2632 2683/6941/2631 2002/6942/1329 453/6943/1325
f 825/6944/974 1828/6945/979 2684/6946/2633 1425/6947/2634
f 1828/6948/979 824/6949/978 1424/6950/2632 2684/6951/2633
f 2684/6952/2633 1424/6953/2632 453/6954/1325 1999/6955/1323
f 1425/6956/2634 2684/6957/2633 1999/6958/1323 452/6959/1319
f 826/6960/970 1826/6961/975 2685/6962/2635 1426/6963/2636
f 1826/6964/975 825/6965/974 1425/6966/2634 2685/6967/2635
f 2685/6968/2635 1425/6969/2634 452/6970/1319 1996/6971/1317
f 1426/6972/2636 2685/6973/2635 1996/6974/1317 451/6975/1313
f 827/6976/966 1824/6977/971 2686/6978/2637 1427/6979/2638
f 1824/6980/971 826/6981/970 1426/6982/2636 2686/6983/2637
f 2686/6984/2637 1426/6985/2636 451/6986/1313 1993/6987/1311
f 1427/6988/2638 2686/6989/2637 1993/6990/1311 450/6991/1307
f 828/6992/962 1822/6993/967 2687/6994/2639 1428/6995/2640
f 1822/6996/967 827/6997/966 1427/6998/2638 2687/6999/2639
f 2687/7000/2639 1427/7001/2638 450/7002/1307 1990/7003/1305
f 1428/7004/2640 2687/7005/2639 1990/7006/1305 449/7007/1301
f 829/7008/958 1820/7009/963 2688/7010/2641 1429/7011/2642
f 1820/7012/963 828/7013/962 1428/7014/2640 2688/7015/2641
f 2688/7016/2641 1428/7017/2640 449/7018/1301 1987/7019/1299
f 1429/7020/2642 2688/7021/2641 1987/7022/1299 448/7023/1295
f 830/7024/954 1818/7025/959 2689/7026/2643 1430/7027/2644
f 1818/7028/959 829/7029/958 1429/7030/2642 2689/7031/2643
f 2689/7032/2643 1429/7033/2642 448/7034/1295 1984/7035/1293
f 1430/7036/2644 2689/7037/2643 1984/7038/1293 447/7039/1289
f 831/7040/950 1816/7041/955 2690/7042/2645 1431/7043/2646
f 1816/7044/955 830/7045/954 1430/7046/2644 2690/7047/2645
f 2690/7048/2645 1430/7049/2644 447/7050/1289 1981/7051/1287
f 1431/7052/2646 2690/7053/2645 1981/7054/1287 446/7055/1283
f 832/7056/946 1814/7057/951 2691/7058/2647 1432/7059/2648
f 1814/7060/951 831/7061/950 1431/7062/2646 2691/7063/2647
f 2691/7064/2647 1431/7065/2646 446/7066/1283 1978/7067/1281
f 1432/7068/2648 2691/7069/2647 1978/7070/1281 445/7071/1277
f 833/7072/942 1812/7073/947 2692/7074/2649 1433/7075/2650
f 1812/7076/947 832/7077/946 1432/7078/2648 2692/7079/2649
f 2692/7080/2649 1432/7081/2648 445/7082/1277 1975/7083/1275
f 1433/7084/2650 2692/7085/2649 1975/7086/1275 444/7087/1271
f 834/7088/938 1810/7089/943 2693/7090/2651 1434/7091/2652
f 1810/7092/943 833/7093/942 1433/7094/2650 2693/7095/2651
f 2693/7096/2651 1433/7097/2650 444/7098/1271 1972/7099/1269
f 1434/7100/2652 2693/7101/2651 1972/7102/1269 443/7103/1265
f 835/7104/934 1808/7105/939 2694/7106/2653 1435/7107/2654
f 1808/7108/939 834/7109/938 1434/7110/2652 2694/7111/2653
f 2694/7112/2653 1434/7113/2652 443/7114/1265 1969/7115/1263
f 1435/7116/2654 2694/7117/2653 1969/7118/1263 442/7119/1259
f 836/7120/930 1806/7121/935 2695/7122/2655 1436/7123/2656
f 1806/7124/935 835/7125/934 1435/7126/2654 2695/7127/2655
f 2695/7128/2655 1435/7129/2654 442/7130/1259 1966/7131/1257
f 1436/7132/2656 2695/7133/2655 1966/7134/1257 441/7135/1253
f 837/7136/926 1804/7137/931 2696/7138/2657 1437/7139/2658
f 1804/7140/931 836/7141/930 1436/7142/2656 2696/7143/2657
f 2696/7144/2657 1436/7145/2656 441/7146/1253 1963/7147/1251
f 1437/7148/2658 2696/7149/2657 1963/7150/1251 440/7151/1247
f 838/7152/922 1802/7153/927 2697/7154/2659 1438/7155/2660
f 1802/7156/927 837/7157/926 1437/7158/2658 2697/7159/2659
f 2697/7160/2659 1437/7161/2658 440/7162/1247 1960/7163/1245
f 1438/7164/2660 2697/7165/2659 1960/7166/1245 439/7167/1241
f 839/7168/918 1800/7169/923 2698/7170/2661 1439/7171/2662
f 1800/7172/923 838/7173/922 1438/7174/2660 2698/7175/2661
f 2698/7176/2661 1438/7177/2660 439/7178/1241 1957/7179/1239
f 1439/7180/2662 2698/7181/2661 1957/7182/1239 438/7183/1235
f 840/7184/914 1798/7185/919 2699/7186/2663 1440/7187/2664
f 1798/7188/919 839/7189/918 1439/7190/2662 2699/7191/2663
f 2699/7192/2663 1439/7193/2662 438/7194/1235 1954/7195/1233
f 1440/7196/2664 2699/7197/2663 1954/7198/1233 437/7199/1229
f 841/7200/910 1796/7201/915 2700/7202/2665 1441/7203/2666
f 1796/7204/915 840/7205/914 1440/7206/2664 2700/7207/2665
f 2700/7208/2665 1440/7209/2664 437/7210/1229 1951/7211/1227
f 1441/7212/2666 2700/7213/2665 1951/7214/1227 436/7215/1223
f 842/7216/906 1794/7217/911 2701/7218/2667 1442/7219/2668
f 1794/7220/911 841/7221/910 1441/7222/2666 2701/7223/2667
f 2701/7224/2667 1441/7225/2666 436/7226/1223 1948/7227/1221
f 1442/7228/2668 2701/7229/2667 1948/7230/1221 435/7231/1217
f 843/7232/902 1792/7233/907 2702/7234/2669 1443/7235/2670
f 1792/7236/907 842/7237/906 1442/7238/2668 2702/7239/2669
f 2702/7240/2669 1442/7241/2668 435/7242/1217 1945/7243/1215
f 1443/7244/2670 2702/7245/2669 1945/7246/1215 434/7247/1211
f 844/7248/898 1790/7249/903 2703/7250/2671 1444/7251/2672
f 1790/7252/903 843/7253/902 1443/7254/2670 2703/7255/2671
f 2703/7256/2671 1443/7257/2670 434/7258/1211 1942/7259/1209
f 1444/7260/2672 2703/7261/2671 1942/7262/1209 433/7263/1205
f 845/7264/894 1788/7265/899 2704/7266/2673 1445/7267/2674
f 1788/7268/899 844/7269/898 1444/7270/2672 2704/7271/2673
f 2704/7272/2673 1444/7273/2672 433/7274/1205 1939/7275/1203
f 1445/7276/2674 2704/7277/2673 1939/7278/1203 432/7279/1199
f 846/7280/889 1786/7281/895 2705/7282/2675 1446/7283/2676
f 1786/7284/895 845/7285/894 1445/7286/2674 2705/7287/2675
f 2705/7288/2675 1445/7289/2674 432/7290/1199 1936/7291/1197
f 1446/7292/2676 2705/7293/2675 1936/7294/1197 431/7295/1192
f 847/7296/891 1783/7297/890 2706/7298/2677 1447/7299/2678
f 1783/7300/890 846/7301/889 1446/7302/2676 2706/7303/2677
f 2706/7304/2677 1446/7305/2676 431/7306/1192 1932/7307/1189
f 1447/7308/2678 2706/7309/2677 1932/7310/1189 430/7311/1188
f 848/7312/1002 1841/7313/1005 2707/7314/2679 1448/7315/2680
f 1841/7316/1005 847/7317/891 1447/7318/2678 2707/7319/2679
f 2707/7320/2679 1447/7321/2678 430/7322/1188 2020/7323/1365
f 1448/7324/2680 2707/7325/2679 2020/7326/1365 459/7327/1361
f 849/7328/998 1840/7329/1003 2708/7330/2681 1449/7331/2682
f 1840/7332/1003 848/7333/1002 1448/7334/2680 2708/7335/2681
f 2708/7336/2681 1448/7337/2680 459/7338/1361 2017/7339/1359
f 1449/7340/2682 2708/7341/2681 2017/7342/1359 458/7343/1355
f 850/7344/994 1838/7345/999 2709/7346/2683 1450/7347/2684
f 1838/7348/999 849/7349/998 1449/7350/2682 2709/7351/2683
f 2709/7352/2683 1449/7353/2682 458/7354/1355 2014/7355/1353
f 1450/7356/2684 2709/7357/2683 2014/7358/1353 457/7359/1349
f 851/7360/990 1836/7361/995 2710/7362/2685 1451/7363/2686
f 1836/7364/995 850/7365/994 1450/7366/2684 2710/7367/2685
f 2710/7368/2685 1450/7369/2684 457/7370/1349 2011/7371/1347
f 1451/7372/2686 2710/7373/2685 2011/7374/1347 456/7375/1343
f 822/7376/986 1834/7377/991 2711/7378/2687 1422/7379/2630
f 1834/7380/991 851/7381/990 1451/7382/2686 2711/7383/2687
f 2711/7384/2687 1451/7385/2686 456/7386/1343 2008/7387/1341
f 1422/7388/2630 2711/7389/2687 2008/7390/1341 455/7391/1337
f 853/7392/2688 1452/7393/2689 2712/7394/2690 1454/7395/2691
f 1452/7393/2689 852/7396/2692 1453/7397/2693 2712/7394/2690
usemtl lambert5SG
f 2712/7398/2690 1453/7399/2693 491/2687/1067 1931/2806/1186
f 1454/7400/2691 2712/7398/2690 1931/2806/1186 521/2804/1184
usemtl blinn16SG
f 854/7401/2694 1455/7402/2695 2713/7403/2696 1456/7404/2697
f 1455/7402/2695 853/7392/2688 1454/7395/2691 2713/7403/2696
usemtl lambert5SG
f 2713/7405/2696 1454/7400/2691 521/2804/1184 1929/2802/1182
f 1456/7406/2697 2713/7405/2696 1929/2802/1182 520/2800/1180
usemtl blinn16SG
f 855/7407/2698 1457/7408/2699 2714/7409/2700 1458/7410/2701
f 1457/7408/2699 854/7401/2694 1456/7404/2697 2714/7409/2700
usemtl lambert5SG
f 2714/7411/2700 1456/7406/2697 520/2800/1180 1927/2798/1178
f 1458/7412/2701 2714/7411/2700 1927/2798/1178 519/2796/1176
usemtl blinn16SG
f 856/7413/2702 1459/7414/2703 2715/7415/2704 1460/7416/2705
f 1459/7414/2703 855/7407/2698 1458/7410/2701 2715/7415/2704
usemtl lambert5SG
f 2715/7417/2704 1458/7412/2701 519/2796/1176 1925/2794/1174
f 1460/7418/2705 2715/7417/2704 1925/2794/1174 518/2792/1172
usemtl blinn16SG
f 857/7419/2706 1461/7420/2707 2716/7421/2708 1462/7422/2709
f 1461/7420/2707 856/7413/2702 1460/7416/2705 2716/7421/2708
usemtl lambert5SG
f 2716/7423/2708 1460/7418/2705 518/2792/1172 1923/2790/1170
f 1462/7424/2709 2716/7423/2708 1923/2790/1170 517/2788/1168
usemtl blinn16SG
f 858/7425/2710 1463/7426/2711 2717/7427/2712 1464/7428/2713
f 1463/7426/2711 857/7419/2706 1462/7422/2709 2717/7427/2712
usemtl lambert5SG
f 2717/7429/2712 1462/7424/2709 517/2788/1168 1921/2786/1166
f 1464/7430/2713 2717/7429/2712 1921/2786/1166 516/2784/1164
usemtl blinn16SG
f 859/7431/2714 1465/7432/2715 2718/7433/2716 1466/7434/2717
f 1465/7432/2715 858/7435/2710 1464/7436/2713 2718/7433/2716
usemtl lambert5SG
f 2718/7437/2716 1464/7430/2713 516/2784/1164 1919/2782/1162
f 1466/7438/2717 2718/7437/2716 1919/2782/1162 515/2780/1160
usemtl blinn16SG
f 860/7439/2718 1467/7440/2719 2719/7441/2720 1468/7442/2721
f 1467/7440/2719 859/7431/2714 1466/7434/2717 2719/7441/2720
usemtl lambert5SG
f 2719/7443/2720 1466/7438/2717 515/2780/1160 1917/2778/1158
f 1468/7444/2721 2719/7443/2720 1917/2778/1158 514/2776/1156
usemtl blinn16SG
f 861/7445/2722 1469/7446/2723 2720/7447/2724 1470/7448/2725
f 1469/7446/2723 860/7439/2718 1468/7442/2721 2720/7447/2724
usemtl lambert5SG
f 2720/7449/2724 1468/7444/2721 514/2776/1156 1915/2774/1154
f 1470/7450/2725 2720/7449/2724 1915/2774/1154 513/2772/1152
usemtl blinn16SG
f 862/7451/2726 1471/7452/2727 2721/7453/2728 1472/7454/2729
f 1471/7452/2727 861/7445/2722 1470/7448/2725 2721/7453/2728
usemtl lambert5SG
f 2721/7455/2728 1470/7450/2725 513/2772/1152 1913/2770/1150
f 1472/7456/2729 2721/7455/2728 1913/2770/1150 512/2768/1148
usemtl blinn16SG
f 863/7457/2730 1473/7458/2731 2722/7459/2732 1474/7460/2733
f 1473/7458/2731 862/7451/2726 1472/7454/2729 2722/7459/2732
usemtl lambert5SG
f 2722/7461/2732 1472/7456/2729 512/2768/1148 1911/2766/1146
f 1474/7462/2733 2722/7461/2732 1911/2766/1146 511/2764/1144
usemtl blinn16SG
f 864/7463/2734 1475/7464/2735 2723/7465/2736 1476/7466/2737
f 1475/7464/2735 863/7467/2730 1474/7468/2733 2723/7465/2736
usemtl lambert5SG
f 2723/7469/2736 1474/7462/2733 511/2764/1144 1909/2762/1142
f 1476/7470/2737 2723/7469/2736 1909/2762/1142 510/2760/1140
usemtl blinn16SG
f 865/7471/2738 1477/7472/2739 2724/7473/2740 1478/7474/2741
f 1477/7472/2739 864/7463/2734 1476/7466/2737 2724/7473/2740
usemtl lambert5SG
f 2724/7475/2740 1476/7470/2737 510/2760/1140 1907/2758/1138
f 1478/7476/2741 2724/7475/2740 1907/2758/1138 509/2756/1136
usemtl blinn16SG
f 866/7477/2742 1479/7478/2743 2725/7479/2744 1480/7480/2745
f 1479/7478/2743 865/7471/2738 1478/7474/2741 2725/7479/2744
usemtl lambert5SG
f 2725/7481/2744 1478/7476/2741 509/2756/1136 1905/2754/1134
f 1480/7482/2745 2725/7481/2744 1905/2754/1134 508/2752/1132
usemtl blinn16SG
f 867/7483/2746 1481/7484/2747 2726/7485/2748 1482/7486/2749
f 1481/7484/2747 866/7477/2742 1480/7480/2745 2726/7485/2748
usemtl lambert5SG
f 2726/7487/2748 1480/7482/2745 508/2752/1132 1903/2750/1130
f 1482/7488/2749 2726/7487/2748 1903/2750/1130 507/2748/1128
usemtl blinn16SG
f 868/7489/2750 1483/7490/2751 2727/7491/2752 1484/7492/2753
f 1483/7490/2751 867/7483/2746 1482/7486/2749 2727/7491/2752
usemtl lambert5SG
f 2727/7493/2752 1482/7488/2749 507/2748/1128 1901/2746/1126
f 1484/7494/2753 2727/7493/2752 1901/2746/1126 506/2744/1124
usemtl blinn16SG
f 869/7495/2754 1485/7496/2755 2728/7497/2756 1486/7498/2757
f 1485/7496/2755 868/7489/2750 1484/7492/2753 2728/7497/2756
usemtl lambert5SG
f 2728/7499/2756 1484/7494/2753 506/2744/1124 1899/2742/1122
f 1486/7500/2757 2728/7499/2756 1899/2742/1122 505/2740/1120
usemtl blinn16SG
f 870/7501/2758 1487/7502/2759 2729/7503/2760 1488/7504/2761
f 1487/7502/2759 869/7495/2754 1486/7498/2757 2729/7503/2760
usemtl lambert5SG
f 2729/7505/2760 1486/7500/2757 505/2740/1120 1897/2738/1118
f 1488/7506/2761 2729/7505/2760 1897/2738/1118 504/2736/1116
usemtl blinn16SG
f 871/7507/2762 1489/7508/2763 2730/7509/2764 1490/7510/2765
f 1489/7508/2763 870/7501/2758 1488/7504/2761 2730/7509/2764
usemtl lambert5SG
f 2730/7511/2764 1488/7506/2761 504/2736/1116 1895/2734/1114
f 1490/7512/2765 2730/7511/2764 1895/2734/1114 503/2732/1112
usemtl blinn16SG
f 872/7513/2766 1491/7514/2767 2731/7515/2768 1492/7516/2769
f 1491/7514/2767 871/7507/2762 1490/7510/2765 2731/7515/2768
usemtl lambert5SG
f 2731/7517/2768 1490/7512/2765 503/2732/1112 1893/2730/1110
f 1492/7518/2769 2731/7517/2768 1893/2730/1110 502/2728/1108
usemtl blinn16SG
f 873/7519/2770 1493/7520/2771 2732/7521/2772 1494/7522/2773
f 1493/7520/2771 872/7513/2766 1492/7516/2769 2732/7521/2772
usemtl lambert5SG
f 2732/7523/2772 1492/7518/2769 502/2728/1108 1891/2726/1106
f 1494/7524/2773 2732/7523/2772 1891/2726/1106 501/2724/1104
usemtl blinn16SG
f 874/7525/2774 1495/7526/2775 2733/7527/2776 1496/7528/2777
f 1495/7526/2775 873/7529/2770 1494/7530/2773 2733/7527/2776
usemtl lambert5SG
f 2733/7531/2776 1494/7524/2773 501/2724/1104 1889/2722/1102
f 1496/7532/2777 2733/7531/2776 1889/2722/1102 500/2720/1100
usemtl blinn16SG
f 875/7533/2778 1497/7534/2779 2734/7535/2780 1498/7536/2781
f 1497/7534/2779 874/7525/2774 1496/7528/2777 2734/7535/2780
usemtl lambert5SG
f 2734/7537/2780 1496/7532/2777 500/2720/1100 1887/2718/1098
f 1498/7538/2781 2734/7537/2780 1887/2718/1098 499/2716/1096
usemtl blinn16SG
f 876/7539/2782 1499/7540/2783 2735/7541/2784 1500/7542/2785
f 1499/7540/2783 875/7533/2778 1498/7536/2781 2735/7541/2784
usemtl lambert5SG
f 2735/7543/2784 1498/7538/2781 499/2716/1096 1885/2714/1094
f 1500/7544/2785 2735/7543/2784 1885/2714/1094 498/2712/1092
usemtl blinn16SG
f 877/7545/2786 1501/7546/2787 2736/7547/2788 1502/7548/2789
f 1501/7546/2787 876/7539/2782 1500/7542/2785 2736/7547/2788
usemtl lambert5SG
f 2736/7549/2788 1500/7544/2785 498/2712/1092 1883/2710/1090
f 1502/7550/2789 2736/7549/2788 1883/2710/1090 497/2708/1088
usemtl blinn16SG
f 878/7551/2790 1503/7552/2791 2737/7553/2792 1504/7554/2793
f 1503/7552/2791 877/7545/2786 1502/7548/2789 2737/7553/2792
usemtl lambert5SG
f 2737/7555/2792 1502/7550/2789 497/2708/1088 1881/2706/1086
f 1504/7556/2793 2737/7555/2792 1881/2706/1086 496/2704/1084
usemtl blinn16SG
f 879/7557/2794 1505/7558/2795 2738/7559/2796 1506/7560/2797
f 1505/7558/2795 878/7561/2790 1504/7562/2793 2738/7559/2796
usemtl lambert5SG
f 2738/7563/2796 1504/7556/2793 496/2704/1084 1879/2702/1082
f 1506/7564/2797 2738/7563/2796 1879/2702/1082 495/2700/1080
usemtl blinn16SG
f 880/7565/2798 1507/7566/2799 2739/7567/2800 1508/7568/2801
f 1507/7566/2799 879/7557/2794 1506/7560/2797 2739/7567/2800
usemtl lambert5SG
f 2739/7569/2800 1506/7564/2797 495/2700/1080 1877/2698/1078
f 1508/7570/2801 2739/7569/2800 1877/2698/1078 494/2696/1076
usemtl blinn16SG
f 881/7571/2802 1509/7572/2803 2740/7573/2804 1510/7574/2805
f 1509/7572/2803 880/7565/2798 1508/7568/2801 2740/7573/2804
usemtl lambert5SG
f 2740/7575/2804 1508/7570/2801 494/2696/1076 1875/2694/1074
f 1510/7576/2805 2740/7575/2804 1875/2694/1074 492/2691/1071
usemtl blinn16SG
f 852/7396/2692 1511/7577/2806 2741/7578/2807 1453/7397/2693
f 1511/7577/2806 881/7571/2802 1510/7574/2805 2741/7578/2807
usemtl lambert5SG
f 2741/7579/2807 1510/7576/2805 492/2691/1071 1872/2688/1068
f 1453/7399/2693 2741/7579/2807 1872/2688/1068 491/2687/1067
usemtl blinn16SG
f 883/4681/2085 1149/4680/2084 2742/7580/2808 1513/7581/2809
f 1149/4680/2084 882/4677/2081 1512/7582/2810 2742/7580/2808
f 2742/7580/2808 1512/7582/2810 881/7571/2802 1511/7577/2806
f 1513/7581/2809 2742/7580/2808 1511/7577/2806 852/7396/2692
f 884/4685/2089 1151/4684/2088 2743/7583/2811 1514/7584/2812
f 1151/4684/2088 883/4681/2085 1513/7581/2809 2743/7583/2811
f 2743/7583/2811 1513/7581/2809 852/7396/2692 1452/7393/2689
f 1514/7584/2812 2743/7583/2811 1452/7393/2689 853/7392/2688
f 885/4689/2093 1153/4688/2092 2744/7585/2813 1515/7586/2814
f 1153/4688/2092 884/4685/2089 1514/7584/2812 2744/7585/2813
f 2744/7585/2813 1514/7584/2812 853/7392/2688 1455/7402/2695
f 1515/7586/2814 2744/7585/2813 1455/7402/2695 854/7401/2694
f 886/4693/2097 1155/4692/2096 2745/7587/2815 1516/7588/2816
f 1155/4692/2096 885/4689/2093 1515/7586/2814 2745/7587/2815
f 2745/7587/2815 1515/7586/2814 854/7401/2694 1457/7408/2699
f 1516/7588/2816 2745/7587/2815 1457/7408/2699 855/7407/2698
f 887/4697/2101 1157/4696/2100 2746/7589/2817 1517/7590/2818
f 1157/4696/2100 886/4693/2097 1516/7588/2816 2746/7589/2817
f 2746/7589/2817 1516/7588/2816 855/7407/2698 1459/7414/2703
f 1517/7590/2818 2746/7589/2817 1459/7414/2703 856/7413/2702
f 888/4701/2105 1159/4700/2104 2747/7591/2819 1518/7592/2820
f 1159/4700/2104 887/4697/2101 1517/7590/2818 2747/7591/2819
f 2747/7591/2819 1517/7590/2818 856/7413/2702 1461/7420/2707
f 1518/7592/2820 2747/7591/2819 1461/7420/2707 857/7419/2706
f 889/4705/2109 1161/4704/2108 2748/7593/2821 1519/7594/2822
f 1161/4704/2108 888/4701/2105 1518/7592/2820 2748/7593/2821
f 2748/7593/2821 1518/7592/2820 857/7419/2706 1463/7426/2711
f 1519/7594/2822 2748/7593/2821 1463/7426/2711 858/7425/2710
f 890/4711/2113 1163/4710/2112 2749/7595/2823 1520/7596/2824
f 1163/4710/2112 889/4709/2109 1519/7597/2822 2749/7595/2823
f 2749/7595/2823 1519/7597/2822 858/7435/2710 1465/7432/2715
f 1520/7596/2824 2749/7595/2823 1465/7432/2715 859/7431/2714
f 891/4715/2117 1165/4714/2116 2750/7598/2825 1521/7599/2826
f 1165/4714/2116 890/4711/2113 1520/7596/2824 2750/7598/2825
f 2750/7598/2825 1520/7596/2824 859/7431/2714 1467/7440/2719
f 1521/7599/2826 2750/7598/2825 1467/7440/2719 860/7439/2718
f 892/4719/2121 1167/4718/2120 2751/7600/2827 1522/7601/2828
f 1167/4718/2120 891/4715/2117 1521/7599/2826 2751/7600/2827
f 2751/7600/2827 1521/7599/2826 860/7439/2718 1469/7446/2723
f 1522/7601/2828 2751/7600/2827 1469/7446/2723 861/7445/2722
f 893/4723/2125 1169/4722/2124 2752/7602/2829 1523/7603/2830
f 1169/4722/2124 892/4719/2121 1522/7601/2828 2752/7602/2829
f 2752/7602/2829 1522/7601/2828 861/7445/2722 1471/7452/2727
f 1523/7603/2830 2752/7602/2829 1471/7452/2727 862/7451/2726
f 894/4727/2129 1171/4726/2128 2753/7604/2831 1524/7605/2832
f 1171/4726/2128 893/4723/2125 1523/7603/2830 2753/7604/2831
f 2753/7604/2831 1523/7603/2830 862/7451/2726 1473/7458/2731
f 1524/7605/2832 2753/7604/2831 1473/7458/2731 863/7457/2730
f 895/4733/2133 1173/4732/2132 2754/7606/2833 1525/7607/2834
f 1173/4732/2132 894/4731/2129 1524/7608/2832 2754/7606/2833
f 2754/7606/2833 1524/7608/2832 863/7467/2730 1475/7464/2735
f 1525/7607/2834 2754/7606/2833 1475/7464/2735 864/7463/2734
f 896/4737/2137 1175/4736/2136 2755/7609/2835 1526/7610/2836
f 1175/4736/2136 895/4733/2133 1525/7607/2834 2755/7609/2835
f 2755/7609/2835 1525/7607/2834 864/7463/2734 1477/7472/2739
f 1526/7610/2836 2755/7609/2835 1477/7472/2739 865/7471/2738
f 897/4741/2141 1177/4740/2140 2756/7611/2837 1527/7612/2838
f 1177/4740/2140 896/4737/2137 1526/7610/2836 2756/7611/2837
f 2756/7611/2837 1526/7610/2836 865/7471/2738 1479/7478/2743
f 1527/7612/2838 2756/7611/2837 1479/7478/2743 866/7477/2742
f 898/4745/2145 1179/4744/2144 2757/7613/2839 1528/7614/2840
f 1179/4744/2144 897/4741/2141 1527/7612/2838 2757/7613/2839
f 2757/7613/2839 1527/7612/2838 866/7477/2742 1481/7484/2747
f 1528/7614/2840 2757/7613/2839 1481/7484/2747 867/7483/2746
f 899/4623/2031 1181/4747/2147 2758/7615/2841 1529/7616/2842
f 1181/4747/2147 898/4745/2145 1528/7614/2840 2758/7615/2841
f 2758/7615/2841 1528/7614/2840 867/7483/2746 1483/7490/2751
f 1529/7616/2842 2758/7615/2841 1483/7490/2751 868/7489/2750
f 900/4625/2033 1123/4624/2032 2759/7617/2843 1530/7618/2844
f 1123/4624/2032 899/4623/2031 1529/7616/2842 2759/7617/2843
f 2759/7617/2843 1529/7616/2842 868/7489/2750 1485/7496/2755
f 1530/7618/2844 2759/7617/2843 1485/7496/2755 869/7495/2754
f 901/4629/2037 1125/4628/2036 2760/7619/2845 1531/7620/2846
f 1125/4628/2036 900/4625/2033 1530/7618/2844 2760/7619/2845
f 2760/7619/2845 1530/7618/2844 869/7495/2754 1487/7502/2759
f 1531/7620/2846 2760/7619/2845 1487/7502/2759 870/7501/2758
f 902/4633/2041 1127/4632/2040 2761/7621/2847 1532/7622/2848
f 1127/4632/2040 901/4629/2037 1531/7620/2846 2761/7621/2847
f 2761/7621/2847 1531/7620/2846 870/7501/2758 1489/7508/2763
f 1532/7622/2848 2761/7621/2847 1489/7508/2763 871/7507/2762
f 903/4637/2045 1129/4636/2044 2762/7623/2849 1533/7624/2850
f 1129/4636/2044 902/4633/2041 1532/7622/2848 2762/7623/2849
f 2762/7623/2849 1532/7622/2848 871/7507/2762 1491/7514/2767
f 1533/7624/2850 2762/7623/2849 1491/7514/2767 872/7513/2766
f 904/4641/2049 1131/4640/2048 2763/7625/2851 1534/7626/2852
f 1131/4640/2048 903/4637/2045 1533/7624/2850 2763/7625/2851
f 2763/7625/2851 1533/7624/2850 872/7513/2766 1493/7520/2771
f 1534/7626/2852 2763/7625/2851 1493/7520/2771 873/7519/2770
f 905/4647/2053 1133/4646/2052 2764/7627/2853 1535/7628/2854
f 1133/4646/2052 904/4645/2049 1534/7629/2852 2764/7627/2853
f 2764/7627/2853 1534/7629/2852 873/7529/2770 1495/7526/2775
f 1535/7628/2854 2764/7627/2853 1495/7526/2775 874/7525/2774
f 906/4651/2057 1135/4650/2056 2765/7630/2855 1536/7631/2856
f 1135/4650/2056 905/4647/2053 1535/7628/2854 2765/7630/2855
f 2765/7630/2855 1535/7628/2854 874/7525/2774 1497/7534/2779
f 1536/7631/2856 2765/7630/2855 1497/7534/2779 875/7533/2778
f 907/4655/2061 1137/4654/2060 2766/7632/2857 1537/7633/2858
f 1137/4654/2060 906/4651/2057 1536/7631/2856 2766/7632/2857
f 2766/7632/2857 1536/7631/2856 875/7533/2778 1499/7540/2783
f 1537/7633/2858 2766/7632/2857 1499/7540/2783 876/7539/2782
f 908/4659/2065 1139/4658/2064 2767/7634/2859 1538/7635/2860
f 1139/4658/2064 907/4655/2061 1537/7633/2858 2767/7634/2859
f 2767/7634/2859 1537/7633/2858 876/7539/2782 1501/7546/2787
f 1538/7635/2860 2767/7634/2859 1501/7546/2787 877/7545/2786
f 909/4663/2069 1141/4662/2068 2768/7636/2861 1539/7637/2862
f 1141/4662/2068 908/4659/2065 1538/7635/2860 2768/7636/2861
f 2768/7636/2861 1538/7635/2860 877/7545/2786 1503/7552/2791
f 1539/7637/2862 2768/7636/2861 1503/7552/2791 878/7551/2790
f 910/4669/2073 1143/4668/2072 2769/7638/2863 1540/7639/2864
f 1143/4668/2072 909/4667/2069 1539/7640/2862 2769/7638/2863
f 2769/7638/2863 1539/7640/2862 878/7561/2790 1505/7558/2795
f 1540/7639/2864 2769/7638/2863 1505/7558/2795 879/7557/2794
f 911/4673/2077 1145/4672/2076 2770/7641/2865 1541/7642/2866
f 1145/4672/2076 910/4669/2073 1540/7639/2864 2770/7641/2865
f 2770/7641/2865 1540/7639/2864 879/7557/2794 1507/7566/2799
f 1541/7642/2866 2770/7641/2865 1507/7566/2799 880/7565/2798
f 882/4677/2081 1147/4676/2080 2771/7643/2867 1512/7582/2810
f 1147/4676/2080 911/4673/2077 1541/7642/2866 2771/7643/2867
f 2771/7643/2867 1541/7642/2866 880/7565/2798 1509/7572/2803
f 1512/7582/2810 2771/7643/2867 1509/7572/2803 881/7571/2802
